Workbook

Sheet Keterangan 
A1: No | B1: Provinsi
A2: 1 | B2: Provinsi Aceh
A3: 2 | B3: Provinsi Sumatra Utara
A4: 3 | B4: Provinsi Sumatra Barat
A5: 4 | B5: Provinsi Riau
A6: 5 | B6: Provinsi Jambi
A7: 6 | B7: Provinsi Sumatra Selatan
A8: 7 | B8: Provinsi Bengkulu
A9: 8 | B9: Provinsi Lampung
A10: 9 | B10: Provinsi Bangka Belitung
A11: 10 | B11: Provinsi Kepulauan Riau
A12: 11 | B12: Provinsi DKI Jakarta
A13: 12 | B13: Provinsi Jawa Barat
... A35: 34 | B35: Provinsi Papua

Sheet Flow
A1: =INT((ROW()-ROW($A$1))/34)+1 -> 1 | B1: 1 | C1: 3962012
A2: =INT((ROW()-ROW($A$1))/34)+1 -> 1 | B2: 2 | C2: 1693796
A3: =INT((ROW()-ROW($A$1))/34)+1 -> 1 | B3: 3 | C3: 246054
A4: =INT((ROW()-ROW($A$1))/34)+1 -> 1 | B4: 4 | C4: 260831
A5: =INT((ROW()-ROW($A$1))/34)+1 -> 1 | B5: 5 | C5: 107798
A6: =INT((ROW()-ROW($A$1))/34)+1 -> 1 | B6: 6 | C6: 210372
A7: =INT((ROW()-ROW($A$1))/34)+1 -> 1 | B7: 7 | C7: 61611
A8: =INT((ROW()-ROW($A$1))/34)+1 -> 1 | B8: 8 | C8: 161730
A9: =INT((ROW()-ROW($A$1))/34)+1 -> 1 | B9: 9 | C9: 32890
A10: =INT((ROW()-ROW($A$1))/34)+1 -> 1 | B10: 10 | C10: 67187
A11: =INT((ROW()-ROW($A$1))/34)+1 -> 1 | B11: 11 | C11: 126557
A12: =INT((ROW()-ROW($A$1))/34)+1 -> 1 | B12: 12 | C12: 659575
... A1156: =INT((ROW()-ROW($A$1))/34)+1 -> 34 | B1156: 34 | C1156: 73289.484

Sheet ALokasi Pelabuhan 
A1: No | B1: Provinsi | C1: Kode Pelabuhan
A2: 1 | B2: Aceh | C2: P1
A3: 2 | B3: Bali | C3: P10
A4: 3 | B4: Banten | C4: P8
A5: 4 | B5: Bengkulu | C5: P4
A6: 5 | B6: Gorontalo | C6: P19
A7: 6 | B7: Jakarta | C7: P8
A8: 7 | B8: Jambi | C8: P5
A9: 8 | B9: Jawa Barat | C9: P8
A10: 9 | B10: Jawa Tengah | C10: P9
A11: 10 | B11: Jawa Timur | C11: P10
A12: 11 | B12: Kalimantan Barat | C12: P11
A13: 12 | B13: Kalimantan Selatan | C13: P13
... A35: 34 | B35: Yogyakarta | C35: P9

Sheet Flow2 
A1: Asal | B1: Tujuan | C1: kuantitas (tones) | D1: Pelabuhan Asal | E1: Pelabuhan Tujuan
A2: =INT((ROW()-ROW($A$2))/34)+1 -> 1 | B2: 1 | C2: 3962012 | D2: =VLOOKUP('Flow2 '!A2,'ALokasi Pelabuhan '!$A:$C,3,TRUE) -> P1 | E2: =VLOOKUP('Flow2 '!B2,'ALokasi Pelabuhan '!$A:$C,3,TRUE) -> P1
A3: =INT((ROW()-ROW($A$2))/34)+1 -> 1 | B3: 2 | C3: 1693796 | D3: =VLOOKUP('Flow2 '!A3,'ALokasi Pelabuhan '!$A:$C,3,TRUE) -> P1 | E3: =VLOOKUP('Flow2 '!B3,'ALokasi Pelabuhan '!$A:$C,3,TRUE) -> P10
A4: =INT((ROW()-ROW($A$2))/34)+1 -> 1 | B4: 3 | C4: 246054 | D4: =VLOOKUP('Flow2 '!A4,'ALokasi Pelabuhan '!$A:$C,3,TRUE) -> P1 | E4: =VLOOKUP('Flow2 '!B4,'ALokasi Pelabuhan '!$A:$C,3,TRUE) -> P8
A5: =INT((ROW()-ROW($A$2))/34)+1 -> 1 | B5: 4 | C5: 260831 | D5: =VLOOKUP('Flow2 '!A5,'ALokasi Pelabuhan '!$A:$C,3,TRUE) -> P1 | E5: =VLOOKUP('Flow2 '!B5,'ALokasi Pelabuhan '!$A:$C,3,TRUE) -> P4
A6: =INT((ROW()-ROW($A$2))/34)+1 -> 1 | B6: 5 | C6: 107798 | D6: =VLOOKUP('Flow2 '!A6,'ALokasi Pelabuhan '!$A:$C,3,TRUE) -> P1 | E6: =VLOOKUP('Flow2 '!B6,'ALokasi Pelabuhan '!$A:$C,3,TRUE) -> P19
A7: =INT((ROW()-ROW($A$2))/34)+1 -> 1 | B7: 6 | C7: 210372 | D7: =VLOOKUP('Flow2 '!A7,'ALokasi Pelabuhan '!$A:$C,3,TRUE) -> P1 | E7: =VLOOKUP('Flow2 '!B7,'ALokasi Pelabuhan '!$A:$C,3,TRUE) -> P8
A8: =INT((ROW()-ROW($A$2))/34)+1 -> 1 | B8: 7 | C8: 61611 | D8: =VLOOKUP('Flow2 '!A8,'ALokasi Pelabuhan '!$A:$C,3,TRUE) -> P1 | E8: =VLOOKUP('Flow2 '!B8,'ALokasi Pelabuhan '!$A:$C,3,TRUE) -> P5
A9: =INT((ROW()-ROW($A$2))/34)+1 -> 1 | B9: 8 | C9: 161730 | D9: =VLOOKUP('Flow2 '!A9,'ALokasi Pelabuhan '!$A:$C,3,TRUE) -> P1 | E9: =VLOOKUP('Flow2 '!B9,'ALokasi Pelabuhan '!$A:$C,3,TRUE) -> P8
A10: =INT((ROW()-ROW($A$2))/34)+1 -> 1 | B10: 9 | C10: 32890 | D10: =VLOOKUP('Flow2 '!A10,'ALokasi Pelabuhan '!$A:$C,3,TRUE) -> P1 | E10: =VLOOKUP('Flow2 '!B10,'ALokasi Pelabuhan '!$A:$C,3,TRUE) -> P9
A11: =INT((ROW()-ROW($A$2))/34)+1 -> 1 | B11: 10 | C11: 67187 | D11: =VLOOKUP('Flow2 '!A11,'ALokasi Pelabuhan '!$A:$C,3,TRUE) -> P1 | E11: =VLOOKUP('Flow2 '!B11,'ALokasi Pelabuhan '!$A:$C,3,TRUE) -> P10
A12: =INT((ROW()-ROW($A$2))/34)+1 -> 1 | B12: 11 | C12: 126557 | D12: =VLOOKUP('Flow2 '!A12,'ALokasi Pelabuhan '!$A:$C,3,TRUE) -> P1 | E12: =VLOOKUP('Flow2 '!B12,'ALokasi Pelabuhan '!$A:$C,3,TRUE) -> P11
A13: =INT((ROW()-ROW($A$2))/34)+1 -> 1 | B13: 12 | C13: 659575 | D13: =VLOOKUP('Flow2 '!A13,'ALokasi Pelabuhan '!$A:$C,3,TRUE) -> P1 | E13: =VLOOKUP('Flow2 '!B13,'ALokasi Pelabuhan '!$A:$C,3,TRUE) -> P13
... A1157: =INT((ROW()-ROW($A$2))/34)+1 -> 34 | B1157: 34 | C1157: 73289.484 | D1157: =VLOOKUP('Flow2 '!A1157,'ALokasi Pelabuhan '!$A:$C,3,TRUE) -> P9 | E1157: =VLOOKUP('Flow2 '!B1157,'ALokasi Pelabuhan '!$A:$C,3,TRUE) -> P9

Sheet Flow3
A1: Pelabuhan A | B1: Pelabuhan T | C1: Flow (Tones) | D1: Flow Teus
A2: P1 | B2: P1 | C2: =SUMIFS('Flow2 '!$C:$C,'Flow2 '!$D:$D,Flow3!A2,'Flow2 '!E:E,Flow3!B2) -> 3962012 | D2: =C2/25 -> 158480.48
A3: P1 | B3: P2 | C3: =SUMIFS('Flow2 '!$C:$C,'Flow2 '!$D:$D,Flow3!A3,'Flow2 '!E:E,Flow3!B3) -> 36519.997 | D3: =C3/25 -> 1460.7999
A4: P1 | B4: P3 | C4: =SUMIFS('Flow2 '!$C:$C,'Flow2 '!$D:$D,Flow3!A4,'Flow2 '!E:E,Flow3!B4) -> 46610 | D4: =C4/25 -> 1864.4
A5: P1 | B5: P4 | C5: =SUMIFS('Flow2 '!$C:$C,'Flow2 '!$D:$D,Flow3!A5,'Flow2 '!E:E,Flow3!B5) -> 288392 | D5: =C5/25 -> 11535.68
A6: P1 | B6: P5 | C6: =SUMIFS('Flow2 '!$C:$C,'Flow2 '!$D:$D,Flow3!A6,'Flow2 '!E:E,Flow3!B6) -> 61611 | D6: =C6/25 -> 2464.44
A7: P1 | B7: P6 | C7: =SUMIFS('Flow2 '!$C:$C,'Flow2 '!$D:$D,Flow3!A7,'Flow2 '!E:E,Flow3!B7) -> 198800 | D7: =C7/25 -> 7952
A8: P1 | B8: P7 | C8: =SUMIFS('Flow2 '!$C:$C,'Flow2 '!$D:$D,Flow3!A8,'Flow2 '!E:E,Flow3!B8) -> 59567 | D8: =C8/25 -> 2382.68
A9: P1 | B9: P8 | C9: =SUMIFS('Flow2 '!$C:$C,'Flow2 '!$D:$D,Flow3!A9,'Flow2 '!E:E,Flow3!B9) -> 618156 | D9: =C9/25 -> 24726.24
A10: P1 | B10: P9 | C10: =SUMIFS('Flow2 '!$C:$C,'Flow2 '!$D:$D,Flow3!A10,'Flow2 '!E:E,Flow3!B10) -> 56665.003 | D10: =C10/25 -> 2266.6001
A11: P1 | B11: P10 | C11: =SUMIFS('Flow2 '!$C:$C,'Flow2 '!$D:$D,Flow3!A11,'Flow2 '!E:E,Flow3!B11) -> 1760983 | D11: =C11/25 -> 70439.32
A12: P1 | B12: P11 | C12: =SUMIFS('Flow2 '!$C:$C,'Flow2 '!$D:$D,Flow3!A12,'Flow2 '!E:E,Flow3!B12) -> 126557 | D12: =C12/25 -> 5062.28
A13: P1 | B13: P12 | C13: =SUMIFS('Flow2 '!$C:$C,'Flow2 '!$D:$D,Flow3!A13,'Flow2 '!E:E,Flow3!B13) -> 441673 | D13: =C13/25 -> 17666.92
... A577: P24 | B577: P24 | C577: =SUMIFS('Flow2 '!$C:$C,'Flow2 '!$D:$D,Flow3!A577,'Flow2 '!E:E,Flow3!B577) -> 1041097 | D577: =C577/25 -> 41643.88

Sheet FlowPelabuhan(Teu)
A1: Kode Pelabuhan | B1: P1 | C1: P2 | D1: P3 | E1: P4 | F1: P5 | G1: P6 | H1: P7 | I1: P8 | J1: P9 | K1: P10 | L1: P11 | M1: P12 | N1: P13 | O1: P14 | P1: P15 | Q1: P16 | R1: P17 | S1: P18 | T1: P19 | U1: P20 | V1: P21 | W1: P22 | X1: P23 | Y1: P24
A2: P1 | B2: {=IF($A2=B$1,0,_xlfn.XLOOKUP($A2&B$1,Flow3!$A:$A&Flow3!$B:$B,Flow3!$D:$D))} -> 0 | C2: {=IF($A2=C$1,0,_xlfn.XLOOKUP($A2&C$1,Flow3!$A:$A&Flow3!$B:$B,Flow3!$D:$D))} -> 1460.7999 | D2: {=IF($A2=D$1,0,_xlfn.XLOOKUP($A2&D$1,Flow3!$A:$A&Flow3!$B:$B,Flow3!$D:$D))} -> 1864.4 | E2: {=IF($A2=E$1,0,_xlfn.XLOOKUP($A2&E$1,Flow3!$A:$A&Flow3!$B:$B,Flow3!$D:$D))} -> 11535.68 | F2: {=IF($A2=F$1,0,_xlfn.XLOOKUP($A2&F$1,Flow3!$A:$A&Flow3!$B:$B,Flow3!$D:$D))} -> 2464.44 | G2: {=IF($A2=G$1,0,_xlfn.XLOOKUP($A2&G$1,Flow3!$A:$A&Flow3!$B:$B,Flow3!$D:$D))} -> 7952 | H2: {=IF($A2=H$1,0,_xlfn.XLOOKUP($A2&H$1,Flow3!$A:$A&Flow3!$B:$B,Flow3!$D:$D))} -> 2382.68 | I2: {=IF($A2=I$1,0,_xlfn.XLOOKUP($A2&I$1,Flow3!$A:$A&Flow3!$B:$B,Flow3!$D:$D))} -> 24726.24 | ... Y2: {=IF($A2=Y$1,0,_xlfn.XLOOKUP($A2&Y$1,Flow3!$A:$A&Flow3!$B:$B,Flow3!$D:$D))} -> 1858.96
A3: P2 | B3: {=IF($A3=B$1,0,_xlfn.XLOOKUP($A3&B$1,Flow3!$A:$A&Flow3!$B:$B,Flow3!$D:$D))} -> 1517.8664 | C3: {=IF($A3=C$1,0,_xlfn.XLOOKUP($A3&C$1,Flow3!$A:$A&Flow3!$B:$B,Flow3!$D:$D))} -> 0 | D3: {=IF($A3=D$1,0,_xlfn.XLOOKUP($A3&D$1,Flow3!$A:$A&Flow3!$B:$B,Flow3!$D:$D))} -> 1940.4609 | E3: {=IF($A3=E$1,0,_xlfn.XLOOKUP($A3&E$1,Flow3!$A:$A&Flow3!$B:$B,Flow3!$D:$D))} -> 4244.0913 | F3: {=IF($A3=F$1,0,_xlfn.XLOOKUP($A3&F$1,Flow3!$A:$A&Flow3!$B:$B,Flow3!$D:$D))} -> 547.43772 | G3: {=IF($A3=G$1,0,_xlfn.XLOOKUP($A3&G$1,Flow3!$A:$A&Flow3!$B:$B,Flow3!$D:$D))} -> 6251.7372 | H3: {=IF($A3=H$1,0,_xlfn.XLOOKUP($A3&H$1,Flow3!$A:$A&Flow3!$B:$B,Flow3!$D:$D))} -> 2635.7303 | I3: {=IF($A3=I$1,0,_xlfn.XLOOKUP($A3&I$1,Flow3!$A:$A&Flow3!$B:$B,Flow3!$D:$D))} -> 6039.8198 | ... Y3: {=IF($A3=Y$1,0,_xlfn.XLOOKUP($A3&Y$1,Flow3!$A:$A&Flow3!$B:$B,Flow3!$D:$D))} -> 2702.2422
A4: P3 | B4: {=IF($A4=B$1,0,_xlfn.XLOOKUP($A4&B$1,Flow3!$A:$A&Flow3!$B:$B,Flow3!$D:$D))} -> 881.92 | C4: {=IF($A4=C$1,0,_xlfn.XLOOKUP($A4&C$1,Flow3!$A:$A&Flow3!$B:$B,Flow3!$D:$D))} -> 768.89431 | D4: {=IF($A4=D$1,0,_xlfn.XLOOKUP($A4&D$1,Flow3!$A:$A&Flow3!$B:$B,Flow3!$D:$D))} -> 0 | E4: {=IF($A4=E$1,0,_xlfn.XLOOKUP($A4&E$1,Flow3!$A:$A&Flow3!$B:$B,Flow3!$D:$D))} -> 2095.4 | F4: {=IF($A4=F$1,0,_xlfn.XLOOKUP($A4&F$1,Flow3!$A:$A&Flow3!$B:$B,Flow3!$D:$D))} -> 575.8 | G4: {=IF($A4=G$1,0,_xlfn.XLOOKUP($A4&G$1,Flow3!$A:$A&Flow3!$B:$B,Flow3!$D:$D))} -> 4265.72 | H4: {=IF($A4=H$1,0,_xlfn.XLOOKUP($A4&H$1,Flow3!$A:$A&Flow3!$B:$B,Flow3!$D:$D))} -> 10479.28 | I4: {=IF($A4=I$1,0,_xlfn.XLOOKUP($A4&I$1,Flow3!$A:$A&Flow3!$B:$B,Flow3!$D:$D))} -> 5041.36 | ... Y4: {=IF($A4=Y$1,0,_xlfn.XLOOKUP($A4&Y$1,Flow3!$A:$A&Flow3!$B:$B,Flow3!$D:$D))} -> 1238.6
A5: P4 | B5: {=IF($A5=B$1,0,_xlfn.XLOOKUP($A5&B$1,Flow3!$A:$A&Flow3!$B:$B,Flow3!$D:$D))} -> 2877.88 | C5: {=IF($A5=C$1,0,_xlfn.XLOOKUP($A5&C$1,Flow3!$A:$A&Flow3!$B:$B,Flow3!$D:$D))} -> 2837.3497 | D5: {=IF($A5=D$1,0,_xlfn.XLOOKUP($A5&D$1,Flow3!$A:$A&Flow3!$B:$B,Flow3!$D:$D))} -> 2340.64 | E5: {=IF($A5=E$1,0,_xlfn.XLOOKUP($A5&E$1,Flow3!$A:$A&Flow3!$B:$B,Flow3!$D:$D))} -> 0 | F5: {=IF($A5=F$1,0,_xlfn.XLOOKUP($A5&F$1,Flow3!$A:$A&Flow3!$B:$B,Flow3!$D:$D))} -> 1346.84 | G5: {=IF($A5=G$1,0,_xlfn.XLOOKUP($A5&G$1,Flow3!$A:$A&Flow3!$B:$B,Flow3!$D:$D))} -> 7897.68 | H5: {=IF($A5=H$1,0,_xlfn.XLOOKUP($A5&H$1,Flow3!$A:$A&Flow3!$B:$B,Flow3!$D:$D))} -> 3023.8 | I5: {=IF($A5=I$1,0,_xlfn.XLOOKUP($A5&I$1,Flow3!$A:$A&Flow3!$B:$B,Flow3!$D:$D))} -> 15699.2 | ... Y5: {=IF($A5=Y$1,0,_xlfn.XLOOKUP($A5&Y$1,Flow3!$A:$A&Flow3!$B:$B,Flow3!$D:$D))} -> 1956.36
A6: P5 | B6: {=IF($A6=B$1,0,_xlfn.XLOOKUP($A6&B$1,Flow3!$A:$A&Flow3!$B:$B,Flow3!$D:$D))} -> 1916.56 | C6: {=IF($A6=C$1,0,_xlfn.XLOOKUP($A6&C$1,Flow3!$A:$A&Flow3!$B:$B,Flow3!$D:$D))} -> 453.68133 | D6: {=IF($A6=D$1,0,_xlfn.XLOOKUP($A6&D$1,Flow3!$A:$A&Flow3!$B:$B,Flow3!$D:$D))} -> 821.08 | E6: {=IF($A6=E$1,0,_xlfn.XLOOKUP($A6&E$1,Flow3!$A:$A&Flow3!$B:$B,Flow3!$D:$D))} -> 3869.6 | F6: {=IF($A6=F$1,0,_xlfn.XLOOKUP($A6&F$1,Flow3!$A:$A&Flow3!$B:$B,Flow3!$D:$D))} -> 0 | G6: {=IF($A6=G$1,0,_xlfn.XLOOKUP($A6&G$1,Flow3!$A:$A&Flow3!$B:$B,Flow3!$D:$D))} -> 5400.56 | H6: {=IF($A6=H$1,0,_xlfn.XLOOKUP($A6&H$1,Flow3!$A:$A&Flow3!$B:$B,Flow3!$D:$D))} -> 977.52 | I6: {=IF($A6=I$1,0,_xlfn.XLOOKUP($A6&I$1,Flow3!$A:$A&Flow3!$B:$B,Flow3!$D:$D))} -> 20364.36 | ... Y6: {=IF($A6=Y$1,0,_xlfn.XLOOKUP($A6&Y$1,Flow3!$A:$A&Flow3!$B:$B,Flow3!$D:$D))} -> 987.12
A7: P6 | B7: {=IF($A7=B$1,0,_xlfn.XLOOKUP($A7&B$1,Flow3!$A:$A&Flow3!$B:$B,Flow3!$D:$D))} -> 2334.6 | C7: {=IF($A7=C$1,0,_xlfn.XLOOKUP($A7&C$1,Flow3!$A:$A&Flow3!$B:$B,Flow3!$D:$D))} -> 2285.3656 | D7: {=IF($A7=D$1,0,_xlfn.XLOOKUP($A7&D$1,Flow3!$A:$A&Flow3!$B:$B,Flow3!$D:$D))} -> 2193.32 | E7: {=IF($A7=E$1,0,_xlfn.XLOOKUP($A7&E$1,Flow3!$A:$A&Flow3!$B:$B,Flow3!$D:$D))} -> 10240.56 | F7: {=IF($A7=F$1,0,_xlfn.XLOOKUP($A7&F$1,Flow3!$A:$A&Flow3!$B:$B,Flow3!$D:$D))} -> 2693.56 | G7: {=IF($A7=G$1,0,_xlfn.XLOOKUP($A7&G$1,Flow3!$A:$A&Flow3!$B:$B,Flow3!$D:$D))} -> 0 | H7: {=IF($A7=H$1,0,_xlfn.XLOOKUP($A7&H$1,Flow3!$A:$A&Flow3!$B:$B,Flow3!$D:$D))} -> 2535.32 | I7: {=IF($A7=I$1,0,_xlfn.XLOOKUP($A7&I$1,Flow3!$A:$A&Flow3!$B:$B,Flow3!$D:$D))} -> 33272.84 | ... Y7: {=IF($A7=Y$1,0,_xlfn.XLOOKUP($A7&Y$1,Flow3!$A:$A&Flow3!$B:$B,Flow3!$D:$D))} -> 1724.52
A8: P7 | B8: {=IF($A8=B$1,0,_xlfn.XLOOKUP($A8&B$1,Flow3!$A:$A&Flow3!$B:$B,Flow3!$D:$D))} -> 2873.96 | C8: {=IF($A8=C$1,0,_xlfn.XLOOKUP($A8&C$1,Flow3!$A:$A&Flow3!$B:$B,Flow3!$D:$D))} -> 3207.0858 | D8: {=IF($A8=D$1,0,_xlfn.XLOOKUP($A8&D$1,Flow3!$A:$A&Flow3!$B:$B,Flow3!$D:$D))} -> 22608.32 | E8: {=IF($A8=E$1,0,_xlfn.XLOOKUP($A8&E$1,Flow3!$A:$A&Flow3!$B:$B,Flow3!$D:$D))} -> 6602.08 | F8: {=IF($A8=F$1,0,_xlfn.XLOOKUP($A8&F$1,Flow3!$A:$A&Flow3!$B:$B,Flow3!$D:$D))} -> 1576.64 | G8: {=IF($A8=G$1,0,_xlfn.XLOOKUP($A8&G$1,Flow3!$A:$A&Flow3!$B:$B,Flow3!$D:$D))} -> 11335.92 | H8: {=IF($A8=H$1,0,_xlfn.XLOOKUP($A8&H$1,Flow3!$A:$A&Flow3!$B:$B,Flow3!$D:$D))} -> 0 | I8: {=IF($A8=I$1,0,_xlfn.XLOOKUP($A8&I$1,Flow3!$A:$A&Flow3!$B:$B,Flow3!$D:$D))} -> 14964.48 | ... Y8: {=IF($A8=Y$1,0,_xlfn.XLOOKUP($A8&Y$1,Flow3!$A:$A&Flow3!$B:$B,Flow3!$D:$D))} -> 4373.72
A9: P8 | B9: {=IF($A9=B$1,0,_xlfn.XLOOKUP($A9&B$1,Flow3!$A:$A&Flow3!$B:$B,Flow3!$D:$D))} -> 30724.48 | C9: {=IF($A9=C$1,0,_xlfn.XLOOKUP($A9&C$1,Flow3!$A:$A&Flow3!$B:$B,Flow3!$D:$D))} -> 6826.2577 | D9: {=IF($A9=D$1,0,_xlfn.XLOOKUP($A9&D$1,Flow3!$A:$A&Flow3!$B:$B,Flow3!$D:$D))} -> 12802.76 | E9: {=IF($A9=E$1,0,_xlfn.XLOOKUP($A9&E$1,Flow3!$A:$A&Flow3!$B:$B,Flow3!$D:$D))} -> 72304 | F9: {=IF($A9=F$1,0,_xlfn.XLOOKUP($A9&F$1,Flow3!$A:$A&Flow3!$B:$B,Flow3!$D:$D))} -> 34996.76 | G9: {=IF($A9=G$1,0,_xlfn.XLOOKUP($A9&G$1,Flow3!$A:$A&Flow3!$B:$B,Flow3!$D:$D))} -> 121568.92 | H9: {=IF($A9=H$1,0,_xlfn.XLOOKUP($A9&H$1,Flow3!$A:$A&Flow3!$B:$B,Flow3!$D:$D))} -> 16938.64 | I9: {=IF($A9=I$1,0,_xlfn.XLOOKUP($A9&I$1,Flow3!$A:$A&Flow3!$B:$B,Flow3!$D:$D))} -> 0 | ... Y9: {=IF($A9=Y$1,0,_xlfn.XLOOKUP($A9&Y$1,Flow3!$A:$A&Flow3!$B:$B,Flow3!$D:$D))} -> 9535.8
A10: P9 | B10: {=IF($A10=B$1,0,_xlfn.XLOOKUP($A10&B$1,Flow3!$A:$A&Flow3!$B:$B,Flow3!$D:$D))} -> 535.6936 | C10: {=IF($A10=C$1,0,_xlfn.XLOOKUP($A10&C$1,Flow3!$A:$A&Flow3!$B:$B,Flow3!$D:$D))} -> 1238.1165 | D10: {=IF($A10=D$1,0,_xlfn.XLOOKUP($A10&D$1,Flow3!$A:$A&Flow3!$B:$B,Flow3!$D:$D))} -> 540.29913 | E10: {=IF($A10=E$1,0,_xlfn.XLOOKUP($A10&E$1,Flow3!$A:$A&Flow3!$B:$B,Flow3!$D:$D))} -> 1578.1087 | F10: {=IF($A10=F$1,0,_xlfn.XLOOKUP($A10&F$1,Flow3!$A:$A&Flow3!$B:$B,Flow3!$D:$D))} -> 310.92228 | G10: {=IF($A10=G$1,0,_xlfn.XLOOKUP($A10&G$1,Flow3!$A:$A&Flow3!$B:$B,Flow3!$D:$D))} -> 2948.5428 | H10: {=IF($A10=H$1,0,_xlfn.XLOOKUP($A10&H$1,Flow3!$A:$A&Flow3!$B:$B,Flow3!$D:$D))} -> 663.2697 | I10: {=IF($A10=I$1,0,_xlfn.XLOOKUP($A10&I$1,Flow3!$A:$A&Flow3!$B:$B,Flow3!$D:$D))} -> 4287.9402 | ... Y10: {=IF($A10=Y$1,0,_xlfn.XLOOKUP($A10&Y$1,Flow3!$A:$A&Flow3!$B:$B,Flow3!$D:$D))} -> 438.7978
A11: P10 | B11: {=IF($A11=B$1,0,_xlfn.XLOOKUP($A11&B$1,Flow3!$A:$A&Flow3!$B:$B,Flow3!$D:$D))} -> 29981.56 | C11: {=IF($A11=C$1,0,_xlfn.XLOOKUP($A11&C$1,Flow3!$A:$A&Flow3!$B:$B,Flow3!$D:$D))} -> 2231.2206 | D11: {=IF($A11=D$1,0,_xlfn.XLOOKUP($A11&D$1,Flow3!$A:$A&Flow3!$B:$B,Flow3!$D:$D))} -> 3648.96 | E11: {=IF($A11=E$1,0,_xlfn.XLOOKUP($A11&E$1,Flow3!$A:$A&Flow3!$B:$B,Flow3!$D:$D))} -> 35048.12 | F11: {=IF($A11=F$1,0,_xlfn.XLOOKUP($A11&F$1,Flow3!$A:$A&Flow3!$B:$B,Flow3!$D:$D))} -> 4802.16 | G11: {=IF($A11=G$1,0,_xlfn.XLOOKUP($A11&G$1,Flow3!$A:$A&Flow3!$B:$B,Flow3!$D:$D))} -> 19692.68 | H11: {=IF($A11=H$1,0,_xlfn.XLOOKUP($A11&H$1,Flow3!$A:$A&Flow3!$B:$B,Flow3!$D:$D))} -> 4405.52 | I11: {=IF($A11=I$1,0,_xlfn.XLOOKUP($A11&I$1,Flow3!$A:$A&Flow3!$B:$B,Flow3!$D:$D))} -> 51923.64 | ... Y11: {=IF($A11=Y$1,0,_xlfn.XLOOKUP($A11&Y$1,Flow3!$A:$A&Flow3!$B:$B,Flow3!$D:$D))} -> 3892.52
A12: P11 | B12: {=IF($A12=B$1,0,_xlfn.XLOOKUP($A12&B$1,Flow3!$A:$A&Flow3!$B:$B,Flow3!$D:$D))} -> 88.84 | C12: {=IF($A12=C$1,0,_xlfn.XLOOKUP($A12&C$1,Flow3!$A:$A&Flow3!$B:$B,Flow3!$D:$D))} -> 28.283801 | D12: {=IF($A12=D$1,0,_xlfn.XLOOKUP($A12&D$1,Flow3!$A:$A&Flow3!$B:$B,Flow3!$D:$D))} -> 115.96 | E12: {=IF($A12=E$1,0,_xlfn.XLOOKUP($A12&E$1,Flow3!$A:$A&Flow3!$B:$B,Flow3!$D:$D))} -> 306.96 | F12: {=IF($A12=F$1,0,_xlfn.XLOOKUP($A12&F$1,Flow3!$A:$A&Flow3!$B:$B,Flow3!$D:$D))} -> 107.6 | G12: {=IF($A12=G$1,0,_xlfn.XLOOKUP($A12&G$1,Flow3!$A:$A&Flow3!$B:$B,Flow3!$D:$D))} -> 13524.96 | H12: {=IF($A12=H$1,0,_xlfn.XLOOKUP($A12&H$1,Flow3!$A:$A&Flow3!$B:$B,Flow3!$D:$D))} -> 71.56 | I12: {=IF($A12=I$1,0,_xlfn.XLOOKUP($A12&I$1,Flow3!$A:$A&Flow3!$B:$B,Flow3!$D:$D))} -> 1615.04 | ... Y12: {=IF($A12=Y$1,0,_xlfn.XLOOKUP($A12&Y$1,Flow3!$A:$A&Flow3!$B:$B,Flow3!$D:$D))} -> 56.96
A13: P12 | B13: {=IF($A13=B$1,0,_xlfn.XLOOKUP($A13&B$1,Flow3!$A:$A&Flow3!$B:$B,Flow3!$D:$D))} -> 5994.64 | C13: {=IF($A13=C$1,0,_xlfn.XLOOKUP($A13&C$1,Flow3!$A:$A&Flow3!$B:$B,Flow3!$D:$D))} -> 3387.3213 | D13: {=IF($A13=D$1,0,_xlfn.XLOOKUP($A13&D$1,Flow3!$A:$A&Flow3!$B:$B,Flow3!$D:$D))} -> 11123.24 | E13: {=IF($A13=E$1,0,_xlfn.XLOOKUP($A13&E$1,Flow3!$A:$A&Flow3!$B:$B,Flow3!$D:$D))} -> 14405.24 | F13: {=IF($A13=F$1,0,_xlfn.XLOOKUP($A13&F$1,Flow3!$A:$A&Flow3!$B:$B,Flow3!$D:$D))} -> 3505.04 | G13: {=IF($A13=G$1,0,_xlfn.XLOOKUP($A13&G$1,Flow3!$A:$A&Flow3!$B:$B,Flow3!$D:$D))} -> 76200.84 | H13: {=IF($A13=H$1,0,_xlfn.XLOOKUP($A13&H$1,Flow3!$A:$A&Flow3!$B:$B,Flow3!$D:$D))} -> 10956.2 | I13: {=IF($A13=I$1,0,_xlfn.XLOOKUP($A13&I$1,Flow3!$A:$A&Flow3!$B:$B,Flow3!$D:$D))} -> 38856.72 | ... Y13: {=IF($A13=Y$1,0,_xlfn.XLOOKUP($A13&Y$1,Flow3!$A:$A&Flow3!$B:$B,Flow3!$D:$D))} -> 7045.12
... A25: P24 | B25: {=IF($A25=B$1,0,_xlfn.XLOOKUP($A25&B$1,Flow3!$A:$A&Flow3!$B:$B,Flow3!$D:$D))} -> 2253.68 | C25: {=IF($A25=C$1,0,_xlfn.XLOOKUP($A25&C$1,Flow3!$A:$A&Flow3!$B:$B,Flow3!$D:$D))} -> 2398.5621 | D25: {=IF($A25=D$1,0,_xlfn.XLOOKUP($A25&D$1,Flow3!$A:$A&Flow3!$B:$B,Flow3!$D:$D))} -> 1932.96 | E25: {=IF($A25=E$1,0,_xlfn.XLOOKUP($A25&E$1,Flow3!$A:$A&Flow3!$B:$B,Flow3!$D:$D))} -> 4835.36 | F25: {=IF($A25=F$1,0,_xlfn.XLOOKUP($A25&F$1,Flow3!$A:$A&Flow3!$B:$B,Flow3!$D:$D))} -> 906.92 | G25: {=IF($A25=G$1,0,_xlfn.XLOOKUP($A25&G$1,Flow3!$A:$A&Flow3!$B:$B,Flow3!$D:$D))} -> 4472.8 | H25: {=IF($A25=H$1,0,_xlfn.XLOOKUP($A25&H$1,Flow3!$A:$A&Flow3!$B:$B,Flow3!$D:$D))} -> 4010.08 | I25: {=IF($A25=I$1,0,_xlfn.XLOOKUP($A25&I$1,Flow3!$A:$A&Flow3!$B:$B,Flow3!$D:$D))} -> 12362.4 | ... Y25: {=IF($A25=Y$1,0,_xlfn.XLOOKUP($A25&Y$1,Flow3!$A:$A&Flow3!$B:$B,Flow3!$D:$D))} -> 0
