Workbook

Sheet Recap_arc
A1: P=5 | G1: P=5 | H1: COMPLETE | J1: INCOMPLETE
A2: ALPHA | B2: COMPLETE | D2: INCOMPLETE | G2: ALPHA | H2: COMPLETE_SA | I2: COMPLETE_MA | J2: INCOMPLETE_SA | K2: INCOMPLETE_MA
B3: SIngle Allocation | C3: Multiple Allocation | D3: SIngle Allocation | E3: Multiple Allocation | G3: 0.2 | H3: 2.3691133e+13 | I3: 2.3421273e+13 | J3: 2.3691133e+13 | K3: 2.6078617e+13
A4: 0.2 | B4: =CSA!I3 -> 2.3876812 | C4: =CMA!K3 -> 2.3297101 | D4: =ICSA!K3 -> 2.6666667 | E4: =ICMA!K3 -> 2.0486111 | G4: 0.4 | H4: 2.9002563e+13 | I4: 2.8037199e+13 | J4: 2.9002563e+13 | K4: 3.2065876e+13
A5: 0.4 | B5: =CSA!I31 -> 2.365942 | C5: =CMA!K31 -> 2.2391304 | D5: =ICSA!K31 -> 3.0069444 | E5: =ICMA!K31 -> 2.2395833 | G5: 0.6 | H5: 3.3608024e+13 | I5: 3.2194e+13 | J5: 3.3608024e+13 | K5: 3.7600444e+13
A6: 0.6 | B6: 2.365942 | C6: =CMA!K59 -> 2.2101449 | D6: =ICSA!K59 -> 3.0069444 | E6: =ICMA!K59 -> 2.0364583 | G6: 0.8 | H6: 3.8185143e+13 | I6: 3.5885079e+13 | J6: 3.8185143e+13 | K6: 4.259424e+13
A7: 0.8 | B7: =CSA!I59 -> 2.3586957 | C7: =CMA!K87 -> 2.1286232 | D7: =ICSA!K87 -> 2.9722222 | E7: =ICMA!K87 -> 2.2152778 | G7: ALPHA | H7: CYCLE HUB | J7: HUB LINE
A8: ALPHA | B8: CYCLE HUB | D8: HUB LINE | H8: CYCLE HUB_SA | I8: CYCLE HUB_MA | J8: HUB LINE_SA | K8: HUB LINE_MA
B9: SIngle Allocation | C9: Multiple Allocation | D9: SIngle Allocation | E9: Multiple Allocation | G9: 0.2 | H9: 2.4318952e+13 | I9: 2.3882543e+13 | J9: 2.4318952e+13 | K9: 2.3882543e+13
A10: 0.2 | B10: =CHSA!K3 -> 3.3550725 | C10: =CHMA!K3 -> 3.0625 | D10: =HLSA!K3 -> 3.3550725 | E10: =HLMA!K3 -> 3.0625 | G10: 0.4 | H10: 3.0037217e+13 | I10: 2.9175309e+13 | J10: 30054022517292 | K10: 2.9175309e+13
A11: 0.4 | B11: =CHSA!K31 -> 2.8876812 | C11: =CHMA!K31 -> 2.8958333 | D11: =HLSA!K31 -> 3.4746377 | E11: =HLMA!K31 -> 2.8958333 | G11: 0.6 | H11: 35160004863125 | I11: 3.3413825e+13 | J11: 35185213544679 | K11: 3.3431198e+13
A12: 0.6 | B12: =CHSA!K59 -> 2.8876812 | C12: =CHMA!K58 -> 2.3541667 | D12: =HLSA!K59 -> 3.4746377 | E12: =HLMA!K59 -> 2.9010417 | G12: 0.8 | H12: 4.027898e+13 | I12: 3.6599762e+13 | J12: 4.0312592e+13 | K12: 3.6598658e+13
A13: 0.8 | B13: =CHSA!K87 -> 2.8623188 | C13: =CHMA!K86 -> 2.2604167 | D13: =HLSA!K87 -> 3.4492754 | E13: =HLMA!K87 -> 2.265625
B15: COMPLETE | D15: INCOMPLETE
B16: COMPLETE_SA | C16: COMPLETE_MA | D16: INCOMPLETE_SA | E16: INCOMPLETE_MA
B17: =AVERAGE(B4:B7) -> 2.3695652 | C17: =AVERAGE(C4:C7) -> 2.2269022 | D17: =AVERAGE(D4:D7) -> 2.9131944 | E17: =AVERAGE(E4:E7) -> 2.1349826
B18: CYCLE HUB | D18: HUB LINE
B19: CYCLE HUB_SA | C19: CYCLE HUB_MA | D19: HUB LINE_SA | E19: HUB LINE_MA
B20: =AVERAGE(B10:B13) -> 2.9981884 | C20: =AVERAGE(C10:C13) -> 2.6432292 | D20: =AVERAGE(D10:D13) -> 3.4384058 | E20: =AVERAGE(E10:E13) -> 2.78125
A35: Model | B35: Rank Fungsi Tujuan | C35: Rank Rata-rata arc Routing | D35: Rank Total Edge | E35: Average rank | F35: Final Rank
A36: COMPLETE_SA | B36: 2 | C36: 3 | D36: 4 | E36: =average(B36:D36) -> 3 | F36: 1
A37: COMPLETE_MA | B37: 1 | C37: 1 | D37: 7 | E37: =average(B37:D37) -> 3 | F37: 1
A38: INCOMPLETE_SA | B38: 2 | C38: 7 | D38: 3 | E38: =average(B38:D38) -> 4 | F38: 3
A39: INCOMPLETE_MA | B39: 8 | C39: 2 | D39: 8 | E39: =average(B39:D39) -> 6 | F39: 8
A40: CYCLE HUB_SA | B40: 6 | C40: 4 | D40: 2 | E40: =average(B40:D40) -> 4 | F40: 3
A41: CYCLE HUB_MA | B41: 4 | C41: 5 | D41: 6 | E41: =average(B41:D41) -> 5 | F41: 6
A42: HUB LINE_SA | B42: 7 | C42: 8 | D42: 1 | E42: =average(B42:D42) -> 5.3333333 | F42: 7
A43: HUB LINE_MA | B43: 4 | C43: 5 | D43: 5 | E43: =average(B43:D43) -> 4.6666667 | F43: 5

Sheet Rekap_Edge
A1: Edge Spoke to Hub | G1: Total Edge
A2: P=5 | G2: P=5
A3: ALPHA | B3: COMPLETE | D3: INCOMPLETE | G3: ALPHA | H3: COMPLETE | J3: INCOMPLETE
B4: SIngle Allocation | C4: Multiple Allocation | D4: SIngle Allocation | E4: Multiple Allocation | H4: SIngle Allocation | I4: Multiple Allocation | J4: SIngle Allocation | K4: Multiple Allocation
A5: 0.2 | B5: 19 | C5: 24 | D5: 19 | E5: 36 | G5: 0.2 | H5: =B5+B20 -> 29 | I5: =C5+C20 -> 34 | J5: =D5+D20 -> 25 | K5: =E5+E20 -> 46
A6: 0.4 | B6: 19 | C6: 28 | D6: 19 | E6: 40 | G6: 0.4 | H6: =B6+B21 -> 29 | I6: =C6+C21 -> 38 | J6: =D6+D21 -> 26 | K6: =E6+E21 -> 47
A7: 0.6 | B7: 19 | C7: 28 | D7: 19 | E7: 40 | G7: 0.6 | H7: =B7+B22 -> 29 | I7: =C7+C22 -> 38 | J7: =D7+D22 -> 25 | K7: =E7+E22 -> 50
A8: 0.8 | B8: 19 | C8: 33 | D8: 19 | E8: 44 | G8: 0.8 | H8: =B8+B23 -> 29 | I8: =C8+C23 -> 43 | J8: =D8+D23 -> 24 | K8: =E8+E23 -> 50
A9: ALPHA | B9: CYCLE HUB | D9: HUB LINE | G9: ALPHA | H9: CYCLE HUB | J9: HUB LINE
B10: SIngle Allocation | C10: Multiple Allocation | D10: SIngle Allocation | E10: Multiple Allocation | H10: SIngle Allocation | I10: Multiple Allocation | J10: SIngle Allocation | K10: Multiple Allocation
A11: 0.2 | B11: 19 | C11: 24 | D11: 19 | E11: 24 | G11: 0.2 | H11: =B11+B26 -> 24 | I11: =C11+C26 -> 29 | J11: =D11+D26 -> 23 | K11: =E11+E26 -> 28
A12: 0.4 | B12: 19 | C12: 28 | D12: 19 | E12: 28 | G12: 0.4 | H12: =B12+B27 -> 24 | I12: =C12+C27 -> 33 | J12: =D12+D27 -> 23 | K12: =E12+E27 -> 32
A13: 0.6 | B13: 19 | C13: 29 | D13: 19 | E13: 29 | G13: 0.6 | H13: =B13+B28 -> 24 | I13: =C13+C28 -> 34 | J13: =D13+D28 -> 23 | K13: =E13+E28 -> 33
A14: 0.8 | B14: 19 | C14: 39 | D14: 19 | E14: 45 | G14: 0.8 | H14: =B14+B29 -> 24 | I14: =C14+C29 -> 44 | J14: =D14+D29 -> 23 | K14: =E14+E29 -> 49
A16: Edge Hub to Hub
A17: P=5
A18: ALPHA | B18: COMPLETE | D18: INCOMPLETE
B19: SIngle Allocation | C19: Multiple Allocation | D19: SIngle Allocation | E19: Multiple Allocation
A20: 0.2 | B20: 10 | C20: 10 | D20: 6 | E20: 10
A21: 0.4 | B21: 10 | C21: 10 | D21: 7 | E21: 7
A22: 0.6 | B22: 10 | C22: 10 | D22: 6 | E22: 10
A23: 0.8 | B23: 10 | C23: 10 | D23: 5 | E23: 6
A24: ALPHA | B24: CYCLE HUB | D24: HUB LINE
B25: SIngle Allocation | C25: Multiple Allocation | D25: SIngle Allocation | E25: Multiple Allocation
A26: 0.2 | B26: 5 | C26: 5 | D26: 4 | E26: 4
A27: 0.4 | B27: 5 | C27: 5 | D27: 4 | E27: 4
A28: 0.6 | B28: 5 | C28: 5 | D28: 4 | E28: 4
A29: 0.8 | B29: 5 | C29: 5 | D29: 4 | E29: 4

Sheet CSA
A1: ALPHA 0.2
B2: 1 Edge | C2: 2 Edge | D2: 3 Edge | E2: 4 Edge | F2: 5 Edge | H2: Total Edge
A3: P1 | B3: 1 | C3: 9 | D3: 13 | G3: =sum(B3:F3) -> 23 | H3: =B3+C3*2+D3*3+E3*4+F3*5 -> 58 | I3: =sum(H3:H26)/((24*24)-24) -> 2.3876812 | J3: =sum(H3:H26) -> 1318
A4: P2 | B4: 1 | C4: 9 | D4: 13 | G4: =sum(B4:F4) -> 23 | H4: =B4+C4*2+D4*3+E4*4+F4*5 -> 58
A5: P3 | B5: 1 | C5: 9 | D5: 13 | G5: =sum(B5:F5) -> 23 | H5: =B5+C5*2+D5*3+E5*4+F5*5 -> 58
A6: P4 | B6: 1 | C6: 9 | D6: 13 | G6: =sum(B6:F6) -> 23 | H6: =B6+C6*2+D6*3+E6*4+F6*5 -> 58
A7: P5 | B7: 1 | C7: 9 | D7: 13 | G7: =sum(B7:F7) -> 23 | H7: =B7+C7*2+D7*3+E7*4+F7*5 -> 58
A8: P6 | B8: 10 | C8: 13 | G8: =sum(B8:F8) -> 23 | H8: =B8+C8*2+D8*3+E8*4+F8*5 -> 36
A9: P7 | B9: 1 | C9: 5 | D9: 17 | G9: =sum(B9:F9) -> 23 | H9: =B9+C9*2+D9*3+E9*4+F9*5 -> 62
A10: P8 | B10: 6 | C10: 17 | G10: =sum(B10:F10) -> 23 | H10: =B10+C10*2+D10*3+E10*4+F10*5 -> 40
A11: P9 | B11: 1 | C11: 5 | D11: 17 | G11: =sum(B11:F11) -> 23 | H11: =B11+C11*2+D11*3+E11*4+F11*5 -> 62
A12: P10 | B12: 1 | C12: 5 | D12: 17 | G12: =sum(B12:F12) -> 23 | H12: =B12+C12*2+D12*3+E12*4+F12*5 -> 62
A13: P11 | B13: 1 | C13: 9 | D13: 13 | G13: =sum(B13:F13) -> 23 | H13: =B13+C13*2+D13*3+E13*4+F13*5 -> 58
A14: P12 | B14: 1 | C14: 5 | D14: 17 | G14: =sum(B14:F14) -> 23 | H14: =B14+C14*2+D14*3+E14*4+F14*5 -> 62
A15: P13 | B15: 6 | C15: 17 | G15: =sum(B15:F15) -> 23 | H15: =B15+C15*2+D15*3+E15*4+F15*5 -> 40
A16: P14 | B16: 1 | C16: 6 | D16: 16 | G16: =sum(B16:F16) -> 23 | H16: =B16+C16*2+D16*3+E16*4+F16*5 -> 61
A17: P15 | B17: 7 | C17: 16 | G17: =sum(B17:F17) -> 23 | H17: =B17+C17*2+D17*3+E17*4+F17*5 -> 39
A18: P16 | B18: 1 | C18: 6 | D18: 16 | G18: =sum(B18:F18) -> 23 | H18: =B18+C18*2+D18*3+E18*4+F18*5 -> 61
A19: P17 | B19: 10 | C19: 13 | G19: =sum(B19:F19) -> 23 | H19: =B19+C19*2+D19*3+E19*4+F19*5 -> 36
A20: P18 | B20: 1 | C20: 9 | D20: 13 | G20: =sum(B20:F20) -> 23 | H20: =B20+C20*2+D20*3+E20*4+F20*5 -> 58
A21: P19 | B21: 1 | C21: 6 | D21: 16 | G21: =sum(B21:F21) -> 23 | H21: =B21+C21*2+D21*3+E21*4+F21*5 -> 61
A22: P20 | B22: 1 | C22: 9 | D22: 13 | G22: =sum(B22:F22) -> 23 | H22: =B22+C22*2+D22*3+E22*4+F22*5 -> 58
A23: P21 | B23: 1 | C23: 9 | D23: 13 | G23: =sum(B23:F23) -> 23 | H23: =B23+C23*2+D23*3+E23*4+F23*5 -> 58
A24: P22 | B24: 1 | C24: 9 | D24: 13 | G24: =sum(B24:F24) -> 23 | H24: =B24+C24*2+D24*3+E24*4+F24*5 -> 58
A25: P23 | B25: 1 | C25: 9 | D25: 13 | G25: =sum(B25:F25) -> 23 | H25: =B25+C25*2+D25*3+E25*4+F25*5 -> 58
A26: P24 | B26: 1 | C26: 9 | D26: 13 | G26: =sum(B26:F26) -> 23 | H26: =B26+C26*2+D26*3+E26*4+F26*5 -> 58
A29: ALPHA 0.4&0.6
B30: 1 Edge | C30: 2 Edge | D30: 3 Edge | E30: 4 Edge | F30: 5 Edge
A31: P1 | B31: 1 | C31: 8 | D31: 14 | G31: =sum(B31:F31) -> 23 | H31: =B31+C31*2+D31*3+E31*4+F31*5 -> 59 | I31: =sum(H31:H54)/((24*24)-24) -> 2.365942
A32: P2 | B32: 1 | C32: 8 | D32: 14 | G32: =sum(B32:F32) -> 23 | H32: =B32+C32*2+D32*3+E32*4+F32*5 -> 59
A33: P3 | B33: 1 | C33: 8 | D33: 14 | G33: =sum(B33:F33) -> 23 | H33: =B33+C33*2+D33*3+E33*4+F33*5 -> 59
A34: P4 | B34: 1 | C34: 8 | D34: 14 | G34: =sum(B34:F34) -> 23 | H34: =B34+C34*2+D34*3+E34*4+F34*5 -> 59
A35: P5 | B35: 1 | C35: 8 | D35: 14 | G35: =sum(B35:F35) -> 23 | H35: =B35+C35*2+D35*3+E35*4+F35*5 -> 59
A36: P6 | B36: 9 | C36: 14 | G36: =sum(B36:F36) -> 23 | H36: =B36+C36*2+D36*3+E36*4+F36*5 -> 37
A37: P7 | B37: 1 | C37: 5 | D37: 17 | G37: =sum(B37:F37) -> 23 | H37: =B37+C37*2+D37*3+E37*4+F37*5 -> 62
A38: P8 | B38: 6 | C38: 17 | G38: =sum(B38:F38) -> 23 | H38: =B38+C38*2+D38*3+E38*4+F38*5 -> 40
A39: P9 | B39: 1 | C39: 5 | D39: 17 | G39: =sum(B39:F39) -> 23 | H39: =B39+C39*2+D39*3+E39*4+F39*5 -> 62
A40: P10 | B40: 1 | C40: 5 | D40: 17 | G40: =sum(B40:F40) -> 23 | H40: =B40+C40*2+D40*3+E40*4+F40*5 -> 62
A41: P11 | B41: 1 | C41: 5 | D41: 17 | G41: =sum(B41:F41) -> 23 | H41: =B41+C41*2+D41*3+E41*4+F41*5 -> 62
A42: P12 | B42: 6 | C42: 17 | G42: =sum(B42:F42) -> 23 | H42: =B42+C42*2+D42*3+E42*4+F42*5 -> 40
A43: P13 | B43: 6 | C43: 17 | G43: =sum(B43:F43) -> 23 | H43: =B43+C43*2+D43*3+E43*4+F43*5 -> 40
A44: P14 | B44: 1 | C44: 5 | D44: 17 | G44: =sum(B44:F44) -> 23 | H44: =B44+C44*2+D44*3+E44*4+F44*5 -> 62
A45: P15 | B45: 1 | C45: 5 | D45: 17 | G45: =sum(B45:F45) -> 23 | H45: =B45+C45*2+D45*3+E45*4+F45*5 -> 62
A46: P16 | B46: 1 | C46: 11 | D46: 11 | G46: =sum(B46:F46) -> 23 | H46: =B46+C46*2+D46*3+E46*4+F46*5 -> 56
A47: P17 | B47: 12 | C47: 11 | G47: =sum(B47:F47) -> 23 | H47: =B47+C47*2+D47*3+E47*4+F47*5 -> 34
A48: P18 | B48: 1 | C48: 11 | D48: 11 | G48: =sum(B48:F48) -> 23 | H48: =B48+C48*2+D48*3+E48*4+F48*5 -> 56
A49: P19 | B49: 1 | C49: 11 | D49: 11 | G49: =sum(B49:F49) -> 23 | H49: =B49+C49*2+D49*3+E49*4+F49*5 -> 56
A50: P20 | B50: 1 | C50: 11 | D50: 11 | G50: =sum(B50:F50) -> 23 | H50: =B50+C50*2+D50*3+E50*4+F50*5 -> 56
A51: P21 | B51: 1 | C51: 11 | D51: 11 | G51: =sum(B51:F51) -> 23 | H51: =B51+C51*2+D51*3+E51*4+F51*5 -> 56
A52: P22 | B52: 1 | C52: 11 | D52: 11 | G52: =sum(B52:F52) -> 23 | H52: =B52+C52*2+D52*3+E52*4+F52*5 -> 56
A53: P23 | B53: 1 | C53: 11 | D53: 11 | G53: =sum(B53:F53) -> 23 | H53: =B53+C53*2+D53*3+E53*4+F53*5 -> 56
A54: P24 | B54: 1 | C54: 11 | D54: 11 | G54: =sum(B54:F54) -> 23 | H54: =B54+C54*2+D54*3+E54*4+F54*5 -> 56
A57: ALPHA 0.8
B58: 1 Edge | C58: 2 Edge | D58: 3 Edge | E58: 4 Edge | F58: 5 Edge
A59: P1 | B59: 1 | C59: 8 | D59: 14 | G59: =sum(B59:F59) -> 23 | H59: =B59+C59*2+D59*3+E59*4+F59*5 -> 59 | I59: =sum(H59:H82)/((24*24)-24) -> 2.3586957
A60: P2 | B60: 1 | C60: 8 | D60: 14 | G60: =sum(B60:F60) -> 23 | H60: =B60+C60*2+D60*3+E60*4+F60*5 -> 59
A61: P3 | B61: 1 | C61: 8 | D61: 14 | G61: =sum(B61:F61) -> 23 | H61: =B61+C61*2+D61*3+E61*4+F61*5 -> 59
A62: P4 | B62: 1 | C62: 8 | D62: 14 | G62: =sum(B62:F62) -> 23 | H62: =B62+C62*2+D62*3+E62*4+F62*5 -> 59
A63: P5 | B63: 1 | C63: 8 | D63: 14 | G63: =sum(B63:F63) -> 23 | H63: =B63+C63*2+D63*3+E63*4+F63*5 -> 59
A64: P6 | B64: 9 | C64: 14 | G64: =sum(B64:F64) -> 23 | H64: =B64+C64*2+D64*3+E64*4+F64*5 -> 37
A65: P7 | B65: 1 | C65: 5 | D65: 17 | G65: =sum(B65:F65) -> 23 | H65: =B65+C65*2+D65*3+E65*4+F65*5 -> 62
A66: P8 | B66: 6 | C66: 17 | G66: =sum(B66:F66) -> 23 | H66: =B66+C66*2+D66*3+E66*4+F66*5 -> 40
A67: P9 | B67: 1 | C67: 6 | D67: 16 | G67: =sum(B67:F67) -> 23 | H67: =B67+C67*2+D67*3+E67*4+F67*5 -> 61
A68: P10 | B68: 1 | C68: 6 | D68: 16 | G68: =sum(B68:F68) -> 23 | H68: =B68+C68*2+D68*3+E68*4+F68*5 -> 61
A69: P11 | B69: 1 | C69: 6 | D69: 16 | G69: =sum(B69:F69) -> 23 | H69: =B69+C69*2+D69*3+E69*4+F69*5 -> 61
A70: P12 | B70: 7 | C70: 16 | G70: =sum(B70:F70) -> 23 | H70: =B70+C70*2+D70*3+E70*4+F70*5 -> 39
A71: P13 | B71: 6 | C71: 17 | G71: =sum(B71:F71) -> 23 | H71: =B71+C71*2+D71*3+E71*4+F71*5 -> 40
A72: P14 | B72: 1 | C72: 5 | D72: 17 | G72: =sum(B72:F72) -> 23 | H72: =B72+C72*2+D72*3+E72*4+F72*5 -> 62
A73: P15 | B73: 1 | C73: 5 | D73: 17 | G73: =sum(B73:F73) -> 23 | H73: =B73+C73*2+D73*3+E73*4+F73*5 -> 62
A74: P16 | B74: 1 | C74: 11 | D74: 11 | G74: =sum(B74:F74) -> 23 | H74: =B74+C74*2+D74*3+E74*4+F74*5 -> 56
A75: P17 | B75: 12 | C75: 11 | G75: =sum(B75:F75) -> 23 | H75: =B75+C75*2+D75*3+E75*4+F75*5 -> 34
A76: P18 | B76: 1 | C76: 11 | D76: 11 | G76: =sum(B76:F76) -> 23 | H76: =B76+C76*2+D76*3+E76*4+F76*5 -> 56
A77: P19 | B77: 1 | C77: 11 | D77: 11 | G77: =sum(B77:F77) -> 23 | H77: =B77+C77*2+D77*3+E77*4+F77*5 -> 56
A78: P20 | B78: 1 | C78: 11 | D78: 11 | G78: =sum(B78:F78) -> 23 | H78: =B78+C78*2+D78*3+E78*4+F78*5 -> 56
A79: P21 | B79: 1 | C79: 11 | D79: 11 | G79: =sum(B79:F79) -> 23 | H79: =B79+C79*2+D79*3+E79*4+F79*5 -> 56
A80: P22 | B80: 1 | C80: 11 | D80: 11 | G80: =sum(B80:F80) -> 23 | H80: =B80+C80*2+D80*3+E80*4+F80*5 -> 56
A81: P23 | B81: 1 | C81: 11 | D81: 11 | G81: =sum(B81:F81) -> 23 | H81: =B81+C81*2+D81*3+E81*4+F81*5 -> 56
A82: P24 | B82: 1 | C82: 11 | D82: 11 | G82: =sum(B82:F82) -> 23 | H82: =B82+C82*2+D82*3+E82*4+F82*5 -> 56

Sheet CMA
A1: ALPHA 0.2
C2: 1 Edge | D2: 2 Edge | E2: 3 Edge | F2: 4 Edge | G2: 5 Edge | H2: 6 Edge | I2: 7 Edge
A3: =sum(C3:I3) -> 23 | B3: P1 | C3: 1 | D3: 9 | E3: 13 | J3: =C3+D3*2+E3*3+F3*4+G3*5+H3*6+I3*7 -> 58 | K3: =sum(J3:J26)/((24*24)-24) -> 2.3297101 | L3: =sum(J3:J26) -> 1286
A4: =sum(C4:I4) -> 23 | B4: P2 | C4: 1 | D4: 9 | E4: 13 | J4: =C4+D4*2+E4*3+F4*4+G4*5+H4*6+I4*7 -> 58
A5: =sum(C5:I5) -> 23 | B5: P3 | C5: 1 | D5: 9 | E5: 13 | J5: =C5+D5*2+E5*3+F5*4+G5*5+H5*6+I5*7 -> 58
A6: =sum(C6:I6) -> 23 | B6: P4 | C6: 1 | D6: 9 | E6: 13 | J6: =C6+D6*2+E6*3+F6*4+G6*5+H6*6+I6*7 -> 58
A7: =sum(C7:I7) -> 23 | B7: P5 | C7: 1 | D7: 9 | E7: 13 | J7: =C7+D7*2+E7*3+F7*4+G7*5+H7*6+I7*7 -> 58
A8: =sum(C8:I8) -> 23 | B8: P6 | C8: 10 | D8: 13 | J8: =C8+D8*2+E8*3+F8*4+G8*5+H8*6+I8*7 -> 36
A9: =sum(C9:I9) -> 23 | B9: P7 | C9: 1 | D9: 6 | E9: 16 | J9: =C9+D9*2+E9*3+F9*4+G9*5+H9*6+I9*7 -> 61
A10: =sum(C10:I10) -> 23 | B10: P8 | C10: 7 | D10: 16 | J10: =C10+D10*2+E10*3+F10*4+G10*5+H10*6+I10*7 -> 39
A11: =sum(C11:I11) -> 23 | B11: P9 | C11: 1 | D11: 6 | E11: 16 | J11: =C11+D11*2+E11*3+F11*4+G11*5+H11*6+I11*7 -> 61
A12: =sum(C12:I12) -> 23 | B12: P10 | C12: 2 | D12: 8 | E12: 13 | J12: =C12+D12*2+E12*3+F12*4+G12*5+H12*6+I12*7 -> 57
A13: =sum(C13:I13) -> 23 | B13: P11 | C13: 1 | D13: 9 | E13: 13 | J13: =C13+D13*2+E13*3+F13*4+G13*5+H13*6+I13*7 -> 58
A14: =sum(C14:I14) -> 23 | B14: P12 | C14: 1 | D14: 7 | E14: 15 | J14: =C14+D14*2+E14*3+F14*4+G14*5+H14*6+I14*7 -> 60
A15: =sum(C15:I15) -> 23 | B15: P13 | C15: 8 | D15: 15 | J15: =C15+D15*2+E15*3+F15*4+G15*5+H15*6+I15*7 -> 38
A16: =sum(C16:I16) -> 23 | B16: P14 | C16: 1 | D16: 7 | E16: 15 | J16: =C16+D16*2+E16*3+F16*4+G16*5+H16*6+I16*7 -> 60
A17: =sum(C17:I17) -> 23 | B17: P15 | C17: 8 | D17: 15 | J17: =C17+D17*2+E17*3+F17*4+G17*5+H17*6+I17*7 -> 38
A18: =sum(C18:I18) -> 23 | B18: P16 | C18: 1 | D18: 7 | E18: 15 | J18: =C18+D18*2+E18*3+F18*4+G18*5+H18*6+I18*7 -> 60
A19: =sum(C19:I19) -> 23 | B19: P17 | C19: 2 | D19: 9 | E19: 12 | J19: =C19+D19*2+E19*3+F19*4+G19*5+H19*6+I19*7 -> 56
A20: =sum(C20:I20) -> 23 | B20: P18 | C20: 2 | D20: 11 | E20: 10 | J20: =C20+D20*2+E20*3+F20*4+G20*5+H20*6+I20*7 -> 54
A21: =sum(C21:I21) -> 23 | B21: P19 | C21: 1 | D21: 9 | E21: 13 | J21: =C21+D21*2+E21*3+F21*4+G21*5+H21*6+I21*7 -> 58
A22: =sum(C22:I22) -> 23 | B22: P20 | C22: 3 | D22: 13 | E22: 7 | J22: =C22+D22*2+E22*3+F22*4+G22*5+H22*6+I22*7 -> 50
A23: =sum(C23:I23) -> 23 | B23: P21 | C23: 10 | D23: 13 | J23: =C23+D23*2+E23*3+F23*4+G23*5+H23*6+I23*7 -> 36
A24: =sum(C24:I24) -> 23 | B24: P22 | C24: 1 | D24: 9 | E24: 13 | J24: =C24+D24*2+E24*3+F24*4+G24*5+H24*6+I24*7 -> 58
A25: =sum(C25:I25) -> 23 | B25: P23 | C25: 1 | D25: 9 | E25: 13 | J25: =C25+D25*2+E25*3+F25*4+G25*5+H25*6+I25*7 -> 58
A26: =sum(C26:I26) -> 23 | B26: P24 | C26: 1 | D26: 9 | E26: 13 | J26: =C26+D26*2+E26*3+F26*4+G26*5+H26*6+I26*7 -> 58
A29: ALPHA 0.4
C30: 1 Edge | D30: 2 Edge | E30: 3 Edge | F30: 4 Edge | G30: 5 Edge | H30: 6 Edge | I30: 7 Edge
A31: =sum(C31:I31) -> 23 | B31: P1 | C31: 1 | D31: 9 | E31: 13 | J31: =C31+D31*2+E31*3+F31*4+G31*5+H31*6+I31*7 -> 58 | K31: =sum(J31:J54)/((24*24)-24) -> 2.2391304
A32: =sum(C32:I32) -> 23 | B32: P2 | C32: 1 | D32: 9 | E32: 13 | J32: =C32+D32*2+E32*3+F32*4+G32*5+H32*6+I32*7 -> 58
A33: =sum(C33:I33) -> 23 | B33: P3 | C33: 1 | D33: 9 | E33: 13 | J33: =C33+D33*2+E33*3+F33*4+G33*5+H33*6+I33*7 -> 58
A34: =sum(C34:I34) -> 23 | B34: P4 | C34: 1 | D34: 9 | E34: 13 | J34: =C34+D34*2+E34*3+F34*4+G34*5+H34*6+I34*7 -> 58
A35: =sum(C35:I35) -> 23 | B35: P5 | C35: 1 | D35: 9 | E35: 13 | J35: =C35+D35*2+E35*3+F35*4+G35*5+H35*6+I35*7 -> 58
A36: =sum(C36:I36) -> 23 | B36: P6 | C36: 10 | D36: 13 | J36: =C36+D36*2+E36*3+F36*4+G36*5+H36*6+I36*7 -> 36
A37: =sum(C37:I37) -> 23 | B37: P7 | C37: 2 | D37: 11 | E37: 10 | J37: =C37+D37*2+E37*3+F37*4+G37*5+H37*6+I37*7 -> 54
A38: =sum(C38:I38) -> 23 | B38: P8 | C38: 7 | D38: 16 | J38: =C38+D38*2+E38*3+F38*4+G38*5+H38*6+I38*7 -> 39
A39: =sum(C39:I39) -> 23 | B39: P9 | C39: 2 | D39: 8 | E39: 13 | J39: =C39+D39*2+E39*3+F39*4+G39*5+H39*6+I39*7 -> 57
A40: =sum(C40:I40) -> 23 | B40: P10 | C40: 2 | D40: 8 | E40: 13 | J40: =C40+D40*2+E40*3+F40*4+G40*5+H40*6+I40*7 -> 57
A41: =sum(C41:I41) -> 23 | B41: P11 | C41: 2 | D41: 10 | E41: 11 | J41: =C41+D41*2+E41*3+F41*4+G41*5+H41*6+I41*7 -> 55
A42: =sum(C42:I42) -> 23 | B42: P12 | C42: 8 | D42: 15 | J42: =C42+D42*2+E42*3+F42*4+G42*5+H42*6+I42*7 -> 38
A43: =sum(C43:I43) -> 23 | B43: P13 | C43: 3 | D43: 13 | E43: 7 | J43: =C43+D43*2+E43*3+F43*4+G43*5+H43*6+I43*7 -> 50
A44: =sum(C44:I44) -> 23 | B44: P14 | C44: 1 | D44: 9 | E44: 13 | J44: =C44+D44*2+E44*3+F44*4+G44*5+H44*6+I44*7 -> 58
A45: =sum(C45:I45) -> 23 | B45: P15 | C45: 10 | D45: 13 | J45: =C45+D45*2+E45*3+F45*4+G45*5+H45*6+I45*7 -> 36
A46: =sum(C46:I46) -> 23 | B46: P16 | C46: 2 | D46: 12 | E46: 9 | J46: =C46+D46*2+E46*3+F46*4+G46*5+H46*6+I46*7 -> 53
A47: =sum(C47:I47) -> 23 | B47: P17 | C47: 12 | D47: 11 | J47: =C47+D47*2+E47*3+F47*4+G47*5+H47*6+I47*7 -> 34
A48: =sum(C48:I48) -> 23 | B48: P18 | C48: 1 | D48: 12 | E48: 10 | J48: =C48+D48*2+E48*3+F48*4+G48*5+H48*6+I48*7 -> 55
A49: =sum(C49:I49) -> 23 | B49: P19 | C49: 2 | D49: 12 | E49: 9 | J49: =C49+D49*2+E49*3+F49*4+G49*5+H49*6+I49*7 -> 53
A50: =sum(C50:I50) -> 23 | B50: P20 | C50: 1 | D50: 12 | E50: 10 | J50: =C50+D50*2+E50*3+F50*4+G50*5+H50*6+I50*7 -> 55
A51: =sum(C51:I51) -> 23 | B51: P21 | C51: 2 | D51: 12 | E51: 9 | J51: =C51+D51*2+E51*3+F51*4+G51*5+H51*6+I51*7 -> 53
A52: =sum(C52:I52) -> 23 | B52: P22 | C52: 1 | D52: 12 | E52: 10 | J52: =C52+D52*2+E52*3+F52*4+G52*5+H52*6+I52*7 -> 55
A53: =sum(C53:I53) -> 23 | B53: P23 | C53: 2 | D53: 12 | E53: 9 | J53: =C53+D53*2+E53*3+F53*4+G53*5+H53*6+I53*7 -> 53
A54: =sum(C54:I54) -> 23 | B54: P24 | C54: 1 | D54: 12 | E54: 10 | J54: =C54+D54*2+E54*3+F54*4+G54*5+H54*6+I54*7 -> 55
A57: ALPHA 0.6
C58: 1 Edge | D58: 2 Edge | E58: 3 Edge | F58: 4 Edge | G58: 5 Edge | H58: 6 Edge | I58: 7 Edge
A59: =sum(C59:I59) -> 23 | B59: P1 | C59: 1 | D59: 8 | E59: 14 | J59: =C59+D59*2+E59*3+F59*4+G59*5+H59*6+I59*7 -> 59 | K59: =sum(J59:J82)/((24*24)-24) -> 2.2101449
A60: =sum(C60:I60) -> 23 | B60: P2 | C60: 1 | D60: 8 | E60: 14 | J60: =C60+D60*2+E60*3+F60*4+G60*5+H60*6+I60*7 -> 59
A61: =sum(C61:I61) -> 23 | B61: P3 | C61: 1 | D61: 8 | E61: 14 | J61: =C61+D61*2+E61*3+F61*4+G61*5+H61*6+I61*7 -> 59
A62: =sum(C62:I62) -> 23 | B62: P4 | C62: 1 | D62: 8 | E62: 14 | J62: =C62+D62*2+E62*3+F62*4+G62*5+H62*6+I62*7 -> 59
A63: =sum(C63:I63) -> 23 | B63: P5 | C63: 1 | D63: 8 | E63: 14 | J63: =C63+D63*2+E63*3+F63*4+G63*5+H63*6+I63*7 -> 59
A64: =sum(C64:I64) -> 23 | B64: P6 | C64: 10 | D64: 13 | J64: =C64+D64*2+E64*3+F64*4+G64*5+H64*6+I64*7 -> 36
A65: =sum(C65:I65) -> 23 | B65: P7 | C65: 2 | D65: 12 | E65: 9 | J65: =C65+D65*2+E65*3+F65*4+G65*5+H65*6+I65*7 -> 53
A66: =sum(C66:I66) -> 23 | B66: P8 | C66: 8 | D66: 15 | J66: =C66+D66*2+E66*3+F66*4+G66*5+H66*6+I66*7 -> 38
A67: =sum(C67:I67) -> 23 | B67: P9 | C67: 2 | D67: 7 | E67: 14 | J67: =C67+D67*2+E67*3+F67*4+G67*5+H67*6+I67*7 -> 58
A68: =sum(C68:I68) -> 23 | B68: P10 | C68: 3 | D68: 11 | E68: 9 | J68: =C68+D68*2+E68*3+F68*4+G68*5+H68*6+I68*7 -> 52
A69: =sum(C69:I69) -> 23 | B69: P11 | C69: 3 | D69: 12 | E69: 8 | J69: =C69+D69*2+E69*3+F69*4+G69*5+H69*6+I69*7 -> 51
A70: =sum(C70:I70) -> 23 | B70: P12 | C70: 7 | D70: 16 | J70: =C70+D70*2+E70*3+F70*4+G70*5+H70*6+I70*7 -> 39
A71: =sum(C71:I71) -> 23 | B71: P13 | C71: 9 | D71: 14 | J71: =C71+D71*2+E71*3+F71*4+G71*5+H71*6+I71*7 -> 37
A72: =sum(C72:I72) -> 23 | B72: P14 | C72: 2 | D72: 14 | E72: 7 | J72: =C72+D72*2+E72*3+F72*4+G72*5+H72*6+I72*7 -> 51
A73: =sum(C73:I73) -> 23 | B73: P15 | C73: 2 | D73: 14 | E73: 7 | J73: =C73+D73*2+E73*3+F73*4+G73*5+H73*6+I73*7 -> 51
A74: =sum(C74:I74) -> 23 | B74: P16 | C74: 2 | D74: 14 | E74: 7 | J74: =C74+D74*2+E74*3+F74*4+G74*5+H74*6+I74*7 -> 51
A75: =sum(C75:I75) -> 23 | B75: P17 | C75: 13 | D75: 10 | J75: =C75+D75*2+E75*3+F75*4+G75*5+H75*6+I75*7 -> 33
A76: =sum(C76:I76) -> 23 | B76: P18 | C76: 1 | D76: 13 | E76: 9 | J76: =C76+D76*2+E76*3+F76*4+G76*5+H76*6+I76*7 -> 54
A77: =sum(C77:I77) -> 23 | B77: P19 | C77: 2 | D77: 14 | E77: 7 | J77: =C77+D77*2+E77*3+F77*4+G77*5+H77*6+I77*7 -> 51
A78: =sum(C78:I78) -> 23 | B78: P20 | C78: 1 | D78: 13 | E78: 9 | J78: =C78+D78*2+E78*3+F78*4+G78*5+H78*6+I78*7 -> 54
A79: =sum(C79:I79) -> 23 | B79: P21 | C79: 1 | D79: 13 | E79: 9 | J79: =C79+D79*2+E79*3+F79*4+G79*5+H79*6+I79*7 -> 54
A80: =sum(C80:I80) -> 23 | B80: P22 | C80: 1 | D80: 13 | E80: 9 | J80: =C80+D80*2+E80*3+F80*4+G80*5+H80*6+I80*7 -> 54
A81: =sum(C81:I81) -> 23 | B81: P23 | C81: 1 | D81: 13 | E81: 9 | J81: =C81+D81*2+E81*3+F81*4+G81*5+H81*6+I81*7 -> 54
A82: =sum(C82:I82) -> 23 | B82: P24 | C82: 1 | D82: 13 | E82: 9 | J82: =C82+D82*2+E82*3+F82*4+G82*5+H82*6+I82*7 -> 54
A85: ALPHA 0.8
C86: 1 Edge | D86: 2 Edge | E86: 3 Edge | F86: 4 Edge | G86: 5 Edge | H86: 6 Edge | I86: 7 Edge
A87: =sum(C87:I87) -> 23 | B87: P1 | C87: 1 | D87: 9 | E87: 13 | J87: =C87+D87*2+E87*3+F87*4+G87*5+H87*6+I87*7 -> 58 | K87: =sum(J87:J110)/((24*24)-24) -> 2.1286232
A88: =sum(C88:I88) -> 23 | B88: P2 | C88: 1 | D88: 9 | E88: 13 | J88: =C88+D88*2+E88*3+F88*4+G88*5+H88*6+I88*7 -> 58
A89: =sum(C89:I89) -> 23 | B89: P3 | C89: 2 | D89: 11 | E89: 10 | J89: =C89+D89*2+E89*3+F89*4+G89*5+H89*6+I89*7 -> 54
A90: =sum(C90:I90) -> 23 | B90: P4 | C90: 1 | D90: 9 | E90: 13 | J90: =C90+D90*2+E90*3+F90*4+G90*5+H90*6+I90*7 -> 58
A91: =sum(C91:I91) -> 23 | B91: P5 | C91: 1 | D91: 9 | E91: 13 | J91: =C91+D91*2+E91*3+F91*4+G91*5+H91*6+I91*7 -> 58
A92: =sum(C92:I92) -> 23 | B92: P6 | C92: 11 | D92: 12 | J92: =C92+D92*2+E92*3+F92*4+G92*5+H92*6+I92*7 -> 35
A93: =sum(C93:I93) -> 23 | B93: P7 | C93: 2 | D93: 12 | E93: 9 | J93: =C93+D93*2+E93*3+F93*4+G93*5+H93*6+I93*7 -> 53
A94: =sum(C94:I94) -> 23 | B94: P8 | C94: 8 | D94: 15 | J94: =C94+D94*2+E94*3+F94*4+G94*5+H94*6+I94*7 -> 38
A95: =sum(C95:I95) -> 23 | B95: P9 | C95: 3 | D95: 12 | E95: 8 | J95: =C95+D95*2+E95*3+F95*4+G95*5+H95*6+I95*7 -> 51
A96: =sum(C96:I96) -> 23 | B96: P10 | C96: 5 | D96: 18 | J96: =C96+D96*2+E96*3+F96*4+G96*5+H96*6+I96*7 -> 41
A97: =sum(C97:I97) -> 23 | B97: P11 | C97: 3 | D97: 12 | E97: 8 | J97: =C97+D97*2+E97*3+F97*4+G97*5+H97*6+I97*7 -> 51
A98: =sum(C98:I98) -> 23 | B98: P12 | C98: 8 | D98: 15 | J98: =C98+D98*2+E98*3+F98*4+G98*5+H98*6+I98*7 -> 38
A99: =sum(C99:I99) -> 23 | B99: P13 | C99: 10 | D99: 13 | J99: =C99+D99*2+E99*3+F99*4+G99*5+H99*6+I99*7 -> 36
A100: =sum(C100:I100) -> 23 | B100: P14 | C100: 2 | D100: 15 | E100: 6 | J100: =C100+D100*2+E100*3+F100*4+G100*5+H100*6+I100*7 -> 50
A101: =sum(C101:I101) -> 23 | B101: P15 | C101: 2 | D101: 15 | E101: 6 | J101: =C101+D101*2+E101*3+F101*4+G101*5+H101*6+I101*7 -> 50
A102: =sum(C102:I102) -> 23 | B102: P16 | C102: 2 | D102: 15 | E102: 6 | J102: =C102+D102*2+E102*3+F102*4+G102*5+H102*6+I102*7 -> 50
A103: =sum(C103:I103) -> 23 | B103: P17 | C103: 15 | D103: 8 | J103: =C103+D103*2+E103*3+F103*4+G103*5+H103*6+I103*7 -> 31
A104: =sum(C104:I104) -> 23 | B104: P18 | C104: 1 | D104: 14 | E104: 8 | J104: =C104+D104*2+E104*3+F104*4+G104*5+H104*6+I104*7 -> 53
A105: =sum(C105:I105) -> 23 | B105: P19 | C105: 2 | D105: 15 | E105: 6 | J105: =C105+D105*2+E105*3+F105*4+G105*5+H105*6+I105*7 -> 50
A106: =sum(C106:I106) -> 23 | B106: P20 | C106: 1 | D106: 14 | E106: 8 | J106: =C106+D106*2+E106*3+F106*4+G106*5+H106*6+I106*7 -> 53
...

Sheet ICSA
A1: ALPHA 0.2
B2: 1 Edge | C2: 2 Edge | D2: 3 Edge | E2: 4 Edge | F2: 5 Edge | G2: 6 Edge | H2: 7 Edge
A3: P1 | B3: 1 | C3: 7 | D3: 6 | E3: 9 | I3: =sum(B3:H3) -> 23 | J3: =B3+C3*2+D3*3+E3*4+F3*5+G3*6+H3*7 -> 69 | K3: =sum(J3:J26)/(24*24) -> 2.6666667
A4: P2 | B4: 1 | C4: 7 | D4: 6 | E4: 9 | I4: =sum(B4:H4) -> 23 | J4: =B4+C4*2+D4*3+E4*4+F4*5+G4*6+H4*7 -> 69
A5: P3 | B5: 1 | C5: 7 | D5: 6 | E5: 9 | I5: =sum(B5:H5) -> 23 | J5: =B5+C5*2+D5*3+E5*4+F5*5+G5*6+H5*7 -> 69
A6: P4 | B6: 1 | C6: 7 | D6: 6 | E6: 9 | I6: =sum(B6:H6) -> 23 | J6: =B6+C6*2+D6*3+E6*4+F6*5+G6*6+H6*7 -> 69
A7: P5 | B7: 1 | C7: 7 | D7: 6 | E7: 9 | I7: =sum(B7:H7) -> 23 | J7: =B7+C7*2+D7*3+E7*4+F7*5+G7*6+H7*7 -> 69
A8: P6 | B8: 8 | C8: 6 | D8: 9 | I8: =sum(B8:H8) -> 23 | J8: =B8+C8*2+D8*3+E8*4+F8*5+G8*6+H8*7 -> 47
A9: P7 | B9: 1 | C9: 3 | D9: 10 | E9: 9 | I9: =sum(B9:H9) -> 23 | J9: =B9+C9*2+D9*3+E9*4+F9*5+G9*6+H9*7 -> 73
A10: P8 | B10: 4 | C10: 9 | D10: 9 | I10: =sum(B10:H10) -> 22 | J10: =B10+C10*2+D10*3+E10*4+F10*5+G10*6+H10*7 -> 49
A11: P9 | B11: 1 | C11: 3 | D11: 10 | E11: 9 | I11: =sum(B11:H11) -> 23 | J11: =B11+C11*2+D11*3+E11*4+F11*5+G11*6+H11*7 -> 73
A12: P10 | B12: 1 | C12: 5 | D12: 17 | I12: =sum(B12:H12) -> 23 | J12: =B12+C12*2+D12*3+E12*4+F12*5+G12*6+H12*7 -> 62
A13: P11 | B13: 1 | C13: 7 | D13: 6 | E13: 9 | I13: =sum(B13:H13) -> 23 | J13: =B13+C13*2+D13*3+E13*4+F13*5+G13*6+H13*7 -> 69
A14: P12 | B14: 1 | C14: 5 | D14: 17 | I14: =sum(B14:H14) -> 23 | J14: =B14+C14*2+D14*3+E14*4+F14*5+G14*6+H14*7 -> 62
A15: P13 | B15: 6 | C15: 17 | I15: =sum(B15:H15) -> 23 | J15: =B15+C15*2+D15*3+E15*4+F15*5+G15*6+H15*7 -> 40
A16: P14 | B16: 1 | C16: 4 | D16: 10 | E16: 8 | I16: =sum(B16:H16) -> 23 | J16: =B16+C16*2+D16*3+E16*4+F16*5+G16*6+H16*7 -> 71
A17: P15 | B17: 5 | C17: 10 | D17: 8 | I17: =sum(B17:H17) -> 23 | J17: =B17+C17*2+D17*3+E17*4+F17*5+G17*6+H17*7 -> 49
A18: P16 | B18: 1 | C18: 4 | D18: 10 | E18: 8 | I18: =sum(B18:H18) -> 23 | J18: =B18+C18*2+D18*3+E18*4+F18*5+G18*6+H18*7 -> 71
A19: P17 | B19: 8 | C19: 7 | D19: 8 | I19: =sum(B19:H19) -> 23 | J19: =B19+C19*2+D19*3+E19*4+F19*5+G19*6+H19*7 -> 46
A20: P18 | B20: 1 | C20: 7 | D20: 7 | E20: 8 | I20: =sum(B20:H20) -> 23 | J20: =B20+C20*2+D20*3+E20*4+F20*5+G20*6+H20*7 -> 68
A21: P19 | B21: 1 | C21: 4 | D21: 10 | E21: 8 | I21: =sum(B21:H21) -> 23 | J21: =B21+C21*2+D21*3+E21*4+F21*5+G21*6+H21*7 -> 71
A22: P20 | B22: 1 | C22: 7 | D22: 7 | E22: 8 | I22: =sum(B22:H22) -> 23 | J22: =B22+C22*2+D22*3+E22*4+F22*5+G22*6+H22*7 -> 68
A23: P21 | B23: 1 | C23: 7 | D23: 7 | E23: 8 | I23: =sum(B23:H23) -> 23 | J23: =B23+C23*2+D23*3+E23*4+F23*5+G23*6+H23*7 -> 68
A24: P22 | B24: 1 | C24: 7 | D24: 7 | E24: 8 | I24: =sum(B24:H24) -> 23 | J24: =B24+C24*2+D24*3+E24*4+F24*5+G24*6+H24*7 -> 68
A25: P23 | B25: 1 | C25: 7 | D25: 7 | E25: 8 | I25: =sum(B25:H25) -> 23 | J25: =B25+C25*2+D25*3+E25*4+F25*5+G25*6+H25*7 -> 68
A26: P24 | B26: 1 | C26: 7 | D26: 7 | E26: 8 | I26: =sum(B26:H26) -> 23 | J26: =B26+C26*2+D26*3+E26*4+F26*5+G26*6+H26*7 -> 68
A29: ALPHA 0.4
B30: 1 Edge | C30: 2 Edge | D30: 3 Edge | E30: 4 Edge | F30: 5 Edge | G30: 6 Edge | H30: 7 Edge
A31: P1 | B31: 1 | C31: 6 | D31: 6 | E31: 2 | F31: 8 | I31: =sum(B31:H31) -> 23 | J31: =B31+C31*2+D31*3+E31*4+F31*5+G31*6+H31*7 -> 79 | K31: =sum(J31:J54)/(24*24) -> 3.0069444
A32: P2 | B32: 1 | C32: 6 | D32: 6 | E32: 2 | F32: 8 | I32: =sum(B32:H32) -> 23 | J32: =B32+C32*2+D32*3+E32*4+F32*5+G32*6+H32*7 -> 79
A33: P3 | B33: 1 | C33: 6 | D33: 6 | E33: 2 | F33: 8 | I33: =sum(B33:H33) -> 23 | J33: =B33+C33*2+D33*3+E33*4+F33*5+G33*6+H33*7 -> 79
A34: P4 | B34: 1 | C34: 6 | D34: 6 | E34: 2 | F34: 8 | I34: =sum(B34:H34) -> 23 | J34: =B34+C34*2+D34*3+E34*4+F34*5+G34*6+H34*7 -> 79
A35: P5 | B35: 1 | C35: 6 | D35: 6 | E35: 2 | F35: 8 | I35: =sum(B35:H35) -> 23 | J35: =B35+C35*2+D35*3+E35*4+F35*5+G35*6+H35*7 -> 79
A36: P6 | B36: 7 | C36: 6 | D36: 2 | E36: 8 | I36: =sum(B36:H36) -> 23 | J36: =B36+C36*2+D36*3+E36*4+F36*5+G36*6+H36*7 -> 57
A37: P7 | B37: 1 | C37: 3 | D37: 8 | E37: 3 | F37: 8 | I37: =sum(B37:H37) -> 23 | J37: =B37+C37*2+D37*3+E37*4+F37*5+G37*6+H37*7 -> 83
A38: P8 | B38: 4 | C38: 8 | D38: 3 | E38: 8 | I38: =sum(B38:H38) -> 23 | J38: =B38+C38*2+D38*3+E38*4+F38*5+G38*6+H38*7 -> 61
A39: P9 | B39: 1 | C39: 3 | D39: 8 | E39: 3 | F39: 8 | I39: =sum(B39:H39) -> 23 | J39: =B39+C39*2+D39*3+E39*4+F39*5+G39*6+H39*7 -> 83
A40: P10 | B40: 1 | C40: 4 | D40: 10 | E40: 8 | I40: =sum(B40:H40) -> 23 | J40: =B40+C40*2+D40*3+E40*4+F40*5+G40*6+H40*7 -> 71
A41: P11 | B41: 1 | C41: 4 | D41: 10 | E41: 8 | I41: =sum(B41:H41) -> 23 | J41: =B41+C41*2+D41*3+E41*4+F41*5+G41*6+H41*7 -> 71
A42: P12 | B42: 5 | C42: 10 | D42: 8 | I42: =sum(B42:H42) -> 23 | J42: =B42+C42*2+D42*3+E42*4+F42*5+G42*6+H42*7 -> 49
A43: P13 | B43: 4 | C43: 12 | D43: 7 | I43: =sum(B43:H43) -> 23 | J43: =B43+C43*2+D43*3+E43*4+F43*5+G43*6+H43*7 -> 49
A44: P14 | B44: 1 | C44: 3 | D44: 12 | E44: 7 | I44: =sum(B44:H44) -> 23 | J44: =B44+C44*2+D44*3+E44*4+F44*5+G44*6+H44*7 -> 71
A45: P15 | B45: 1 | C45: 3 | D45: 12 | E45: 7 | I45: =sum(B45:H45) -> 23 | J45: =B45+C45*2+D45*3+E45*4+F45*5+G45*6+H45*7 -> 71
A46: P16 | B46: 1 | C46: 8 | D46: 3 | E46: 4 | F46: 7 | I46: =sum(B46:H46) -> 23 | J46: =B46+C46*2+D46*3+E46*4+F46*5+G46*6+H46*7 -> 77
A47: P17 | B47: 9 | C47: 3 | D47: 4 | E47: 7 | I47: =sum(B47:H47) -> 23 | J47: =B47+C47*2+D47*3+E47*4+F47*5+G47*6+H47*7 -> 55
A48: P18 | B48: 1 | C48: 8 | D48: 3 | E48: 4 | F48: 7 | I48: =sum(B48:H48) -> 23 | J48: =B48+C48*2+D48*3+E48*4+F48*5+G48*6+H48*7 -> 77
A49: P19 | B49: 1 | C49: 8 | D49: 3 | E49: 4 | F49: 7 | I49: =sum(B49:H49) -> 23 | J49: =B49+C49*2+D49*3+E49*4+F49*5+G49*6+H49*7 -> 77
A50: P20 | B50: 1 | C50: 8 | D50: 3 | E50: 4 | F50: 7 | I50: =sum(B50:H50) -> 23 | J50: =B50+C50*2+D50*3+E50*4+F50*5+G50*6+H50*7 -> 77
A51: P21 | B51: 1 | C51: 8 | D51: 3 | E51: 4 | F51: 7 | I51: =sum(B51:H51) -> 23 | J51: =B51+C51*2+D51*3+E51*4+F51*5+G51*6+H51*7 -> 77
A52: P22 | B52: 1 | C52: 8 | D52: 3 | E52: 4 | F52: 7 | I52: =sum(B52:H52) -> 23 | J52: =B52+C52*2+D52*3+E52*4+F52*5+G52*6+H52*7 -> 77
A53: P23 | B53: 1 | C53: 8 | D53: 3 | E53: 4 | F53: 7 | I53: =sum(B53:H53) -> 23 | J53: =B53+C53*2+D53*3+E53*4+F53*5+G53*6+H53*7 -> 77
A54: P24 | B54: 1 | C54: 8 | D54: 3 | E54: 4 | F54: 7 | I54: =sum(B54:H54) -> 23 | J54: =B54+C54*2+D54*3+E54*4+F54*5+G54*6+H54*7 -> 77
A57: ALPHA 0.6
B58: 1 Edge | C58: 2 Edge | D58: 3 Edge | E58: 4 Edge | F58: 5 Edge | G58: 6 Edge | H58: 7 Edge
A59: P1 | B59: 1 | C59: 6 | D59: 6 | E59: 2 | F59: 8 | I59: =sum(B59:H59) -> 23 | J59: =B59+C59*2+D59*3+E59*4+F59*5+G59*6+H59*7 -> 79 | K59: =sum(J59:J82)/(24*24) -> 3.0069444
A60: P2 | B60: 1 | C60: 6 | D60: 6 | E60: 2 | F60: 8 | I60: =sum(B60:H60) -> 23 | J60: =B60+C60*2+D60*3+E60*4+F60*5+G60*6+H60*7 -> 79
A61: P3 | B61: 1 | C61: 6 | D61: 6 | E61: 2 | F61: 8 | I61: =sum(B61:H61) -> 23 | J61: =B61+C61*2+D61*3+E61*4+F61*5+G61*6+H61*7 -> 79
A62: P4 | B62: 1 | C62: 6 | D62: 6 | E62: 2 | F62: 8 | I62: =sum(B62:H62) -> 23 | J62: =B62+C62*2+D62*3+E62*4+F62*5+G62*6+H62*7 -> 79
A63: P5 | B63: 1 | C63: 6 | D63: 6 | E63: 2 | F63: 8 | I63: =sum(B63:H63) -> 23 | J63: =B63+C63*2+D63*3+E63*4+F63*5+G63*6+H63*7 -> 79
A64: P6 | B64: 7 | C64: 6 | D64: 2 | E64: 8 | I64: =sum(B64:H64) -> 23 | J64: =B64+C64*2+D64*3+E64*4+F64*5+G64*6+H64*7 -> 57
A65: P7 | B65: 1 | C65: 3 | D65: 8 | E65: 3 | F65: 8 | I65: =sum(B65:H65) -> 23 | J65: =B65+C65*2+D65*3+E65*4+F65*5+G65*6+H65*7 -> 83
A66: P8 | B66: 4 | C66: 8 | D66: 3 | E66: 8 | I66: =sum(B66:H66) -> 23 | J66: =B66+C66*2+D66*3+E66*4+F66*5+G66*6+H66*7 -> 61
A67: P9 | B67: 1 | C67: 3 | D67: 8 | E67: 3 | F67: 8 | I67: =sum(B67:H67) -> 23 | J67: =B67+C67*2+D67*3+E67*4+F67*5+G67*6+H67*7 -> 83
A68: P10 | B68: 1 | C68: 4 | D68: 10 | E68: 8 | I68: =sum(B68:H68) -> 23 | J68: =B68+C68*2+D68*3+E68*4+F68*5+G68*6+H68*7 -> 71
A69: P11 | B69: 1 | C69: 4 | D69: 10 | E69: 8 | I69: =sum(B69:H69) -> 23 | J69: =B69+C69*2+D69*3+E69*4+F69*5+G69*6+H69*7 -> 71
A70: P12 | B70: 5 | C70: 10 | D70: 8 | I70: =sum(B70:H70) -> 23 | J70: =B70+C70*2+D70*3+E70*4+F70*5+G70*6+H70*7 -> 49
A71: P13 | B71: 4 | C71: 12 | D71: 7 | I71: =sum(B71:H71) -> 23 | J71: =B71+C71*2+D71*3+E71*4+F71*5+G71*6+H71*7 -> 49
A72: P14 | B72: 1 | C72: 3 | D72: 12 | E72: 7 | I72: =sum(B72:H72) -> 23 | J72: =B72+C72*2+D72*3+E72*4+F72*5+G72*6+H72*7 -> 71
A73: P15 | B73: 1 | C73: 3 | D73: 12 | E73: 7 | I73: =sum(B73:H73) -> 23 | J73: =B73+C73*2+D73*3+E73*4+F73*5+G73*6+H73*7 -> 71
A74: P16 | B74: 1 | C74: 8 | D74: 3 | E74: 4 | F74: 7 | I74: =sum(B74:H74) -> 23 | J74: =B74+C74*2+D74*3+E74*4+F74*5+G74*6+H74*7 -> 77
A75: P17 | B75: 9 | C75: 3 | D75: 4 | E75: 7 | I75: =sum(B75:H75) -> 23 | J75: =B75+C75*2+D75*3+E75*4+F75*5+G75*6+H75*7 -> 55
A76: P18 | B76: 1 | C76: 8 | D76: 3 | E76: 4 | F76: 7 | I76: =sum(B76:H76) -> 23 | J76: =B76+C76*2+D76*3+E76*4+F76*5+G76*6+H76*7 -> 77
A77: P19 | B77: 1 | C77: 8 | D77: 3 | E77: 4 | F77: 7 | I77: =sum(B77:H77) -> 23 | J77: =B77+C77*2+D77*3+E77*4+F77*5+G77*6+H77*7 -> 77
A78: P20 | B78: 1 | C78: 8 | D78: 3 | E78: 4 | F78: 7 | I78: =sum(B78:H78) -> 23 | J78: =B78+C78*2+D78*3+E78*4+F78*5+G78*6+H78*7 -> 77
A79: P21 | B79: 1 | C79: 8 | D79: 3 | E79: 4 | F79: 7 | I79: =sum(B79:H79) -> 23 | J79: =B79+C79*2+D79*3+E79*4+F79*5+G79*6+H79*7 -> 77
A80: P22 | B80: 1 | C80: 8 | D80: 3 | E80: 4 | F80: 7 | I80: =sum(B80:H80) -> 23 | J80: =B80+C80*2+D80*3+E80*4+F80*5+G80*6+H80*7 -> 77
A81: P23 | B81: 1 | C81: 8 | D81: 3 | E81: 4 | F81: 7 | I81: =sum(B81:H81) -> 23 | J81: =B81+C81*2+D81*3+E81*4+F81*5+G81*6+H81*7 -> 77
A82: P24 | B82: 1 | C82: 8 | D82: 3 | E82: 4 | F82: 7 | I82: =sum(B82:H82) -> 23 | J82: =B82+C82*2+D82*3+E82*4+F82*5+G82*6+H82*7 -> 77
A85: ALPHA 0.8
B86: 1 Edge | C86: 2 Edge | D86: 3 Edge | E86: 4 Edge | F86: 5 Edge | G86: 6 Edge | H86: 7 Edge
A87: P1 | B87: 1 | C87: 6 | D87: 5 | E87: 3 | F87: 8 | I87: =sum(B87:H87) -> 23 | J87: =B87+C87*2+D87*3+E87*4+F87*5+G87*6+H87*7 -> 80 | K87: =sum(J87:J110)/(24*24) -> 2.9722222
A88: P2 | B88: 1 | C88: 6 | D88: 5 | E88: 3 | F88: 8 | I88: =sum(B88:H88) -> 23 | J88: =B88+C88*2+D88*3+E88*4+F88*5+G88*6+H88*7 -> 80
A89: P3 | B89: 1 | C89: 6 | D89: 5 | E89: 3 | F89: 8 | I89: =sum(B89:H89) -> 23 | J89: =B89+C89*2+D89*3+E89*4+F89*5+G89*6+H89*7 -> 80
A90: P4 | B90: 1 | C90: 6 | D90: 5 | E90: 3 | F90: 8 | I90: =sum(B90:H90) -> 23 | J90: =B90+C90*2+D90*3+E90*4+F90*5+G90*6+H90*7 -> 80
A91: P5 | B91: 1 | C91: 6 | D91: 5 | E91: 3 | F91: 8 | I91: =sum(B91:H91) -> 23 | J91: =B91+C91*2+D91*3+E91*4+F91*5+G91*6+H91*7 -> 80
A92: P6 | B92: 7 | C92: 5 | D92: 3 | E92: 8 | I92: =sum(B92:H92) -> 23 | J92: =B92+C92*2+D92*3+E92*4+F92*5+G92*6+H92*7 -> 58
A93: P7 | B93: 1 | C93: 2 | D93: 9 | E93: 3 | F93: 8 | I93: =sum(B93:H93) -> 23 | J93: =B93+C93*2+D93*3+E93*4+F93*5+G93*6+H93*7 -> 84
A94: P8 | B94: 3 | C94: 9 | D94: 3 | E94: 8 | I94: =sum(B94:H94) -> 23 | J94: =B94+C94*2+D94*3+E94*4+F94*5+G94*6+H94*7 -> 62
A95: P9 | B95: 1 | C95: 5 | D95: 9 | E95: 8 | I95: =sum(B95:H95) -> 23 | J95: =B95+C95*2+D95*3+E95*4+F95*5+G95*6+H95*7 -> 70
A96: P10 | B96: 1 | C96: 5 | D96: 9 | E96: 8 | I96: =sum(B96:H96) -> 23 | J96: =B96+C96*2+D96*3+E96*4+F96*5+G96*6+H96*7 -> 70
A97: P11 | B97: 1 | C97: 5 | D97: 9 | E97: 8 | I97: =sum(B97:H97) -> 23 | J97: =B97+C97*2+D97*3+E97*4+F97*5+G97*6+H97*7 -> 70
A98: P12 | B98: 6 | C98: 9 | D98: 8 | I98: =sum(B98:H98) -> 23 | J98: =B98+C98*2+D98*3+E98*4+F98*5+G98*6+H98*7 -> 48
A99: P13 | B99: 4 | C99: 13 | D99: 6 | I99: =sum(B99:H99) -> 23 | J99: =B99+C99*2+D99*3+E99*4+F99*5+G99*6+H99*7 -> 48
A100: P14 | B100: 1 | C100: 3 | D100: 13 | E100: 6 | I100: =sum(B100:H100) -> 23 | J100: =B100+C100*2+D100*3+E100*4+F100*5+G100*6+H100*7 -> 70
A101: P15 | B101: 1 | C101: 3 | D101: 13 | E101: 6 | I101: =sum(B101:H101) -> 23 | J101: =B101+C101*2+D101*3+E101*4+F101*5+G101*6+H101*7 -> 70
A102: P16 | B102: 1 | C102: 8 | D102: 3 | E102: 5 | F102: 6 | I102: =sum(B102:H102) -> 23 | J102: =B102+C102*2+D102*3+E102*4+F102*5+G102*6+H102*7 -> 76
A103: P17 | B103: 9 | C103: 3 | D103: 5 | E103: 6 | I103: =sum(B103:H103) -> 23 | J103: =B103+C103*2+D103*3+E103*4+F103*5+G103*6+H103*7 -> 54
A104: P18 | B104: 1 | C104: 8 | D104: 3 | E104: 5 | F104: 6 | I104: =sum(B104:H104) -> 23 | J104: =B104+C104*2+D104*3+E104*4+F104*5+G104*6+H104*7 -> 76
A105: P19 | B105: 1 | C105: 8 | D105: 3 | E105: 5 | F105: 6 | I105: =sum(B105:H105) -> 23 | J105: =B105+C105*2+D105*3+E105*4+F105*5+G105*6+H105*7 -> 76
A106: P20 | B106: 1 | C106: 8 | D106: 3 | E106: 5 | F106: 6 | I106: =sum(B106:H106) -> 23 | J106: =B106+C106*2+D106*3+E106*4+F106*5+G106*6+H106*7 -> 76
...

Sheet ICMA
A1: ALPHA 0.2
B2: 1 Edge | C2: 2 Edge | D2: 3 Edge | E2: 4 Edge | F2: 5 Edge | G2: 6 Edge | H2: 7 Edge
A3: P1 | B3: 2 | C3: 11 | D3: 10 | I3: =sum(B3:H3) -> 23 | J3: =B3+C3*2+D3*3+E3*4+F3*5+G3*6+H3*7 -> 54 | K3: =sum(J3:J26)/(24*24) -> 2.0486111
A4: P2 | B4: 2 | C4: 11 | D4: 10 | I4: =sum(B4:H4) -> 23 | J4: =B4+C4*2+D4*3+E4*4+F4*5+G4*6+H4*7 -> 54
A5: P3 | B5: 2 | C5: 11 | D5: 10 | I5: =sum(B5:H5) -> 23 | J5: =B5+C5*2+D5*3+E5*4+F5*5+G5*6+H5*7 -> 54
A6: P4 | B6: 2 | C6: 11 | D6: 10 | I6: =sum(B6:H6) -> 23 | J6: =B6+C6*2+D6*3+E6*4+F6*5+G6*6+H6*7 -> 54
A7: P5 | B7: 11 | C7: 12 | I7: =sum(B7:H7) -> 23 | J7: =B7+C7*2+D7*3+E7*4+F7*5+G7*6+H7*7 -> 35
A8: P6 | B8: 2 | C8: 11 | D8: 10 | I8: =sum(B8:H8) -> 23 | J8: =B8+C8*2+D8*3+E8*4+F8*5+G8*6+H8*7 -> 54
A9: P7 | B9: 2 | C9: 11 | D9: 10 | I9: =sum(B9:H9) -> 23 | J9: =B9+C9*2+D9*3+E9*4+F9*5+G9*6+H9*7 -> 54
A10: P8 | B10: 12 | C10: 11 | I10: =sum(B10:H10) -> 23 | J10: =B10+C10*2+D10*3+E10*4+F10*5+G10*6+H10*7 -> 34
A11: P9 | B11: 2 | C11: 12 | D11: 9 | I11: =sum(B11:H11) -> 23 | J11: =B11+C11*2+D11*3+E11*4+F11*5+G11*6+H11*7 -> 53
A12: P10 | B12: 2 | C12: 12 | D12: 9 | I12: =sum(B12:H12) -> 23 | J12: =B12+C12*2+D12*3+E12*4+F12*5+G12*6+H12*7 -> 53
A13: P11 | B13: 2 | C13: 13 | D13: 8 | I13: =sum(B13:H13) -> 23 | J13: =B13+C13*2+D13*3+E13*4+F13*5+G13*6+H13*7 -> 52
A14: P12 | B14: 9 | C14: 14 | I14: =sum(B14:H14) -> 23 | J14: =B14+C14*2+D14*3+E14*4+F14*5+G14*6+H14*7 -> 37
A15: P13 | B15: 2 | C15: 15 | D15: 6 | I15: =sum(B15:H15) -> 23 | J15: =B15+C15*2+D15*3+E15*4+F15*5+G15*6+H15*7 -> 50
A16: P14 | B16: 13 | C16: 10 | I16: =sum(B16:H16) -> 23 | J16: =B16+C16*2+D16*3+E16*4+F16*5+G16*6+H16*7 -> 33
A17: P15 | B17: 1 | C17: 13 | D17: 9 | I17: =sum(B17:H17) -> 23 | J17: =B17+C17*2+D17*3+E17*4+F17*5+G17*6+H17*7 -> 54
A18: P16 | B18: 1 | C18: 13 | D18: 9 | I18: =sum(B18:H18) -> 23 | J18: =B18+C18*2+D18*3+E18*4+F18*5+G18*6+H18*7 -> 54
A19: P17 | B19: 2 | C19: 13 | D19: 8 | I19: =sum(B19:H19) -> 23 | J19: =B19+C19*2+D19*3+E19*4+F19*5+G19*6+H19*7 -> 52
A20: P18 | B20: 2 | C20: 13 | D20: 8 | I20: =sum(B20:H20) -> 23 | J20: =B20+C20*2+D20*3+E20*4+F20*5+G20*6+H20*7 -> 52
A21: P19 | B21: 2 | C21: 13 | D21: 8 | I21: =sum(B21:H21) -> 23 | J21: =B21+C21*2+D21*3+E21*4+F21*5+G21*6+H21*7 -> 52
A22: P20 | B22: 2 | C22: 13 | D22: 8 | I22: =sum(B22:H22) -> 23 | J22: =B22+C22*2+D22*3+E22*4+F22*5+G22*6+H22*7 -> 52
A23: P21 | B23: 10 | C23: 12 | D23: 1 | I23: =sum(B23:H23) -> 23 | J23: =B23+C23*2+D23*3+E23*4+F23*5+G23*6+H23*7 -> 37
A24: P22 | B24: 2 | C24: 13 | D24: 8 | I24: =sum(B24:H24) -> 23 | J24: =B24+C24*2+D24*3+E24*4+F24*5+G24*6+H24*7 -> 52
A25: P23 | B25: 2 | C25: 13 | D25: 8 | I25: =sum(B25:H25) -> 23 | J25: =B25+C25*2+D25*3+E25*4+F25*5+G25*6+H25*7 -> 52
A26: P24 | B26: 2 | C26: 13 | D26: 8 | I26: =sum(B26:H26) -> 23 | J26: =B26+C26*2+D26*3+E26*4+F26*5+G26*6+H26*7 -> 52
A29: ALPHA 0.4
B30: 1 Edge | C30: 2 Edge | D30: 3 Edge | E30: 4 Edge | F30: 5 Edge | G30: 6 Edge | H30: 7 Edge
A31: P1 | B31: 2 | C31: 10 | D31: 2 | E31: 10 | I31: =sum(B31:H31) -> 24 | J31: =B31+C31*2+D31*3+E31*4+F31*5+G31*6+H31*7 -> 68 | K31: =sum(J31:J54)/(24*24) -> 2.2395833
A32: P2 | B32: 2 | C32: 10 | D32: 2 | E32: 10 | I32: =sum(B32:H32) -> 24 | J32: =B32+C32*2+D32*3+E32*4+F32*5+G32*6+H32*7 -> 68
A33: P3 | B33: 2 | C33: 10 | D33: 2 | E33: 10 | I33: =sum(B33:H33) -> 24 | J33: =B33+C33*2+D33*3+E33*4+F33*5+G33*6+H33*7 -> 68
A34: P4 | B34: 2 | C34: 10 | D34: 2 | E34: 10 | I34: =sum(B34:H34) -> 24 | J34: =B34+C34*2+D34*3+E34*4+F34*5+G34*6+H34*7 -> 68
A35: P5 | B35: 9 | C35: 4 | D35: 10 | I35: =sum(B35:H35) -> 23 | J35: =B35+C35*2+D35*3+E35*4+F35*5+G35*6+H35*7 -> 47
A36: P6 | B36: 2 | C36: 10 | D36: 2 | E36: 10 | I36: =sum(B36:H36) -> 24 | J36: =B36+C36*2+D36*3+E36*4+F36*5+G36*6+H36*7 -> 68
A37: P7 | B37: 2 | C37: 10 | D37: 2 | E37: 10 | I37: =sum(B37:H37) -> 24 | J37: =B37+C37*2+D37*3+E37*4+F37*5+G37*6+H37*7 -> 68
A38: P8 | B38: 12 | C38: 11 | I38: =sum(B38:H38) -> 23 | J38: =B38+C38*2+D38*3+E38*4+F38*5+G38*6+H38*7 -> 34
A39: P9 | B39: 2 | C39: 11 | D39: 10 | I39: =sum(B39:H39) -> 23 | J39: =B39+C39*2+D39*3+E39*4+F39*5+G39*6+H39*7 -> 54
A40: P10 | B40: 3 | C40: 20 | I40: =sum(B40:H40) -> 23 | J40: =B40+C40*2+D40*3+E40*4+F40*5+G40*6+H40*7 -> 43
A41: P11 | B41: 3 | C41: 10 | D41: 10 | I41: =sum(B41:H41) -> 23 | J41: =B41+C41*2+D41*3+E41*4+F41*5+G41*6+H41*7 -> 53
A42: P12 | B42: 7 | C42: 16 | I42: =sum(B42:H42) -> 23 | J42: =B42+C42*2+D42*3+E42*4+F42*5+G42*6+H42*7 -> 39
A43: P13 | B43: 14 | C43: 9 | I43: =sum(B43:H43) -> 23 | J43: =B43+C43*2+D43*3+E43*4+F43*5+G43*6+H43*7 -> 32
A44: P14 | B44: 12 | C44: 5 | D44: 6 | I44: =sum(B44:H44) -> 23 | J44: =B44+C44*2+D44*3+E44*4+F44*5+G44*6+H44*7 -> 40
A45: P15 | B45: 2 | C45: 11 | D45: 10 | I45: =sum(B45:H45) -> 23 | J45: =B45+C45*2+D45*3+E45*4+F45*5+G45*6+H45*7 -> 54
A46: P16 | B46: 2 | C46: 11 | D46: 10 | I46: =sum(B46:H46) -> 23 | J46: =B46+C46*2+D46*3+E46*4+F46*5+G46*6+H46*7 -> 54
A47: P17 | B47: 2 | C47: 11 | D47: 10 | I47: =sum(B47:H47) -> 23 | J47: =B47+C47*2+D47*3+E47*4+F47*5+G47*6+H47*7 -> 54
A48: P18 | B48: 2 | C48: 11 | D48: 10 | I48: =sum(B48:H48) -> 23 | J48: =B48+C48*2+D48*3+E48*4+F48*5+G48*6+H48*7 -> 54
A49: P19 | B49: 2 | C49: 11 | D49: 10 | I49: =sum(B49:H49) -> 23 | J49: =B49+C49*2+D49*3+E49*4+F49*5+G49*6+H49*7 -> 54
A50: P20 | B50: 2 | C50: 11 | D50: 10 | I50: =sum(B50:H50) -> 23 | J50: =B50+C50*2+D50*3+E50*4+F50*5+G50*6+H50*7 -> 54
A51: P21 | B51: 2 | C51: 11 | D51: 10 | I51: =sum(B51:H51) -> 23 | J51: =B51+C51*2+D51*3+E51*4+F51*5+G51*6+H51*7 -> 54
A52: P22 | B52: 2 | C52: 11 | D52: 10 | I52: =sum(B52:H52) -> 23 | J52: =B52+C52*2+D52*3+E52*4+F52*5+G52*6+H52*7 -> 54
A53: P23 | B53: 2 | C53: 11 | D53: 10 | I53: =sum(B53:H53) -> 23 | J53: =B53+C53*2+D53*3+E53*4+F53*5+G53*6+H53*7 -> 54
A54: P24 | B54: 2 | C54: 11 | D54: 10 | I54: =sum(B54:H54) -> 23 | J54: =B54+C54*2+D54*3+E54*4+F54*5+G54*6+H54*7 -> 54
A57: ALPHA 0.6
B58: 1 Edge | C58: 2 Edge | D58: 3 Edge | E58: 4 Edge | F58: 5 Edge | G58: 6 Edge | H58: 7 Edge
A59: P1 | B59: 2 | C59: 10 | D59: 11 | I59: =sum(B59:H59) -> 23 | J59: =B59+C59*2+D59*3+E59*4+F59*5+G59*6+H59*7 -> 55 | K59: =sum(J59:J82)/(24*24) -> 2.0364583
A60: P2 | B60: 2 | C60: 10 | D60: 11 | I60: =sum(B60:H60) -> 23 | J60: =B60+C60*2+D60*3+E60*4+F60*5+G60*6+H60*7 -> 55
A61: P3 | B61: 2 | C61: 10 | D61: 11 | I61: =sum(B61:H61) -> 23 | J61: =B61+C61*2+D61*3+E61*4+F61*5+G61*6+H61*7 -> 55
A62: P4 | B62: 2 | C62: 10 | D62: 11 | I62: =sum(B62:H62) -> 23 | J62: =B62+C62*2+D62*3+E62*4+F62*5+G62*6+H62*7 -> 55
A63: P5 | B63: 11 | C63: 12 | I63: =sum(B63:H63) -> 23 | J63: =B63+C63*2+D63*3+E63*4+F63*5+G63*6+H63*7 -> 35
A64: P6 | B64: 2 | C64: 10 | D64: 11 | I64: =sum(B64:H64) -> 23 | J64: =B64+C64*2+D64*3+E64*4+F64*5+G64*6+H64*7 -> 55
A65: P7 | B65: 2 | C65: 10 | D65: 11 | I65: =sum(B65:H65) -> 23 | J65: =B65+C65*2+D65*3+E65*4+F65*5+G65*6+H65*7 -> 55
A66: P8 | B66: 12 | C66: 11 | I66: =sum(B66:H66) -> 23 | J66: =B66+C66*2+D66*3+E66*4+F66*5+G66*6+H66*7 -> 34
A67: P9 | B67: 2 | C67: 10 | D67: 11 | I67: =sum(B67:H67) -> 23 | J67: =B67+C67*2+D67*3+E67*4+F67*5+G67*6+H67*7 -> 55
A68: P10 | B68: 3 | C68: 20 | I68: =sum(B68:H68) -> 23 | J68: =B68+C68*2+D68*3+E68*4+F68*5+G68*6+H68*7 -> 43
A69: P11 | B69: 3 | C69: 10 | D69: 10 | I69: =sum(B69:H69) -> 23 | J69: =B69+C69*2+D69*3+E69*4+F69*5+G69*6+H69*7 -> 53
A70: P12 | B70: 7 | C70: 16 | I70: =sum(B70:H70) -> 23 | J70: =B70+C70*2+D70*3+E70*4+F70*5+G70*6+H70*7 -> 39
A71: P13 | B71: 14 | C71: 9 | I71: =sum(B71:H71) -> 23 | J71: =B71+C71*2+D71*3+E71*4+F71*5+G71*6+H71*7 -> 32
A72: P14 | B72: 14 | C72: 9 | I72: =sum(B72:H72) -> 23 | J72: =B72+C72*2+D72*3+E72*4+F72*5+G72*6+H72*7 -> 32
A73: P15 | B73: 2 | C73: 13 | D73: 8 | I73: =sum(B73:H73) -> 23 | J73: =B73+C73*2+D73*3+E73*4+F73*5+G73*6+H73*7 -> 52
A74: P16 | B74: 2 | C74: 13 | D74: 8 | I74: =sum(B74:H74) -> 23 | J74: =B74+C74*2+D74*3+E74*4+F74*5+G74*6+H74*7 -> 52
A75: P17 | B75: 2 | C75: 13 | D75: 8 | I75: =sum(B75:H75) -> 23 | J75: =B75+C75*2+D75*3+E75*4+F75*5+G75*6+H75*7 -> 52
A76: P18 | B76: 2 | C76: 13 | D76: 8 | I76: =sum(B76:H76) -> 23 | J76: =B76+C76*2+D76*3+E76*4+F76*5+G76*6+H76*7 -> 52
A77: P19 | B77: 2 | C77: 13 | D77: 8 | I77: =sum(B77:H77) -> 23 | J77: =B77+C77*2+D77*3+E77*4+F77*5+G77*6+H77*7 -> 52
A78: P20 | B78: 2 | C78: 13 | D78: 8 | I78: =sum(B78:H78) -> 23 | J78: =B78+C78*2+D78*3+E78*4+F78*5+G78*6+H78*7 -> 52
A79: P21 | B79: 2 | C79: 13 | D79: 8 | I79: =sum(B79:H79) -> 23 | J79: =B79+C79*2+D79*3+E79*4+F79*5+G79*6+H79*7 -> 52
A80: P22 | B80: 2 | C80: 13 | D80: 8 | I80: =sum(B80:H80) -> 23 | J80: =B80+C80*2+D80*3+E80*4+F80*5+G80*6+H80*7 -> 52
A81: P23 | B81: 2 | C81: 13 | D81: 8 | I81: =sum(B81:H81) -> 23 | J81: =B81+C81*2+D81*3+E81*4+F81*5+G81*6+H81*7 -> 52
A82: P24 | B82: 2 | C82: 13 | D82: 8 | I82: =sum(B82:H82) -> 23 | J82: =B82+C82*2+D82*3+E82*4+F82*5+G82*6+H82*7 -> 52
A85: ALPHA 0.8
B86: 1 Edge | C86: 2 Edge | D86: 3 Edge | E86: 4 Edge | F86: 5 Edge | G86: 6 Edge | H86: 7 Edge
A87: P1 | B87: 2 | C87: 9 | D87: 2 | E87: 10 | I87: =sum(B87:H87) -> 23 | J87: =B87+C87*2+D87*3+E87*4+F87*5+G87*6+H87*7 -> 66 | K87: =sum(J87:J110)/(24*24) -> 2.2152778
A88: P2 | B88: 2 | C88: 9 | D88: 2 | E88: 10 | I88: =sum(B88:H88) -> 23 | J88: =B88+C88*2+D88*3+E88*4+F88*5+G88*6+H88*7 -> 66
A89: P3 | B89: 2 | C89: 9 | D89: 2 | E89: 10 | I89: =sum(B89:H89) -> 23 | J89: =B89+C89*2+D89*3+E89*4+F89*5+G89*6+H89*7 -> 66
A90: P4 | B90: 2 | C90: 9 | D90: 2 | E90: 10 | I90: =sum(B90:H90) -> 23 | J90: =B90+C90*2+D90*3+E90*4+F90*5+G90*6+H90*7 -> 66
A91: P5 | B91: 11 | C91: 2 | D91: 10 | I91: =sum(B91:H91) -> 23 | J91: =B91+C91*2+D91*3+E91*4+F91*5+G91*6+H91*7 -> 45
A92: P6 | B92: 3 | C92: 10 | D92: 10 | I92: =sum(B92:H92) -> 23 | J92: =B92+C92*2+D92*3+E92*4+F92*5+G92*6+H92*7 -> 53
A93: P7 | B93: 11 | C93: 2 | D93: 10 | I93: =sum(B93:H93) -> 23 | J93: =B93+C93*2+D93*3+E93*4+F93*5+G93*6+H93*7 -> 45
A94: P8 | B94: 3 | C94: 10 | D94: 10 | I94: =sum(B94:H94) -> 23 | J94: =B94+C94*2+D94*3+E94*4+F94*5+G94*6+H94*7 -> 53
A95: P9 | B95: 4 | C95: 19 | I95: =sum(B95:H95) -> 23 | J95: =B95+C95*2+D95*3+E95*4+F95*5+G95*6+H95*7 -> 42
A96: P10 | B96: 4 | C96: 19 | I96: =sum(B96:H96) -> 23 | J96: =B96+C96*2+D96*3+E96*4+F96*5+G96*6+H96*7 -> 42
A97: P11 | B97: 3 | C97: 10 | D97: 10 | I97: =sum(B97:H97) -> 23 | J97: =B97+C97*2+D97*3+E97*4+F97*5+G97*6+H97*7 -> 53
A98: P12 | B98: 9 | C98: 14 | I98: =sum(B98:H98) -> 23 | J98: =B98+C98*2+D98*3+E98*4+F98*5+G98*6+H98*7 -> 37
A99: P13 | B99: 14 | C99: 5 | D99: 4 | I99: =sum(B99:H99) -> 23 | J99: =B99+C99*2+D99*3+E99*4+F99*5+G99*6+H99*7 -> 36
A100: P14 | B100: 14 | C100: 5 | D100: 4 | I100: =sum(B100:H100) -> 23 | J100: =B100+C100*2+D100*3+E100*4+F100*5+G100*6+H100*7 -> 36
A101: P15 | B101: 2 | C101: 11 | D101: 7 | E101: 3 | I101: =sum(B101:H101) -> 23 | J101: =B101+C101*2+D101*3+E101*4+F101*5+G101*6+H101*7 -> 57
A102: P16 | B102: 2 | C102: 11 | D102: 7 | E102: 3 | I102: =sum(B102:H102) -> 23 | J102: =B102+C102*2+D102*3+E102*4+F102*5+G102*6+H102*7 -> 57
A103: P17 | B103: 2 | C103: 11 | D103: 7 | E103: 3 | I103: =sum(B103:H103) -> 23 | J103: =B103+C103*2+D103*3+E103*4+F103*5+G103*6+H103*7 -> 57
A104: P18 | B104: 2 | C104: 11 | D104: 7 | E104: 3 | I104: =sum(B104:H104) -> 23 | J104: =B104+C104*2+D104*3+E104*4+F104*5+G104*6+H104*7 -> 57
A105: P19 | B105: 2 | C105: 11 | D105: 7 | E105: 3 | I105: =sum(B105:H105) -> 23 | J105: =B105+C105*2+D105*3+E105*4+F105*5+G105*6+H105*7 -> 57
A106: P20 | B106: 2 | C106: 11 | D106: 7 | E106: 3 | I106: =sum(B106:H106) -> 23 | J106: =B106+C106*2+D106*3+E106*4+F106*5+G106*6+H106*7 -> 57
...

Sheet CHSA
A1: Alpha 0.2
B2: 1 Edge | C2: 2 Edge | D2: 3 Edge | E2: 4 Edge | F2: 5 Edge | G2: 6 Edge | H2: 7 Edge
A3: P1 | B3: 1 | C3: 6 | D3: 3 | E3: 5 | F3: 4 | G3: 4 | I3: =sum(B3:H3) -> 23 | J3: =B3+C3*2+D3*3+E3*4+F3*5+G3*6+H3*7 -> 86 | K3: =sum(J3:J26)/((24*24)-24) -> 3.3550725
A4: P2 | B4: 1 | C4: 6 | D4: 3 | E4: 5 | F4: 4 | G4: 4 | I4: =sum(B4:H4) -> 23 | J4: =B4+C4*2+D4*3+E4*4+F4*5+G4*6+H4*7 -> 86
A5: P3 | B5: 1 | C5: 6 | D5: 3 | E5: 5 | F5: 4 | G5: 4 | I5: =sum(B5:H5) -> 23 | J5: =B5+C5*2+D5*3+E5*4+F5*5+G5*6+H5*7 -> 86
A6: P4 | B6: 1 | C6: 6 | D6: 3 | E6: 5 | F6: 4 | G6: 4 | I6: =sum(B6:H6) -> 23 | J6: =B6+C6*2+D6*3+E6*4+F6*5+G6*6+H6*7 -> 86
A7: P5 | B7: 1 | C7: 6 | D7: 3 | E7: 5 | F7: 4 | G7: 4 | I7: =sum(B7:H7) -> 23 | J7: =B7+C7*2+D7*3+E7*4+F7*5+G7*6+H7*7 -> 86
A8: P6 | B8: 7 | C8: 3 | D8: 5 | E8: 4 | F8: 4 | I8: =sum(B8:H8) -> 23 | J8: =B8+C8*2+D8*3+E8*4+F8*5+G8*6+H8*7 -> 64
A9: P7 | B9: 1 | C9: 3 | D9: 11 | E9: 4 | F9: 4 | I9: =sum(B9:H9) -> 23 | J9: =B9+C9*2+D9*3+E9*4+F9*5+G9*6+H9*7 -> 76
A10: P8 | B10: 4 | C10: 11 | D10: 4 | E10: 4 | I10: =sum(B10:H10) -> 23 | J10: =B10+C10*2+D10*3+E10*4+F10*5+G10*6+H10*7 -> 54
A11: P9 | B11: 1 | C11: 3 | D11: 11 | E11: 4 | F11: 4 | I11: =sum(B11:H11) -> 23 | J11: =B11+C11*2+D11*3+E11*4+F11*5+G11*6+H11*7 -> 76
A12: P10 | B12: 1 | C12: 5 | D12: 7 | E12: 10 | I12: =sum(B12:H12) -> 23 | J12: =B12+C12*2+D12*3+E12*4+F12*5+G12*6+H12*7 -> 72
A13: P11 | B13: 1 | C13: 6 | D13: 3 | E13: 5 | F13: 4 | G13: 4 | I13: =sum(B13:H13) -> 23 | J13: =B13+C13*2+D13*3+E13*4+F13*5+G13*6+H13*7 -> 86
A14: P12 | B14: 1 | C14: 5 | D14: 7 | E14: 10 | I14: =sum(B14:H14) -> 23 | J14: =B14+C14*2+D14*3+E14*4+F14*5+G14*6+H14*7 -> 72
A15: P13 | B15: 6 | C15: 7 | D15: 10 | I15: =sum(B15:H15) -> 23 | J15: =B15+C15*2+D15*3+E15*4+F15*5+G15*6+H15*7 -> 50
A16: P14 | B16: 1 | C16: 4 | D16: 9 | E16: 3 | F16: 6 | I16: =sum(B16:H16) -> 23 | J16: =B16+C16*2+D16*3+E16*4+F16*5+G16*6+H16*7 -> 78
A17: P15 | B17: 5 | C17: 9 | D17: 3 | E17: 6 | I17: =sum(B17:H17) -> 23 | J17: =B17+C17*2+D17*3+E17*4+F17*5+G17*6+H17*7 -> 56
A18: P16 | B18: 1 | C18: 4 | D18: 9 | E18: 3 | F18: 6 | I18: =sum(B18:H18) -> 23 | J18: =B18+C18*2+D18*3+E18*4+F18*5+G18*6+H18*7 -> 78
A19: P17 | B19: 1 | C19: 5 | D19: 7 | E19: 10 | I19: =sum(B19:H19) -> 23 | J19: =B19+C19*2+D19*3+E19*4+F19*5+G19*6+H19*7 -> 72
A20: P18 | B20: 1 | C20: 4 | D20: 9 | E20: 3 | F20: 6 | I20: =sum(B20:H20) -> 23 | J20: =B20+C20*2+D20*3+E20*4+F20*5+G20*6+H20*7 -> 78
A21: P19 | B21: 1 | C21: 4 | D21: 4 | E21: 5 | F21: 3 | G21: 6 | I21: =sum(B21:H21) -> 23 | J21: =B21+C21*2+D21*3+E21*4+F21*5+G21*6+H21*7 -> 92
A22: P20 | B22: 1 | C22: 5 | D22: 7 | E22: 10 | I22: =sum(B22:H22) -> 23 | J22: =B22+C22*2+D22*3+E22*4+F22*5+G22*6+H22*7 -> 72
A23: P21 | B23: 5 | C23: 4 | D23: 5 | E23: 3 | F23: 6 | I23: =sum(B23:H23) -> 23 | J23: =B23+C23*2+D23*3+E23*4+F23*5+G23*6+H23*7 -> 70
A24: P22 | B24: 1 | C24: 4 | D24: 4 | E24: 5 | F24: 3 | G24: 6 | I24: =sum(B24:H24) -> 23 | J24: =B24+C24*2+D24*3+E24*4+F24*5+G24*6+H24*7 -> 92
A25: P23 | B25: 1 | C25: 4 | D25: 4 | E25: 5 | F25: 3 | G25: 6 | I25: =sum(B25:H25) -> 23 | J25: =B25+C25*2+D25*3+E25*4+F25*5+G25*6+H25*7 -> 92
A26: P24 | B26: 1 | C26: 4 | D26: 4 | E26: 5 | F26: 3 | G26: 6 | I26: =sum(B26:H26) -> 23 | J26: =B26+C26*2+D26*3+E26*4+F26*5+G26*6+H26*7 -> 92
A29: Alpha 0.4
B30: 1 Edge | C30: 2 Edge | D30: 3 Edge | E30: 4 Edge | F30: 5 Edge | G30: 6 Edge | H30: 7 Edge
A31: P1 | B31: 1 | C31: 6 | D31: 11 | E31: 3 | F31: 2 | I31: =sum(B31:H31) -> 23 | J31: =B31+C31*2+D31*3+E31*4+F31*5+G31*6+H31*7 -> 68 | K31: =sum(J31:J54)/((24*24)-24) -> 2.8876812
A32: P2 | B32: 1 | C32: 6 | D32: 11 | E32: 3 | F32: 2 | I32: =sum(B32:H32) -> 23 | J32: =B32+C32*2+D32*3+E32*4+F32*5+G32*6+H32*7 -> 68
A33: P3 | B33: 1 | C33: 6 | D33: 11 | E33: 3 | F33: 2 | I33: =sum(B33:H33) -> 23 | J33: =B33+C33*2+D33*3+E33*4+F33*5+G33*6+H33*7 -> 68
A34: P4 | B34: 1 | C34: 6 | D34: 11 | E34: 3 | F34: 2 | I34: =sum(B34:H34) -> 23 | J34: =B34+C34*2+D34*3+E34*4+F34*5+G34*6+H34*7 -> 68
A35: P5 | B35: 1 | C35: 6 | D35: 11 | E35: 3 | F35: 2 | I35: =sum(B35:H35) -> 23 | J35: =B35+C35*2+D35*3+E35*4+F35*5+G35*6+H35*7 -> 68
A36: P6 | B36: 7 | C36: 11 | D36: 3 | E36: 2 | I36: =sum(B36:H36) -> 23 | J36: =B36+C36*2+D36*3+E36*4+F36*5+G36*6+H36*7 -> 46
A37: P7 | B37: 1 | C37: 3 | D37: 8 | E37: 3 | F37: 8 | I37: =sum(B37:H37) -> 23 | J37: =B37+C37*2+D37*3+E37*4+F37*5+G37*6+H37*7 -> 83
A38: P8 | B38: 4 | C38: 8 | D38: 3 | E38: 8 | I38: =sum(B38:H38) -> 23 | J38: =B38+C38*2+D38*3+E38*4+F38*5+G38*6+H38*7 -> 61
A39: P9 | B39: 1 | C39: 3 | D39: 8 | E39: 3 | F39: 8 | I39: =sum(B39:H39) -> 23 | J39: =B39+C39*2+D39*3+E39*4+F39*5+G39*6+H39*7 -> 83
A40: P10 | B40: 1 | C40: 3 | D40: 6 | E40: 13 | I40: =sum(B40:H40) -> 23 | J40: =B40+C40*2+D40*3+E40*4+F40*5+G40*6+H40*7 -> 77
A41: P11 | B41: 1 | C41: 3 | D41: 6 | E41: 13 | I41: =sum(B41:H41) -> 23 | J41: =B41+C41*2+D41*3+E41*4+F41*5+G41*6+H41*7 -> 77
A42: P12 | B42: 4 | C42: 6 | D42: 13 | I42: =sum(B42:H42) -> 23 | J42: =B42+C42*2+D42*3+E42*4+F42*5+G42*6+H42*7 -> 55
A43: P13 | B43: 4 | C43: 11 | D43: 3 | E43: 5 | I43: =sum(B43:H43) -> 23 | J43: =B43+C43*2+D43*3+E43*4+F43*5+G43*6+H43*7 -> 55
A44: P14 | B44: 1 | C44: 3 | D44: 11 | E44: 3 | F44: 5 | I44: =sum(B44:H44) -> 23 | J44: =B44+C44*2+D44*3+E44*4+F44*5+G44*6+H44*7 -> 77
A45: P15 | B45: 1 | C45: 3 | D45: 11 | E45: 3 | F45: 5 | I45: =sum(B45:H45) -> 23 | J45: =B45+C45*2+D45*3+E45*4+F45*5+G45*6+H45*7 -> 77
A46: P16 | B46: 1 | C46: 9 | D46: 8 | E46: 3 | F46: 2 | I46: =sum(B46:H46) -> 23 | J46: =B46+C46*2+D46*3+E46*4+F46*5+G46*6+H46*7 -> 65
A47: P17 | B47: 10 | C47: 8 | D47: 3 | E47: 2 | I47: =sum(B47:H47) -> 23 | J47: =B47+C47*2+D47*3+E47*4+F47*5+G47*6+H47*7 -> 43
A48: P18 | B48: 1 | C48: 9 | D48: 8 | E48: 3 | F48: 2 | I48: =sum(B48:H48) -> 23 | J48: =B48+C48*2+D48*3+E48*4+F48*5+G48*6+H48*7 -> 65
A49: P19 | B49: 1 | C49: 9 | D49: 8 | E49: 3 | F49: 2 | I49: =sum(B49:H49) -> 23 | J49: =B49+C49*2+D49*3+E49*4+F49*5+G49*6+H49*7 -> 65
A50: P20 | B50: 1 | C50: 9 | D50: 8 | E50: 3 | F50: 2 | I50: =sum(B50:H50) -> 23 | J50: =B50+C50*2+D50*3+E50*4+F50*5+G50*6+H50*7 -> 65
A51: P21 | B51: 1 | C51: 9 | D51: 8 | E51: 3 | F51: 2 | I51: =sum(B51:H51) -> 23 | J51: =B51+C51*2+D51*3+E51*4+F51*5+G51*6+H51*7 -> 65
A52: P22 | B52: 1 | C52: 9 | D52: 8 | E52: 3 | F52: 2 | I52: =sum(B52:H52) -> 23 | J52: =B52+C52*2+D52*3+E52*4+F52*5+G52*6+H52*7 -> 65
A53: P23 | B53: 1 | C53: 9 | D53: 8 | E53: 3 | F53: 2 | I53: =sum(B53:H53) -> 23 | J53: =B53+C53*2+D53*3+E53*4+F53*5+G53*6+H53*7 -> 65
A54: P24 | B54: 1 | C54: 9 | D54: 8 | E54: 3 | F54: 2 | I54: =sum(B54:H54) -> 23 | J54: =B54+C54*2+D54*3+E54*4+F54*5+G54*6+H54*7 -> 65
A57: Alpha 0.6
B58: 1 Edge | C58: 2 Edge | D58: 3 Edge | E58: 4 Edge | F58: 5 Edge | G58: 6 Edge | H58: 7 Edge
A59: P1 | B59: 1 | C59: 6 | D59: 11 | E59: 3 | F59: 2 | I59: =sum(B59:H59) -> 23 | J59: =B59+C59*2+D59*3+E59*4+F59*5+G59*6+H59*7 -> 68 | K59: =sum(J59:J82)/((24*24)-24) -> 2.8876812
A60: P2 | B60: 1 | C60: 6 | D60: 11 | E60: 3 | F60: 2 | I60: =sum(B60:H60) -> 23 | J60: =B60+C60*2+D60*3+E60*4+F60*5+G60*6+H60*7 -> 68
A61: P3 | B61: 1 | C61: 6 | D61: 11 | E61: 3 | F61: 2 | I61: =sum(B61:H61) -> 23 | J61: =B61+C61*2+D61*3+E61*4+F61*5+G61*6+H61*7 -> 68
A62: P4 | B62: 1 | C62: 6 | D62: 11 | E62: 3 | F62: 2 | I62: =sum(B62:H62) -> 23 | J62: =B62+C62*2+D62*3+E62*4+F62*5+G62*6+H62*7 -> 68
A63: P5 | B63: 1 | C63: 6 | D63: 11 | E63: 3 | F63: 2 | I63: =sum(B63:H63) -> 23 | J63: =B63+C63*2+D63*3+E63*4+F63*5+G63*6+H63*7 -> 68
A64: P6 | B64: 7 | C64: 11 | D64: 3 | E64: 2 | I64: =sum(B64:H64) -> 23 | J64: =B64+C64*2+D64*3+E64*4+F64*5+G64*6+H64*7 -> 46
A65: P7 | B65: 1 | C65: 3 | D65: 8 | E65: 3 | F65: 8 | I65: =sum(B65:H65) -> 23 | J65: =B65+C65*2+D65*3+E65*4+F65*5+G65*6+H65*7 -> 83
A66: P8 | B66: 4 | C66: 8 | D66: 3 | E66: 8 | I66: =sum(B66:H66) -> 23 | J66: =B66+C66*2+D66*3+E66*4+F66*5+G66*6+H66*7 -> 61
A67: P9 | B67: 1 | C67: 3 | D67: 8 | E67: 3 | F67: 8 | I67: =sum(B67:H67) -> 23 | J67: =B67+C67*2+D67*3+E67*4+F67*5+G67*6+H67*7 -> 83
A68: P10 | B68: 1 | C68: 3 | D68: 6 | E68: 13 | I68: =sum(B68:H68) -> 23 | J68: =B68+C68*2+D68*3+E68*4+F68*5+G68*6+H68*7 -> 77
A69: P11 | B69: 1 | C69: 3 | D69: 6 | E69: 13 | I69: =sum(B69:H69) -> 23 | J69: =B69+C69*2+D69*3+E69*4+F69*5+G69*6+H69*7 -> 77
A70: P12 | B70: 4 | C70: 6 | D70: 13 | I70: =sum(B70:H70) -> 23 | J70: =B70+C70*2+D70*3+E70*4+F70*5+G70*6+H70*7 -> 55
A71: P13 | B71: 4 | C71: 11 | D71: 3 | E71: 5 | I71: =sum(B71:H71) -> 23 | J71: =B71+C71*2+D71*3+E71*4+F71*5+G71*6+H71*7 -> 55
A72: P14 | B72: 1 | C72: 3 | D72: 11 | E72: 3 | F72: 5 | I72: =sum(B72:H72) -> 23 | J72: =B72+C72*2+D72*3+E72*4+F72*5+G72*6+H72*7 -> 77
A73: P15 | B73: 1 | C73: 3 | D73: 11 | E73: 3 | F73: 5 | I73: =sum(B73:H73) -> 23 | J73: =B73+C73*2+D73*3+E73*4+F73*5+G73*6+H73*7 -> 77
A74: P16 | B74: 1 | C74: 9 | D74: 8 | E74: 3 | F74: 2 | I74: =sum(B74:H74) -> 23 | J74: =B74+C74*2+D74*3+E74*4+F74*5+G74*6+H74*7 -> 65
A75: P17 | B75: 10 | C75: 8 | D75: 3 | E75: 2 | I75: =sum(B75:H75) -> 23 | J75: =B75+C75*2+D75*3+E75*4+F75*5+G75*6+H75*7 -> 43
A76: P18 | B76: 1 | C76: 9 | D76: 8 | E76: 3 | F76: 2 | I76: =sum(B76:H76) -> 23 | J76: =B76+C76*2+D76*3+E76*4+F76*5+G76*6+H76*7 -> 65
A77: P19 | B77: 1 | C77: 9 | D77: 8 | E77: 3 | F77: 2 | I77: =sum(B77:H77) -> 23 | J77: =B77+C77*2+D77*3+E77*4+F77*5+G77*6+H77*7 -> 65
A78: P20 | B78: 1 | C78: 9 | D78: 8 | E78: 3 | F78: 2 | I78: =sum(B78:H78) -> 23 | J78: =B78+C78*2+D78*3+E78*4+F78*5+G78*6+H78*7 -> 65
A79: P21 | B79: 1 | C79: 9 | D79: 8 | E79: 3 | F79: 2 | I79: =sum(B79:H79) -> 23 | J79: =B79+C79*2+D79*3+E79*4+F79*5+G79*6+H79*7 -> 65
A80: P22 | B80: 1 | C80: 9 | D80: 8 | E80: 3 | F80: 2 | I80: =sum(B80:H80) -> 23 | J80: =B80+C80*2+D80*3+E80*4+F80*5+G80*6+H80*7 -> 65
A81: P23 | B81: 1 | C81: 9 | D81: 8 | E81: 3 | F81: 2 | I81: =sum(B81:H81) -> 23 | J81: =B81+C81*2+D81*3+E81*4+F81*5+G81*6+H81*7 -> 65
A82: P24 | B82: 1 | C82: 9 | D82: 8 | E82: 3 | F82: 2 | I82: =sum(B82:H82) -> 23 | J82: =B82+C82*2+D82*3+E82*4+F82*5+G82*6+H82*7 -> 65
A85: Alpha 0.8
B86: 1 Edge | C86: 2 Edge | D86: 3 Edge | E86: 4 Edge | F86: 5 Edge | G86: 6 Edge | H86: 7 Edge
A87: P1 | B87: 1 | C87: 6 | D87: 10 | E87: 4 | F87: 2 | I87: =sum(B87:H87) -> 23 | J87: =B87+C87*2+D87*3+E87*4+F87*5+G87*6+H87*7 -> 69 | K87: =sum(J87:J110)/((24*24)-24) -> 2.8623188
A88: P2 | B88: 1 | C88: 6 | D88: 10 | E88: 4 | F88: 2 | I88: =sum(B88:H88) -> 23 | J88: =B88+C88*2+D88*3+E88*4+F88*5+G88*6+H88*7 -> 69
A89: P3 | B89: 1 | C89: 6 | D89: 10 | E89: 4 | F89: 2 | I89: =sum(B89:H89) -> 23 | J89: =B89+C89*2+D89*3+E89*4+F89*5+G89*6+H89*7 -> 69
A90: P4 | B90: 1 | C90: 6 | D90: 10 | E90: 4 | F90: 2 | I90: =sum(B90:H90) -> 23 | J90: =B90+C90*2+D90*3+E90*4+F90*5+G90*6+H90*7 -> 69
A91: P5 | B91: 1 | C91: 6 | D91: 10 | E91: 4 | F91: 2 | I91: =sum(B91:H91) -> 23 | J91: =B91+C91*2+D91*3+E91*4+F91*5+G91*6+H91*7 -> 69
A92: P6 | B92: 7 | C92: 10 | D92: 4 | E92: 2 | I92: =sum(B92:H92) -> 23 | J92: =B92+C92*2+D92*3+E92*4+F92*5+G92*6+H92*7 -> 47
A93: P7 | B93: 1 | C93: 2 | D93: 9 | E93: 3 | F93: 8 | I93: =sum(B93:H93) -> 23 | J93: =B93+C93*2+D93*3+E93*4+F93*5+G93*6+H93*7 -> 84
A94: P8 | B94: 3 | C94: 9 | D94: 3 | E94: 8 | I94: =sum(B94:H94) -> 23 | J94: =B94+C94*2+D94*3+E94*4+F94*5+G94*6+H94*7 -> 62
A95: P9 | B95: 1 | C95: 4 | D95: 5 | E95: 13 | I95: =sum(B95:H95) -> 23 | J95: =B95+C95*2+D95*3+E95*4+F95*5+G95*6+H95*7 -> 76
A96: P10 | B96: 1 | C96: 4 | D96: 5 | E96: 13 | I96: =sum(B96:H96) -> 23 | J96: =B96+C96*2+D96*3+E96*4+F96*5+G96*6+H96*7 -> 76
A97: P11 | B97: 1 | C97: 4 | D97: 5 | E97: 13 | I97: =sum(B97:H97) -> 23 | J97: =B97+C97*2+D97*3+E97*4+F97*5+G97*6+H97*7 -> 76
A98: P12 | B98: 5 | C98: 5 | D98: 13 | I98: =sum(B98:H98) -> 23 | J98: =B98+C98*2+D98*3+E98*4+F98*5+G98*6+H98*7 -> 54
A99: P13 | B99: 4 | C99: 12 | D99: 2 | E99: 5 | I99: =sum(B99:H99) -> 23 | J99: =B99+C99*2+D99*3+E99*4+F99*5+G99*6+H99*7 -> 54
A100: P14 | B100: 1 | C100: 3 | D100: 12 | E100: 2 | F100: 5 | I100: =sum(B100:H100) -> 23 | J100: =B100+C100*2+D100*3+E100*4+F100*5+G100*6+H100*7 -> 76
A101: P15 | B101: 1 | C101: 3 | D101: 12 | E101: 2 | F101: 5 | I101: =sum(B101:H101) -> 23 | J101: =B101+C101*2+D101*3+E101*4+F101*5+G101*6+H101*7 -> 76
A102: P16 | B102: 1 | C102: 9 | D102: 9 | E102: 2 | F102: 2 | I102: =sum(B102:H102) -> 23 | J102: =B102+C102*2+D102*3+E102*4+F102*5+G102*6+H102*7 -> 64
A103: P17 | B103: 10 | C103: 9 | D103: 2 | E103: 2 | I103: =sum(B103:H103) -> 23 | J103: =B103+C103*2+D103*3+E103*4+F103*5+G103*6+H103*7 -> 42
A104: P18 | B104: 1 | C104: 9 | D104: 9 | E104: 2 | F104: 2 | I104: =sum(B104:H104) -> 23 | J104: =B104+C104*2+D104*3+E104*4+F104*5+G104*6+H104*7 -> 64
A105: P19 | B105: 1 | C105: 9 | D105: 9 | E105: 2 | F105: 2 | I105: =sum(B105:H105) -> 23 | J105: =B105+C105*2+D105*3+E105*4+F105*5+G105*6+H105*7 -> 64
A106: P20 | B106: 1 | C106: 9 | D106: 9 | E106: 2 | F106: 2 | I106: =sum(B106:H106) -> 23 | J106: =B106+C106*2+D106*3+E106*4+F106*5+G106*6+H106*7 -> 64
...

Sheet CHMA
A1: Alpha 0,2
B2: 1 Edge | C2: 2 Edge | D2: 3 Edge | E2: 4 Edge | F2: 5 Edge | G2: 6 Edge | H2: 7 Edge
A3: P1 | B3: 1 | C3: 6 | D3: 4 | E3: 4 | F3: 4 | G3: 4 | I3: =sum(B3:H3) -> 23 | J3: =B3+C3*2+D3*3+E3*4+F3*5+G3*6+H3*7 -> 85 | K3: =sum(J3:J26)/(24*24) -> 3.0625
A4: P2 | B4: 1 | C4: 6 | D4: 4 | E4: 4 | F4: 4 | G4: 4 | I4: =sum(B4:H4) -> 23 | J4: =B4+C4*2+D4*3+E4*4+F4*5+G4*6+H4*7 -> 85
A5: P3 | B5: 1 | C5: 6 | D5: 4 | E5: 4 | F5: 4 | G5: 4 | I5: =sum(B5:H5) -> 23 | J5: =B5+C5*2+D5*3+E5*4+F5*5+G5*6+H5*7 -> 85
A6: P4 | B6: 1 | C6: 6 | D6: 4 | E6: 4 | F6: 4 | G6: 4 | I6: =sum(B6:H6) -> 23 | J6: =B6+C6*2+D6*3+E6*4+F6*5+G6*6+H6*7 -> 85
A7: P5 | B7: 1 | C7: 6 | D7: 4 | E7: 4 | F7: 4 | G7: 4 | I7: =sum(B7:H7) -> 23 | J7: =B7+C7*2+D7*3+E7*4+F7*5+G7*6+H7*7 -> 85
A8: P6 | B8: 7 | C8: 4 | D8: 4 | E8: 4 | F8: 4 | I8: =sum(B8:H8) -> 23 | J8: =B8+C8*2+D8*3+E8*4+F8*5+G8*6+H8*7 -> 63
A9: P7 | B9: 1 | C9: 4 | D9: 10 | E9: 5 | F9: 4 | I9: =sum(B9:H9) -> 24 | J9: =B9+C9*2+D9*3+E9*4+F9*5+G9*6+H9*7 -> 79
A10: P8 | B10: 5 | C10: 10 | D10: 5 | E10: 4 | I10: =sum(B10:H10) -> 24 | J10: =B10+C10*2+D10*3+E10*4+F10*5+G10*6+H10*7 -> 56
A11: P9 | B11: 4 | C11: 10 | D11: 5 | E11: 4 | I11: =sum(B11:H11) -> 23 | J11: =B11+C11*2+D11*3+E11*4+F11*5+G11*6+H11*7 -> 55
A12: P10 | B12: 2 | C12: 7 | D12: 10 | E12: 4 | I12: =sum(B12:H12) -> 23 | J12: =B12+C12*2+D12*3+E12*4+F12*5+G12*6+H12*7 -> 62
A13: P11 | B13: 1 | C13: 6 | D13: 4 | E13: 4 | F13: 4 | G13: 4 | I13: =sum(B13:H13) -> 23 | J13: =B13+C13*2+D13*3+E13*4+F13*5+G13*6+H13*7 -> 85
A14: P12 | B14: 1 | C14: 5 | D14: 7 | E14: 10 | I14: =sum(B14:H14) -> 23 | J14: =B14+C14*2+D14*3+E14*4+F14*5+G14*6+H14*7 -> 72
A15: P13 | B15: 6 | C15: 7 | D15: 10 | I15: =sum(B15:H15) -> 23 | J15: =B15+C15*2+D15*3+E15*4+F15*5+G15*6+H15*7 -> 50
A16: P14 | B16: 1 | C16: 6 | D16: 7 | E16: 3 | F16: 6 | I16: =sum(B16:H16) -> 23 | J16: =B16+C16*2+D16*3+E16*4+F16*5+G16*6+H16*7 -> 76
A17: P15 | B17: 7 | C17: 7 | D17: 3 | E17: 6 | I17: =sum(B17:H17) -> 23 | J17: =B17+C17*2+D17*3+E17*4+F17*5+G17*6+H17*7 -> 54
A18: P16 | B18: 1 | C18: 6 | D18: 7 | E18: 3 | F18: 6 | I18: =sum(B18:H18) -> 23 | J18: =B18+C18*2+D18*3+E18*4+F18*5+G18*6+H18*7 -> 76
A19: P17 | B19: 2 | C19: 8 | D19: 7 | E19: 6 | I19: =sum(B19:H19) -> 23 | J19: =B19+C19*2+D19*3+E19*4+F19*5+G19*6+H19*7 -> 63
A20: P18 | B20: 2 | C20: 8 | D20: 4 | E20: 3 | F20: 6 | I20: =sum(B20:H20) -> 23 | J20: =B20+C20*2+D20*3+E20*4+F20*5+G20*6+H20*7 -> 72
A21: P19 | B21: 1 | C21: 6 | D21: 4 | E21: 3 | F21: 3 | G21: 6 | I21: =sum(B21:H21) -> 23 | J21: =B21+C21*2+D21*3+E21*4+F21*5+G21*6+H21*7 -> 88
A22: P20 | B22: 3 | C22: 11 | D22: 3 | E22: 6 | I22: =sum(B22:H22) -> 23 | J22: =B22+C22*2+D22*3+E22*4+F22*5+G22*6+H22*7 -> 58
A23: P21 | B23: 7 | C23: 4 | D23: 3 | E23: 3 | F23: 6 | I23: =sum(B23:H23) -> 23 | J23: =B23+C23*2+D23*3+E23*4+F23*5+G23*6+H23*7 -> 66
A24: P22 | B24: 1 | C24: 6 | D24: 4 | E24: 3 | F24: 3 | G24: 6 | I24: =sum(B24:H24) -> 23 | J24: =B24+C24*2+D24*3+E24*4+F24*5+G24*6+H24*7 -> 88
A25: P23 | B25: 1 | C25: 6 | D25: 4 | E25: 3 | F25: 3 | G25: 6 | I25: =sum(B25:H25) -> 23 | J25: =B25+C25*2+D25*3+E25*4+F25*5+G25*6+H25*7 -> 88
A26: P24 | B26: 1 | C26: 6 | D26: 4 | E26: 3 | F26: 3 | G26: 6 | I26: =sum(B26:H26) -> 23 | J26: =B26+C26*2+D26*3+E26*4+F26*5+G26*6+H26*7 -> 88
A29: Alpha 0,4
B30: 1 Edge | C30: 2 Edge | D30: 3 Edge | E30: 4 Edge | F30: 5 Edge | G30: 6 Edge | H30: 7 Edge
A31: P1 | B31: 1 | C31: 7 | D31: 3 | E31: 2 | F31: 6 | G31: 4 | I31: =sum(B31:H31) -> 23 | J31: =B31+C31*2+D31*3+E31*4+F31*5+G31*6+H31*7 -> 86 | K31: =sum(J31:J54)/(24*24) -> 2.8958333
A32: P2 | B32: 1 | C32: 7 | D32: 3 | E32: 2 | F32: 6 | G32: 4 | I32: =sum(B32:H32) -> 23 | J32: =B32+C32*2+D32*3+E32*4+F32*5+G32*6+H32*7 -> 86
A33: P3 | B33: 1 | C33: 7 | D33: 3 | E33: 2 | F33: 6 | G33: 4 | I33: =sum(B33:H33) -> 23 | J33: =B33+C33*2+D33*3+E33*4+F33*5+G33*6+H33*7 -> 86
A34: P4 | B34: 1 | C34: 7 | D34: 3 | E34: 2 | F34: 6 | G34: 4 | I34: =sum(B34:H34) -> 23 | J34: =B34+C34*2+D34*3+E34*4+F34*5+G34*6+H34*7 -> 86
A35: P5 | B35: 1 | C35: 7 | D35: 3 | E35: 2 | F35: 6 | G35: 4 | I35: =sum(B35:H35) -> 23 | J35: =B35+C35*2+D35*3+E35*4+F35*5+G35*6+H35*7 -> 86
A36: P6 | B36: 8 | C36: 3 | D36: 2 | E36: 6 | F36: 4 | I36: =sum(B36:H36) -> 23 | J36: =B36+C36*2+D36*3+E36*4+F36*5+G36*6+H36*7 -> 64
A37: P7 | B37: 2 | C37: 9 | D37: 2 | E37: 6 | F37: 4 | I37: =sum(B37:H37) -> 23 | J37: =B37+C37*2+D37*3+E37*4+F37*5+G37*6+H37*7 -> 70
A38: P8 | B38: 5 | C38: 8 | D38: 6 | E38: 4 | I38: =sum(B38:H38) -> 23 | J38: =B38+C38*2+D38*3+E38*4+F38*5+G38*6+H38*7 -> 55
A39: P9 | B39: 2 | C39: 6 | D39: 11 | E39: 4 | I39: =sum(B39:H39) -> 23 | J39: =B39+C39*2+D39*3+E39*4+F39*5+G39*6+H39*7 -> 63
A40: P10 | B40: 3 | C40: 14 | D40: 6 | I40: =sum(B40:H40) -> 23 | J40: =B40+C40*2+D40*3+E40*4+F40*5+G40*6+H40*7 -> 49
A41: P11 | B41: 1 | C41: 6 | D41: 4 | E41: 2 | F41: 6 | G41: 4 | I41: =sum(B41:H41) -> 23 | J41: =B41+C41*2+D41*3+E41*4+F41*5+G41*6+H41*7 -> 87
A42: P12 | B42: 6 | C42: 8 | D42: 9 | I42: =sum(B42:H42) -> 23 | J42: =B42+C42*2+D42*3+E42*4+F42*5+G42*6+H42*7 -> 49
A43: P13 | B43: 3 | C43: 13 | D43: 2 | E43: 5 | I43: =sum(B43:H43) -> 23 | J43: =B43+C43*2+D43*3+E43*4+F43*5+G43*6+H43*7 -> 55
A44: P14 | B44: 1 | C44: 7 | D44: 8 | E44: 2 | F44: 5 | I44: =sum(B44:H44) -> 23 | J44: =B44+C44*2+D44*3+E44*4+F44*5+G44*6+H44*7 -> 72
A45: P15 | B45: 8 | C45: 8 | D45: 2 | E45: 5 | I45: =sum(B45:H45) -> 23 | J45: =B45+C45*2+D45*3+E45*4+F45*5+G45*6+H45*7 -> 50
A46: P16 | B46: 2 | C46: 11 | D46: 3 | E46: 2 | F46: 5 | I46: =sum(B46:H46) -> 23 | J46: =B46+C46*2+D46*3+E46*4+F46*5+G46*6+H46*7 -> 66
A47: P17 | B47: 11 | C47: 2 | D47: 3 | E47: 2 | F47: 5 | I47: =sum(B47:H47) -> 23 | J47: =B47+C47*2+D47*3+E47*4+F47*5+G47*6+H47*7 -> 57
A48: P18 | B48: 2 | C48: 11 | D48: 3 | E48: 2 | F48: 5 | I48: =sum(B48:H48) -> 23 | J48: =B48+C48*2+D48*3+E48*4+F48*5+G48*6+H48*7 -> 66
A49: P19 | B49: 2 | C49: 11 | D49: 3 | E49: 2 | F49: 5 | I49: =sum(B49:H49) -> 23 | J49: =B49+C49*2+D49*3+E49*4+F49*5+G49*6+H49*7 -> 66
A50: P20 | B50: 1 | C50: 10 | D50: 2 | E50: 3 | F50: 2 | G50: 5 | I50: =sum(B50:H50) -> 23 | J50: =B50+C50*2+D50*3+E50*4+F50*5+G50*6+H50*7 -> 79
A51: P21 | B51: 2 | C51: 11 | D51: 3 | E51: 2 | F51: 5 | I51: =sum(B51:H51) -> 23 | J51: =B51+C51*2+D51*3+E51*4+F51*5+G51*6+H51*7 -> 66
A52: P22 | B52: 2 | C52: 11 | D52: 3 | E52: 2 | F52: 5 | I52: =sum(B52:H52) -> 23 | J52: =B52+C52*2+D52*3+E52*4+F52*5+G52*6+H52*7 -> 66
A53: P23 | B53: 1 | C53: 10 | D53: 2 | E53: 3 | F53: 2 | G53: 5 | I53: =sum(B53:H53) -> 23 | J53: =B53+C53*2+D53*3+E53*4+F53*5+G53*6+H53*7 -> 79
A54: P24 | B54: 1 | C54: 10 | D54: 2 | E54: 3 | F54: 2 | G54: 5 | I54: =sum(B54:H54) -> 23 | J54: =B54+C54*2+D54*3+E54*4+F54*5+G54*6+H54*7 -> 79
A56: Alpha 0,6
B57: 1 Edge | C57: 2 Edge | D57: 3 Edge | E57: 4 Edge | F57: 5 Edge | G57: 6 Edge | H57: 7 Edge
A58: P1 | B58: 1 | C58: 10 | D58: 12 | I58: =sum(B58:H58) -> 23 | J58: =B58+C58*2+D58*3+E58*4+F58*5+G58*6+H58*7 -> 57 | K58: =sum(J58:J81)/(24*24) -> 2.3541667
A59: P2 | B59: 1 | C59: 10 | D59: 12 | I59: =sum(B59:H59) -> 23 | J59: =B59+C59*2+D59*3+E59*4+F59*5+G59*6+H59*7 -> 57
A60: P3 | B60: 1 | C60: 10 | D60: 12 | I60: =sum(B60:H60) -> 23 | J60: =B60+C60*2+D60*3+E60*4+F60*5+G60*6+H60*7 -> 57
A61: P4 | B61: 1 | C61: 10 | D61: 12 | I61: =sum(B61:H61) -> 23 | J61: =B61+C61*2+D61*3+E61*4+F61*5+G61*6+H61*7 -> 57
A62: P5 | B62: 1 | C62: 10 | D62: 12 | I62: =sum(B62:H62) -> 23 | J62: =B62+C62*2+D62*3+E62*4+F62*5+G62*6+H62*7 -> 57
A63: P6 | B63: 9 | C63: 14 | I63: =sum(B63:H63) -> 23 | J63: =B63+C63*2+D63*3+E63*4+F63*5+G63*6+H63*7 -> 37
A64: P7 | B64: 2 | C64: 10 | D64: 11 | I64: =sum(B64:H64) -> 23 | J64: =B64+C64*2+D64*3+E64*4+F64*5+G64*6+H64*7 -> 55
A65: P8 | B65: 6 | C65: 6 | D65: 5 | E65: 6 | I65: =sum(B65:H65) -> 23 | J65: =B65+C65*2+D65*3+E65*4+F65*5+G65*6+H65*7 -> 57
A66: P9 | B66: 2 | C66: 5 | D66: 10 | E66: 6 | I66: =sum(B66:H66) -> 23 | J66: =B66+C66*2+D66*3+E66*4+F66*5+G66*6+H66*7 -> 66
A67: P10 | B67: 3 | C67: 10 | D67: 10 | I67: =sum(B67:H67) -> 23 | J67: =B67+C67*2+D67*3+E67*4+F67*5+G67*6+H67*7 -> 53
A68: P11 | B68: 3 | C68: 9 | D68: 5 | E68: 6 | I68: =sum(B68:H68) -> 23 | J68: =B68+C68*2+D68*3+E68*4+F68*5+G68*6+H68*7 -> 60
A69: P12 | B69: 6 | C69: 5 | D69: 12 | I69: =sum(B69:H69) -> 23 | J69: =B69+C69*2+D69*3+E69*4+F69*5+G69*6+H69*7 -> 52
A70: P13 | B70: 7 | C70: 10 | D70: 2 | E70: 4 | I70: =sum(B70:H70) -> 23 | J70: =B70+C70*2+D70*3+E70*4+F70*5+G70*6+H70*7 -> 49
A71: P14 | B71: 2 | C71: 11 | D71: 5 | E71: 5 | I71: =sum(B71:H71) -> 23 | J71: =B71+C71*2+D71*3+E71*4+F71*5+G71*6+H71*7 -> 59
A72: P15 | B72: 2 | C72: 11 | D72: 5 | E72: 5 | I72: =sum(B72:H72) -> 23 | J72: =B72+C72*2+D72*3+E72*4+F72*5+G72*6+H72*7 -> 59
A73: P16 | B73: 2 | C73: 11 | D73: 5 | E73: 5 | I73: =sum(B73:H73) -> 23 | J73: =B73+C73*2+D73*3+E73*4+F73*5+G73*6+H73*7 -> 59
A74: P17 | B74: 12 | C74: 11 | I74: =sum(B74:H74) -> 23 | J74: =B74+C74*2+D74*3+E74*4+F74*5+G74*6+H74*7 -> 34
A75: P18 | B75: 1 | C75: 12 | D75: 3 | E75: 7 | I75: =sum(B75:H75) -> 23 | J75: =B75+C75*2+D75*3+E75*4+F75*5+G75*6+H75*7 -> 62
A76: P19 | B76: 2 | C76: 11 | D76: 5 | E76: 5 | I76: =sum(B76:H76) -> 23 | J76: =B76+C76*2+D76*3+E76*4+F76*5+G76*6+H76*7 -> 59
A77: P20 | B77: 1 | C77: 12 | D77: 3 | E77: 7 | I77: =sum(B77:H77) -> 23 | J77: =B77+C77*2+D77*3+E77*4+F77*5+G77*6+H77*7 -> 62
A78: P21 | B78: 1 | C78: 12 | D78: 3 | E78: 7 | I78: =sum(B78:H78) -> 23 | J78: =B78+C78*2+D78*3+E78*4+F78*5+G78*6+H78*7 -> 62
A79: P22 | B79: 1 | C79: 12 | D79: 3 | E79: 7 | I79: =sum(B79:H79) -> 23 | J79: =B79+C79*2+D79*3+E79*4+F79*5+G79*6+H79*7 -> 62
A80: P23 | B80: 1 | C80: 12 | D80: 3 | E80: 7 | I80: =sum(B80:H80) -> 23 | J80: =B80+C80*2+D80*3+E80*4+F80*5+G80*6+H80*7 -> 62
A81: P24 | B81: 1 | C81: 12 | D81: 3 | E81: 7 | I81: =sum(B81:H81) -> 23 | J81: =B81+C81*2+D81*3+E81*4+F81*5+G81*6+H81*7 -> 62
A84: Alpha 0,8
B85: 1 Edge | C85: 2 Edge | D85: 3 Edge | E85: 4 Edge | F85: 5 Edge | G85: 6 Edge | H85: 7 Edge
A86: P1 | B86: 2 | C86: 11 | D86: 8 | E86: 2 | I86: =sum(B86:H86) -> 23 | J86: =B86+C86*2+D86*3+E86*4+F86*5+G86*6+H86*7 -> 56 | K86: =sum(J86:J109)/(24*24) -> 2.2604167
A87: P2 | B87: 2 | C87: 11 | D87: 8 | E87: 2 | I87: =sum(B87:H87) -> 23 | J87: =B87+C87*2+D87*3+E87*4+F87*5+G87*6+H87*7 -> 56
A88: P3 | B88: 2 | C88: 11 | D88: 8 | E88: 2 | I88: =sum(B88:H88) -> 23 | J88: =B88+C88*2+D88*3+E88*4+F88*5+G88*6+H88*7 -> 56
A89: P4 | B89: 2 | C89: 11 | D89: 8 | E89: 2 | I89: =sum(B89:H89) -> 23 | J89: =B89+C89*2+D89*3+E89*4+F89*5+G89*6+H89*7 -> 56
A90: P5 | B90: 2 | C90: 11 | D90: 8 | E90: 2 | I90: =sum(B90:H90) -> 23 | J90: =B90+C90*2+D90*3+E90*4+F90*5+G90*6+H90*7 -> 56
A91: P6 | B91: 2 | C91: 11 | D91: 8 | E91: 2 | I91: =sum(B91:H91) -> 23 | J91: =B91+C91*2+D91*3+E91*4+F91*5+G91*6+H91*7 -> 56
A92: P7 | B92: 2 | C92: 11 | D92: 8 | E92: 2 | I92: =sum(B92:H92) -> 23 | J92: =B92+C92*2+D92*3+E92*4+F92*5+G92*6+H92*7 -> 56
A93: P8 | B93: 12 | C93: 8 | D93: 1 | E93: 2 | I93: =sum(B93:H93) -> 23 | J93: =B93+C93*2+D93*3+E93*4+F93*5+G93*6+H93*7 -> 39
A94: P9 | B94: 3 | C94: 14 | D94: 6 | I94: =sum(B94:H94) -> 23 | J94: =B94+C94*2+D94*3+E94*4+F94*5+G94*6+H94*7 -> 49
A95: P10 | B95: 3 | C95: 14 | D95: 6 | I95: =sum(B95:H95) -> 23 | J95: =B95+C95*2+D95*3+E95*4+F95*5+G95*6+H95*7 -> 49
A96: P11 | B96: 2 | C96: 11 | D96: 8 | E96: 2 | I96: =sum(B96:H96) -> 23 | J96: =B96+C96*2+D96*3+E96*4+F96*5+G96*6+H96*7 -> 56
A97: P12 | B97: 14 | C97: 4 | D97: 3 | E97: 2 | I97: =sum(B97:H97) -> 23 | J97: =B97+C97*2+D97*3+E97*4+F97*5+G97*6+H97*7 -> 39
A98: P13 | B98: 8 | C98: 13 | D98: 2 | I98: =sum(B98:H98) -> 23 | J98: =B98+C98*2+D98*3+E98*4+F98*5+G98*6+H98*7 -> 40
A99: P14 | B99: 1 | C99: 8 | D99: 3 | E99: 10 | F99: 1 | I99: =sum(B99:H99) -> 23 | J99: =B99+C99*2+D99*3+E99*4+F99*5+G99*6+H99*7 -> 71
A100: P15 | B100: 9 | C100: 3 | D100: 10 | E100: 1 | I100: =sum(B100:H100) -> 23 | J100: =B100+C100*2+D100*3+E100*4+F100*5+G100*6+H100*7 -> 49
A101: P16 | B101: 2 | C101: 9 | D101: 3 | E101: 8 | F101: 1 | I101: =sum(B101:H101) -> 23 | J101: =B101+C101*2+D101*3+E101*4+F101*5+G101*6+H101*7 -> 66
A102: P17 | B102: 3 | C102: 11 | D102: 8 | E102: 1 | I102: =sum(B102:H102) -> 23 | J102: =B102+C102*2+D102*3+E102*4+F102*5+G102*6+H102*7 -> 53
A103: P18 | B103: 3 | C103: 11 | D103: 8 | E103: 1 | I103: =sum(B103:H103) -> 23 | J103: =B103+C103*2+D103*3+E103*4+F103*5+G103*6+H103*7 -> 53
A104: P19 | B104: 2 | C104: 9 | D104: 3 | E104: 8 | F104: 1 | I104: =sum(B104:H104) -> 23 | J104: =B104+C104*2+D104*3+E104*4+F104*5+G104*6+H104*7 -> 66
A105: P20 | B105: 3 | C105: 11 | D105: 8 | E105: 1 | I105: =sum(B105:H105) -> 23 | J105: =B105+C105*2+D105*3+E105*4+F105*5+G105*6+H105*7 -> 53
...

Sheet HLSA
A1: Alpha 0.2
B2: 1 Edge | C2: 2 Edge | D2: 3 Edge | E2: 4 Edge | F2: 5 Edge | G2: 6 Edge | H2: 7 Edge
A3: P1 | B3: 1 | C3: 6 | D3: 3 | E3: 5 | F3: 4 | G3: 4 | I3: =sum(B3:H3) -> 23 | J3: =B3+C3*2+D3*3+E3*4+F3*5+G3*6+H3*7 -> 86 | K3: =sum(J3:J26)/((24*24)-24) -> 3.3550725
A4: P2 | B4: 1 | C4: 6 | D4: 3 | E4: 5 | F4: 4 | G4: 4 | I4: =sum(B4:H4) -> 23 | J4: =B4+C4*2+D4*3+E4*4+F4*5+G4*6+H4*7 -> 86
A5: P3 | B5: 1 | C5: 6 | D5: 3 | E5: 5 | F5: 4 | G5: 4 | I5: =sum(B5:H5) -> 23 | J5: =B5+C5*2+D5*3+E5*4+F5*5+G5*6+H5*7 -> 86
A6: P4 | B6: 1 | C6: 6 | D6: 3 | E6: 5 | F6: 4 | G6: 4 | I6: =sum(B6:H6) -> 23 | J6: =B6+C6*2+D6*3+E6*4+F6*5+G6*6+H6*7 -> 86
A7: P5 | B7: 1 | C7: 6 | D7: 3 | E7: 5 | F7: 4 | G7: 4 | I7: =sum(B7:H7) -> 23 | J7: =B7+C7*2+D7*3+E7*4+F7*5+G7*6+H7*7 -> 86
A8: P6 | B8: 7 | C8: 3 | D8: 5 | E8: 4 | F8: 4 | I8: =sum(B8:H8) -> 23 | J8: =B8+C8*2+D8*3+E8*4+F8*5+G8*6+H8*7 -> 64
A9: P7 | B9: 1 | C9: 3 | D9: 11 | E9: 4 | F9: 4 | I9: =sum(B9:H9) -> 23 | J9: =B9+C9*2+D9*3+E9*4+F9*5+G9*6+H9*7 -> 76
A10: P8 | B10: 4 | C10: 11 | D10: 4 | E10: 4 | I10: =sum(B10:H10) -> 23 | J10: =B10+C10*2+D10*3+E10*4+F10*5+G10*6+H10*7 -> 54
A11: P9 | B11: 1 | C11: 3 | D11: 11 | E11: 4 | F11: 4 | I11: =sum(B11:H11) -> 23 | J11: =B11+C11*2+D11*3+E11*4+F11*5+G11*6+H11*7 -> 76
A12: P10 | B12: 1 | C12: 5 | D12: 7 | E12: 10 | I12: =sum(B12:H12) -> 23 | J12: =B12+C12*2+D12*3+E12*4+F12*5+G12*6+H12*7 -> 72
A13: P11 | B13: 1 | C13: 6 | D13: 3 | E13: 5 | F13: 4 | G13: 4 | I13: =sum(B13:H13) -> 23 | J13: =B13+C13*2+D13*3+E13*4+F13*5+G13*6+H13*7 -> 86
A14: P12 | B14: 1 | C14: 5 | D14: 7 | E14: 10 | I14: =sum(B14:H14) -> 23 | J14: =B14+C14*2+D14*3+E14*4+F14*5+G14*6+H14*7 -> 72
A15: P13 | B15: 6 | C15: 7 | D15: 10 | I15: =sum(B15:H15) -> 23 | J15: =B15+C15*2+D15*3+E15*4+F15*5+G15*6+H15*7 -> 50
A16: P14 | B16: 1 | C16: 4 | D16: 9 | E16: 3 | F16: 6 | I16: =sum(B16:H16) -> 23 | J16: =B16+C16*2+D16*3+E16*4+F16*5+G16*6+H16*7 -> 78
A17: P15 | B17: 5 | C17: 9 | D17: 3 | E17: 6 | I17: =sum(B17:H17) -> 23 | J17: =B17+C17*2+D17*3+E17*4+F17*5+G17*6+H17*7 -> 56
A18: P16 | B18: 1 | C18: 4 | D18: 9 | E18: 3 | F18: 6 | I18: =sum(B18:H18) -> 23 | J18: =B18+C18*2+D18*3+E18*4+F18*5+G18*6+H18*7 -> 78
A19: P17 | B19: 1 | C19: 5 | D19: 7 | E19: 10 | I19: =sum(B19:H19) -> 23 | J19: =B19+C19*2+D19*3+E19*4+F19*5+G19*6+H19*7 -> 72
A20: P18 | B20: 1 | C20: 4 | D20: 9 | E20: 3 | F20: 6 | I20: =sum(B20:H20) -> 23 | J20: =B20+C20*2+D20*3+E20*4+F20*5+G20*6+H20*7 -> 78
A21: P19 | B21: 1 | C21: 4 | D21: 4 | E21: 5 | F21: 3 | G21: 6 | I21: =sum(B21:H21) -> 23 | J21: =B21+C21*2+D21*3+E21*4+F21*5+G21*6+H21*7 -> 92
A22: P20 | B22: 1 | C22: 5 | D22: 7 | E22: 10 | I22: =sum(B22:H22) -> 23 | J22: =B22+C22*2+D22*3+E22*4+F22*5+G22*6+H22*7 -> 72
A23: P21 | B23: 5 | C23: 4 | D23: 5 | E23: 3 | F23: 6 | I23: =sum(B23:H23) -> 23 | J23: =B23+C23*2+D23*3+E23*4+F23*5+G23*6+H23*7 -> 70
A24: P22 | B24: 1 | C24: 4 | D24: 4 | E24: 5 | F24: 3 | G24: 6 | I24: =sum(B24:H24) -> 23 | J24: =B24+C24*2+D24*3+E24*4+F24*5+G24*6+H24*7 -> 92
A25: P23 | B25: 1 | C25: 4 | D25: 4 | E25: 5 | F25: 3 | G25: 6 | I25: =sum(B25:H25) -> 23 | J25: =B25+C25*2+D25*3+E25*4+F25*5+G25*6+H25*7 -> 92
A26: P24 | B26: 1 | C26: 4 | D26: 4 | E26: 5 | F26: 3 | G26: 6 | I26: =sum(B26:H26) -> 23 | J26: =B26+C26*2+D26*3+E26*4+F26*5+G26*6+H26*7 -> 92
A29: Alpha 0.4
B30: 1 Edge | C30: 2 Edge | D30: 3 Edge | E30: 4 Edge | F30: 5 Edge | G30: 6 Edge | H30: 7 Edge
A31: P1 | B31: 1 | C31: 5 | D31: 3 | E31: 3 | F31: 3 | G31: 8 | I31: =sum(B31:H31) -> 23 | J31: =B31+C31*2+D31*3+E31*4+F31*5+G31*6+H31*7 -> 95 | K31: =sum(J31:J54)/((24*24)-24) -> 3.4746377
A32: P2 | B32: 1 | C32: 5 | D32: 3 | E32: 3 | F32: 3 | G32: 8 | I32: =sum(B32:H32) -> 23 | J32: =B32+C32*2+D32*3+E32*4+F32*5+G32*6+H32*7 -> 95
A33: P3 | B33: 1 | C33: 5 | D33: 3 | E33: 3 | F33: 3 | G33: 8 | I33: =sum(B33:H33) -> 23 | J33: =B33+C33*2+D33*3+E33*4+F33*5+G33*6+H33*7 -> 95
A34: P4 | B34: 1 | C34: 5 | D34: 3 | E34: 3 | F34: 3 | G34: 8 | I34: =sum(B34:H34) -> 23 | J34: =B34+C34*2+D34*3+E34*4+F34*5+G34*6+H34*7 -> 95
A35: P5 | B35: 1 | C35: 5 | D35: 3 | E35: 3 | F35: 3 | G35: 8 | I35: =sum(B35:H35) -> 23 | J35: =B35+C35*2+D35*3+E35*4+F35*5+G35*6+H35*7 -> 95
A36: P6 | B36: 6 | C36: 3 | D36: 3 | E36: 3 | F36: 8 | I36: =sum(B36:H36) -> 23 | J36: =B36+C36*2+D36*3+E36*4+F36*5+G36*6+H36*7 -> 73
A37: P7 | B37: 1 | C37: 3 | D37: 8 | E37: 3 | F37: 8 | I37: =sum(B37:H37) -> 23 | J37: =B37+C37*2+D37*3+E37*4+F37*5+G37*6+H37*7 -> 83
A38: P8 | B38: 4 | C38: 8 | D38: 3 | E38: 8 | I38: =sum(B38:H38) -> 23 | J38: =B38+C38*2+D38*3+E38*4+F38*5+G38*6+H38*7 -> 61
A39: P9 | B39: 1 | C39: 3 | D39: 8 | E39: 3 | F39: 8 | I39: =sum(B39:H39) -> 23 | J39: =B39+C39*2+D39*3+E39*4+F39*5+G39*6+H39*7 -> 83
A40: P10 | B40: 1 | C40: 3 | D40: 6 | E40: 13 | I40: =sum(B40:H40) -> 23 | J40: =B40+C40*2+D40*3+E40*4+F40*5+G40*6+H40*7 -> 77
A41: P11 | B41: 1 | C41: 3 | D41: 6 | E41: 13 | I41: =sum(B41:H41) -> 23 | J41: =B41+C41*2+D41*3+E41*4+F41*5+G41*6+H41*7 -> 77
A42: P12 | B42: 4 | C42: 6 | D42: 13 | I42: =sum(B42:H42) -> 23 | J42: =B42+C42*2+D42*3+E42*4+F42*5+G42*6+H42*7 -> 55
A43: P13 | B43: 4 | C43: 11 | D43: 3 | E43: 5 | I43: =sum(B43:H43) -> 23 | J43: =B43+C43*2+D43*3+E43*4+F43*5+G43*6+H43*7 -> 55
A44: P14 | B44: 1 | C44: 3 | D44: 11 | E44: 3 | F44: 5 | I44: =sum(B44:H44) -> 23 | J44: =B44+C44*2+D44*3+E44*4+F44*5+G44*6+H44*7 -> 77
A45: P15 | B45: 1 | C45: 3 | D45: 11 | E45: 3 | F45: 5 | I45: =sum(B45:H45) -> 23 | J45: =B45+C45*2+D45*3+E45*4+F45*5+G45*6+H45*7 -> 77
A46: P16 | B46: 1 | C46: 8 | D46: 3 | E46: 3 | F46: 3 | G46: 5 | I46: =sum(B46:H46) -> 23 | J46: =B46+C46*2+D46*3+E46*4+F46*5+G46*6+H46*7 -> 83
A47: P17 | B47: 9 | C47: 3 | D47: 3 | E47: 3 | F47: 5 | I47: =sum(B47:H47) -> 23 | J47: =B47+C47*2+D47*3+E47*4+F47*5+G47*6+H47*7 -> 61
A48: P18 | B48: 1 | C48: 8 | D48: 3 | E48: 3 | F48: 3 | G48: 5 | I48: =sum(B48:H48) -> 23 | J48: =B48+C48*2+D48*3+E48*4+F48*5+G48*6+H48*7 -> 83
A49: P19 | B49: 1 | C49: 8 | D49: 3 | E49: 3 | F49: 3 | G49: 5 | I49: =sum(B49:H49) -> 23 | J49: =B49+C49*2+D49*3+E49*4+F49*5+G49*6+H49*7 -> 83
A50: P20 | B50: 1 | C50: 8 | D50: 3 | E50: 3 | F50: 3 | G50: 5 | I50: =sum(B50:H50) -> 23 | J50: =B50+C50*2+D50*3+E50*4+F50*5+G50*6+H50*7 -> 83
A51: P21 | B51: 1 | C51: 8 | D51: 3 | E51: 3 | F51: 3 | G51: 5 | I51: =sum(B51:H51) -> 23 | J51: =B51+C51*2+D51*3+E51*4+F51*5+G51*6+H51*7 -> 83
A52: P22 | B52: 1 | C52: 8 | D52: 3 | E52: 3 | F52: 3 | G52: 5 | I52: =sum(B52:H52) -> 23 | J52: =B52+C52*2+D52*3+E52*4+F52*5+G52*6+H52*7 -> 83
A53: P23 | B53: 1 | C53: 8 | D53: 3 | E53: 3 | F53: 3 | G53: 5 | I53: =sum(B53:H53) -> 23 | J53: =B53+C53*2+D53*3+E53*4+F53*5+G53*6+H53*7 -> 83
A54: P24 | B54: 1 | C54: 8 | D54: 3 | E54: 3 | F54: 3 | G54: 5 | I54: =sum(B54:H54) -> 23 | J54: =B54+C54*2+D54*3+E54*4+F54*5+G54*6+H54*7 -> 83
A57: Alpha 0.6
B58: 1 Edge | C58: 2 Edge | D58: 3 Edge | E58: 4 Edge | F58: 5 Edge | G58: 6 Edge | H58: 7 Edge
A59: P1 | B59: 1 | C59: 5 | D59: 3 | E59: 3 | F59: 3 | G59: 8 | I59: =sum(B59:H59) -> 23 | J59: =B59+C59*2+D59*3+E59*4+F59*5+G59*6+H59*7 -> 95 | K59: =sum(J59:J82)/((24*24)-24) -> 3.4746377
A60: P2 | B60: 1 | C60: 5 | D60: 3 | E60: 3 | F60: 3 | G60: 8 | I60: =sum(B60:H60) -> 23 | J60: =B60+C60*2+D60*3+E60*4+F60*5+G60*6+H60*7 -> 95
A61: P3 | B61: 1 | C61: 5 | D61: 3 | E61: 3 | F61: 3 | G61: 8 | I61: =sum(B61:H61) -> 23 | J61: =B61+C61*2+D61*3+E61*4+F61*5+G61*6+H61*7 -> 95
A62: P4 | B62: 1 | C62: 5 | D62: 3 | E62: 3 | F62: 3 | G62: 8 | I62: =sum(B62:H62) -> 23 | J62: =B62+C62*2+D62*3+E62*4+F62*5+G62*6+H62*7 -> 95
A63: P5 | B63: 1 | C63: 5 | D63: 3 | E63: 3 | F63: 3 | G63: 8 | I63: =sum(B63:H63) -> 23 | J63: =B63+C63*2+D63*3+E63*4+F63*5+G63*6+H63*7 -> 95
A64: P6 | B64: 6 | C64: 3 | D64: 3 | E64: 3 | F64: 8 | I64: =sum(B64:H64) -> 23 | J64: =B64+C64*2+D64*3+E64*4+F64*5+G64*6+H64*7 -> 73
A65: P7 | B65: 1 | C65: 3 | D65: 8 | E65: 3 | F65: 8 | I65: =sum(B65:H65) -> 23 | J65: =B65+C65*2+D65*3+E65*4+F65*5+G65*6+H65*7 -> 83
A66: P8 | B66: 4 | C66: 8 | D66: 3 | E66: 8 | I66: =sum(B66:H66) -> 23 | J66: =B66+C66*2+D66*3+E66*4+F66*5+G66*6+H66*7 -> 61
A67: P9 | B67: 1 | C67: 3 | D67: 8 | E67: 3 | F67: 8 | I67: =sum(B67:H67) -> 23 | J67: =B67+C67*2+D67*3+E67*4+F67*5+G67*6+H67*7 -> 83
A68: P10 | B68: 1 | C68: 3 | D68: 6 | E68: 13 | I68: =sum(B68:H68) -> 23 | J68: =B68+C68*2+D68*3+E68*4+F68*5+G68*6+H68*7 -> 77
A69: P11 | B69: 1 | C69: 3 | D69: 6 | E69: 13 | I69: =sum(B69:H69) -> 23 | J69: =B69+C69*2+D69*3+E69*4+F69*5+G69*6+H69*7 -> 77
A70: P12 | B70: 4 | C70: 6 | D70: 13 | I70: =sum(B70:H70) -> 23 | J70: =B70+C70*2+D70*3+E70*4+F70*5+G70*6+H70*7 -> 55
A71: P13 | B71: 4 | C71: 11 | D71: 3 | E71: 5 | I71: =sum(B71:H71) -> 23 | J71: =B71+C71*2+D71*3+E71*4+F71*5+G71*6+H71*7 -> 55
A72: P14 | B72: 1 | C72: 3 | D72: 11 | E72: 3 | F72: 5 | I72: =sum(B72:H72) -> 23 | J72: =B72+C72*2+D72*3+E72*4+F72*5+G72*6+H72*7 -> 77
A73: P15 | B73: 1 | C73: 3 | D73: 11 | E73: 3 | F73: 5 | I73: =sum(B73:H73) -> 23 | J73: =B73+C73*2+D73*3+E73*4+F73*5+G73*6+H73*7 -> 77
A74: P16 | B74: 1 | C74: 8 | D74: 3 | E74: 3 | F74: 3 | G74: 5 | I74: =sum(B74:H74) -> 23 | J74: =B74+C74*2+D74*3+E74*4+F74*5+G74*6+H74*7 -> 83
A75: P17 | B75: 9 | C75: 3 | D75: 3 | E75: 3 | F75: 5 | I75: =sum(B75:H75) -> 23 | J75: =B75+C75*2+D75*3+E75*4+F75*5+G75*6+H75*7 -> 61
A76: P18 | B76: 1 | C76: 8 | D76: 3 | E76: 3 | F76: 3 | G76: 5 | I76: =sum(B76:H76) -> 23 | J76: =B76+C76*2+D76*3+E76*4+F76*5+G76*6+H76*7 -> 83
A77: P19 | B77: 1 | C77: 8 | D77: 3 | E77: 3 | F77: 3 | G77: 5 | I77: =sum(B77:H77) -> 23 | J77: =B77+C77*2+D77*3+E77*4+F77*5+G77*6+H77*7 -> 83
A78: P20 | B78: 1 | C78: 8 | D78: 3 | E78: 3 | F78: 3 | G78: 5 | I78: =sum(B78:H78) -> 23 | J78: =B78+C78*2+D78*3+E78*4+F78*5+G78*6+H78*7 -> 83
A79: P21 | B79: 1 | C79: 8 | D79: 3 | E79: 3 | F79: 3 | G79: 5 | I79: =sum(B79:H79) -> 23 | J79: =B79+C79*2+D79*3+E79*4+F79*5+G79*6+H79*7 -> 83
A80: P22 | B80: 1 | C80: 8 | D80: 3 | E80: 3 | F80: 3 | G80: 5 | I80: =sum(B80:H80) -> 23 | J80: =B80+C80*2+D80*3+E80*4+F80*5+G80*6+H80*7 -> 83
A81: P23 | B81: 1 | C81: 8 | D81: 3 | E81: 3 | F81: 3 | G81: 5 | I81: =sum(B81:H81) -> 23 | J81: =B81+C81*2+D81*3+E81*4+F81*5+G81*6+H81*7 -> 83
A82: P24 | B82: 1 | C82: 8 | D82: 3 | E82: 3 | F82: 3 | G82: 5 | I82: =sum(B82:H82) -> 23 | J82: =B82+C82*2+D82*3+E82*4+F82*5+G82*6+H82*7 -> 83
A85: Alpha 0.8
B86: 1 Edge | C86: 2 Edge | D86: 3 Edge | E86: 4 Edge | F86: 5 Edge | G86: 6 Edge | H86: 7 Edge
A87: P1 | B87: 1 | C87: 5 | D87: 2 | E87: 4 | F87: 3 | G87: 8 | I87: =sum(B87:H87) -> 23 | J87: =B87+C87*2+D87*3+E87*4+F87*5+G87*6+H87*7 -> 96 | K87: =sum(J87:J110)/((24*24)-24) -> 3.4492754
A88: P2 | B88: 1 | C88: 5 | D88: 2 | E88: 4 | F88: 3 | G88: 8 | I88: =sum(B88:H88) -> 23 | J88: =B88+C88*2+D88*3+E88*4+F88*5+G88*6+H88*7 -> 96
A89: P3 | B89: 1 | C89: 5 | D89: 2 | E89: 4 | F89: 3 | G89: 8 | I89: =sum(B89:H89) -> 23 | J89: =B89+C89*2+D89*3+E89*4+F89*5+G89*6+H89*7 -> 96
A90: P4 | B90: 1 | C90: 5 | D90: 2 | E90: 4 | F90: 3 | G90: 8 | I90: =sum(B90:H90) -> 23 | J90: =B90+C90*2+D90*3+E90*4+F90*5+G90*6+H90*7 -> 96
A91: P5 | B91: 1 | C91: 5 | D91: 2 | E91: 4 | F91: 3 | G91: 8 | I91: =sum(B91:H91) -> 23 | J91: =B91+C91*2+D91*3+E91*4+F91*5+G91*6+H91*7 -> 96
A92: P6 | B92: 6 | C92: 2 | D92: 4 | E92: 3 | F92: 8 | I92: =sum(B92:H92) -> 23 | J92: =B92+C92*2+D92*3+E92*4+F92*5+G92*6+H92*7 -> 74
A93: P7 | B93: 1 | C93: 2 | D93: 9 | E93: 3 | F93: 8 | I93: =sum(B93:H93) -> 23 | J93: =B93+C93*2+D93*3+E93*4+F93*5+G93*6+H93*7 -> 84
A94: P8 | B94: 3 | C94: 9 | D94: 3 | E94: 8 | I94: =sum(B94:H94) -> 23 | J94: =B94+C94*2+D94*3+E94*4+F94*5+G94*6+H94*7 -> 62
A95: P9 | B95: 1 | C95: 4 | D95: 5 | E95: 13 | I95: =sum(B95:H95) -> 23 | J95: =B95+C95*2+D95*3+E95*4+F95*5+G95*6+H95*7 -> 76
A96: P10 | B96: 1 | C96: 4 | D96: 5 | E96: 13 | I96: =sum(B96:H96) -> 23 | J96: =B96+C96*2+D96*3+E96*4+F96*5+G96*6+H96*7 -> 76
A97: P11 | B97: 1 | C97: 4 | D97: 5 | E97: 13 | I97: =sum(B97:H97) -> 23 | J97: =B97+C97*2+D97*3+E97*4+F97*5+G97*6+H97*7 -> 76
A98: P12 | B98: 5 | C98: 5 | D98: 13 | I98: =sum(B98:H98) -> 23 | J98: =B98+C98*2+D98*3+E98*4+F98*5+G98*6+H98*7 -> 54
A99: P13 | B99: 4 | C99: 12 | D99: 2 | E99: 5 | I99: =sum(B99:H99) -> 23 | J99: =B99+C99*2+D99*3+E99*4+F99*5+G99*6+H99*7 -> 54
A100: P14 | B100: 1 | C100: 3 | D100: 12 | E100: 2 | F100: 5 | I100: =sum(B100:H100) -> 23 | J100: =B100+C100*2+D100*3+E100*4+F100*5+G100*6+H100*7 -> 76
A101: P15 | B101: 1 | C101: 3 | D101: 12 | E101: 2 | F101: 5 | I101: =sum(B101:H101) -> 23 | J101: =B101+C101*2+D101*3+E101*4+F101*5+G101*6+H101*7 -> 76
A102: P16 | B102: 1 | C102: 8 | D102: 3 | E102: 4 | F102: 2 | G102: 5 | I102: =sum(B102:H102) -> 23 | J102: =B102+C102*2+D102*3+E102*4+F102*5+G102*6+H102*7 -> 82
A103: P17 | B103: 9 | C103: 3 | D103: 4 | E103: 2 | F103: 5 | I103: =sum(B103:H103) -> 23 | J103: =B103+C103*2+D103*3+E103*4+F103*5+G103*6+H103*7 -> 60
A104: P18 | B104: 1 | C104: 8 | D104: 3 | E104: 4 | F104: 2 | G104: 5 | I104: =sum(B104:H104) -> 23 | J104: =B104+C104*2+D104*3+E104*4+F104*5+G104*6+H104*7 -> 82
A105: P19 | B105: 1 | C105: 8 | D105: 3 | E105: 4 | F105: 2 | G105: 5 | I105: =sum(B105:H105) -> 23 | J105: =B105+C105*2+D105*3+E105*4+F105*5+G105*6+H105*7 -> 82
A106: P20 | B106: 1 | C106: 8 | D106: 3 | E106: 4 | F106: 2 | G106: 5 | I106: =sum(B106:H106) -> 23 | J106: =B106+C106*2+D106*3+E106*4+F106*5+G106*6+H106*7 -> 82
...

Sheet HLMA
A1: Alpha 0,2
B2: 1 Edge | C2: 2 Edge | D2: 3 Edge | E2: 4 Edge | F2: 5 Edge | G2: 6 Edge | H2: 7 Edge
A3: P1 | B3: 1 | C3: 6 | D3: 4 | E3: 4 | F3: 4 | G3: 4 | I3: =sum(B3:H3) -> 23 | J3: =B3+C3*2+D3*3+E3*4+F3*5+G3*6+H3*7 -> 85 | K3: =sum(J3:J26)/(24*24) -> 3.0625
A4: P2 | B4: 1 | C4: 6 | D4: 4 | E4: 4 | F4: 4 | G4: 4 | I4: =sum(B4:H4) -> 23 | J4: =B4+C4*2+D4*3+E4*4+F4*5+G4*6+H4*7 -> 85
A5: P3 | B5: 1 | C5: 6 | D5: 4 | E5: 4 | F5: 4 | G5: 4 | I5: =sum(B5:H5) -> 23 | J5: =B5+C5*2+D5*3+E5*4+F5*5+G5*6+H5*7 -> 85
A6: P4 | B6: 1 | C6: 6 | D6: 4 | E6: 4 | F6: 4 | G6: 4 | I6: =sum(B6:H6) -> 23 | J6: =B6+C6*2+D6*3+E6*4+F6*5+G6*6+H6*7 -> 85
A7: P5 | B7: 1 | C7: 6 | D7: 4 | E7: 4 | F7: 4 | G7: 4 | I7: =sum(B7:H7) -> 23 | J7: =B7+C7*2+D7*3+E7*4+F7*5+G7*6+H7*7 -> 85
A8: P6 | B8: 7 | C8: 4 | D8: 4 | E8: 4 | F8: 4 | I8: =sum(B8:H8) -> 23 | J8: =B8+C8*2+D8*3+E8*4+F8*5+G8*6+H8*7 -> 63
A9: P7 | B9: 1 | C9: 4 | D9: 10 | E9: 5 | F9: 4 | I9: =sum(B9:H9) -> 24 | J9: =B9+C9*2+D9*3+E9*4+F9*5+G9*6+H9*7 -> 79
A10: P8 | B10: 5 | C10: 10 | D10: 5 | E10: 4 | I10: =sum(B10:H10) -> 24 | J10: =B10+C10*2+D10*3+E10*4+F10*5+G10*6+H10*7 -> 56
A11: P9 | B11: 4 | C11: 10 | D11: 5 | E11: 4 | I11: =sum(B11:H11) -> 23 | J11: =B11+C11*2+D11*3+E11*4+F11*5+G11*6+H11*7 -> 55
A12: P10 | B12: 2 | C12: 7 | D12: 10 | E12: 4 | I12: =sum(B12:H12) -> 23 | J12: =B12+C12*2+D12*3+E12*4+F12*5+G12*6+H12*7 -> 62
A13: P11 | B13: 1 | C13: 6 | D13: 4 | E13: 4 | F13: 4 | G13: 4 | I13: =sum(B13:H13) -> 23 | J13: =B13+C13*2+D13*3+E13*4+F13*5+G13*6+H13*7 -> 85
A14: P12 | B14: 1 | C14: 5 | D14: 7 | E14: 10 | I14: =sum(B14:H14) -> 23 | J14: =B14+C14*2+D14*3+E14*4+F14*5+G14*6+H14*7 -> 72
A15: P13 | B15: 6 | C15: 7 | D15: 10 | I15: =sum(B15:H15) -> 23 | J15: =B15+C15*2+D15*3+E15*4+F15*5+G15*6+H15*7 -> 50
A16: P14 | B16: 1 | C16: 6 | D16: 7 | E16: 3 | F16: 6 | I16: =sum(B16:H16) -> 23 | J16: =B16+C16*2+D16*3+E16*4+F16*5+G16*6+H16*7 -> 76
A17: P15 | B17: 7 | C17: 7 | D17: 3 | E17: 6 | I17: =sum(B17:H17) -> 23 | J17: =B17+C17*2+D17*3+E17*4+F17*5+G17*6+H17*7 -> 54
A18: P16 | B18: 1 | C18: 6 | D18: 7 | E18: 3 | F18: 6 | I18: =sum(B18:H18) -> 23 | J18: =B18+C18*2+D18*3+E18*4+F18*5+G18*6+H18*7 -> 76
A19: P17 | B19: 2 | C19: 8 | D19: 7 | E19: 6 | I19: =sum(B19:H19) -> 23 | J19: =B19+C19*2+D19*3+E19*4+F19*5+G19*6+H19*7 -> 63
A20: P18 | B20: 2 | C20: 8 | D20: 4 | E20: 3 | F20: 6 | I20: =sum(B20:H20) -> 23 | J20: =B20+C20*2+D20*3+E20*4+F20*5+G20*6+H20*7 -> 72
A21: P19 | B21: 1 | C21: 6 | D21: 4 | E21: 3 | F21: 3 | G21: 6 | I21: =sum(B21:H21) -> 23 | J21: =B21+C21*2+D21*3+E21*4+F21*5+G21*6+H21*7 -> 88
A22: P20 | B22: 3 | C22: 11 | D22: 3 | E22: 6 | I22: =sum(B22:H22) -> 23 | J22: =B22+C22*2+D22*3+E22*4+F22*5+G22*6+H22*7 -> 58
A23: P21 | B23: 7 | C23: 4 | D23: 3 | E23: 3 | F23: 6 | I23: =sum(B23:H23) -> 23 | J23: =B23+C23*2+D23*3+E23*4+F23*5+G23*6+H23*7 -> 66
A24: P22 | B24: 1 | C24: 6 | D24: 4 | E24: 3 | F24: 3 | G24: 6 | I24: =sum(B24:H24) -> 23 | J24: =B24+C24*2+D24*3+E24*4+F24*5+G24*6+H24*7 -> 88
A25: P23 | B25: 1 | C25: 6 | D25: 4 | E25: 3 | F25: 3 | G25: 6 | I25: =sum(B25:H25) -> 23 | J25: =B25+C25*2+D25*3+E25*4+F25*5+G25*6+H25*7 -> 88
A26: P24 | B26: 1 | C26: 6 | D26: 4 | E26: 3 | F26: 3 | G26: 6 | I26: =sum(B26:H26) -> 23 | J26: =B26+C26*2+D26*3+E26*4+F26*5+G26*6+H26*7 -> 88
A29: Alpha 0,4
B30: 1 Edge | C30: 2 Edge | D30: 3 Edge | E30: 4 Edge | F30: 5 Edge | G30: 6 Edge | H30: 7 Edge
A31: P1 | B31: 1 | C31: 7 | D31: 3 | E31: 2 | F31: 6 | G31: 4 | I31: =sum(B31:H31) -> 23 | J31: =B31+C31*2+D31*3+E31*4+F31*5+G31*6+H31*7 -> 86 | K31: =sum(J31:J54)/(24*24) -> 2.8958333
A32: P2 | B32: 1 | C32: 7 | D32: 3 | E32: 2 | F32: 6 | G32: 4 | I32: =sum(B32:H32) -> 23 | J32: =B32+C32*2+D32*3+E32*4+F32*5+G32*6+H32*7 -> 86
A33: P3 | B33: 1 | C33: 7 | D33: 3 | E33: 2 | F33: 6 | G33: 4 | I33: =sum(B33:H33) -> 23 | J33: =B33+C33*2+D33*3+E33*4+F33*5+G33*6+H33*7 -> 86
A34: P4 | B34: 1 | C34: 7 | D34: 3 | E34: 2 | F34: 6 | G34: 4 | I34: =sum(B34:H34) -> 23 | J34: =B34+C34*2+D34*3+E34*4+F34*5+G34*6+H34*7 -> 86
A35: P5 | B35: 1 | C35: 7 | D35: 3 | E35: 2 | F35: 6 | G35: 4 | I35: =sum(B35:H35) -> 23 | J35: =B35+C35*2+D35*3+E35*4+F35*5+G35*6+H35*7 -> 86
A36: P6 | B36: 8 | C36: 3 | D36: 2 | E36: 6 | F36: 4 | I36: =sum(B36:H36) -> 23 | J36: =B36+C36*2+D36*3+E36*4+F36*5+G36*6+H36*7 -> 64
A37: P7 | B37: 2 | C37: 9 | D37: 2 | E37: 6 | F37: 4 | I37: =sum(B37:H37) -> 23 | J37: =B37+C37*2+D37*3+E37*4+F37*5+G37*6+H37*7 -> 70
A38: P8 | B38: 5 | C38: 8 | D38: 6 | E38: 4 | I38: =sum(B38:H38) -> 23 | J38: =B38+C38*2+D38*3+E38*4+F38*5+G38*6+H38*7 -> 55
A39: P9 | B39: 2 | C39: 6 | D39: 11 | E39: 4 | I39: =sum(B39:H39) -> 23 | J39: =B39+C39*2+D39*3+E39*4+F39*5+G39*6+H39*7 -> 63
A40: P10 | B40: 3 | C40: 14 | D40: 6 | I40: =sum(B40:H40) -> 23 | J40: =B40+C40*2+D40*3+E40*4+F40*5+G40*6+H40*7 -> 49
A41: P11 | B41: 1 | C41: 6 | D41: 4 | E41: 2 | F41: 6 | G41: 4 | I41: =sum(B41:H41) -> 23 | J41: =B41+C41*2+D41*3+E41*4+F41*5+G41*6+H41*7 -> 87
A42: P12 | B42: 6 | C42: 8 | D42: 9 | I42: =sum(B42:H42) -> 23 | J42: =B42+C42*2+D42*3+E42*4+F42*5+G42*6+H42*7 -> 49
A43: P13 | B43: 3 | C43: 13 | D43: 2 | E43: 5 | I43: =sum(B43:H43) -> 23 | J43: =B43+C43*2+D43*3+E43*4+F43*5+G43*6+H43*7 -> 55
A44: P14 | B44: 1 | C44: 7 | D44: 8 | E44: 2 | F44: 5 | I44: =sum(B44:H44) -> 23 | J44: =B44+C44*2+D44*3+E44*4+F44*5+G44*6+H44*7 -> 72
A45: P15 | B45: 8 | C45: 8 | D45: 2 | E45: 5 | I45: =sum(B45:H45) -> 23 | J45: =B45+C45*2+D45*3+E45*4+F45*5+G45*6+H45*7 -> 50
A46: P16 | B46: 2 | C46: 11 | D46: 3 | E46: 2 | F46: 5 | I46: =sum(B46:H46) -> 23 | J46: =B46+C46*2+D46*3+E46*4+F46*5+G46*6+H46*7 -> 66
A47: P17 | B47: 11 | C47: 2 | D47: 3 | E47: 2 | F47: 5 | I47: =sum(B47:H47) -> 23 | J47: =B47+C47*2+D47*3+E47*4+F47*5+G47*6+H47*7 -> 57
A48: P18 | B48: 2 | C48: 11 | D48: 3 | E48: 2 | F48: 5 | I48: =sum(B48:H48) -> 23 | J48: =B48+C48*2+D48*3+E48*4+F48*5+G48*6+H48*7 -> 66
A49: P19 | B49: 2 | C49: 11 | D49: 3 | E49: 2 | F49: 5 | I49: =sum(B49:H49) -> 23 | J49: =B49+C49*2+D49*3+E49*4+F49*5+G49*6+H49*7 -> 66
A50: P20 | B50: 1 | C50: 10 | D50: 2 | E50: 3 | F50: 2 | G50: 5 | I50: =sum(B50:H50) -> 23 | J50: =B50+C50*2+D50*3+E50*4+F50*5+G50*6+H50*7 -> 79
A51: P21 | B51: 2 | C51: 11 | D51: 3 | E51: 2 | F51: 5 | I51: =sum(B51:H51) -> 23 | J51: =B51+C51*2+D51*3+E51*4+F51*5+G51*6+H51*7 -> 66
A52: P22 | B52: 2 | C52: 11 | D52: 3 | E52: 2 | F52: 5 | I52: =sum(B52:H52) -> 23 | J52: =B52+C52*2+D52*3+E52*4+F52*5+G52*6+H52*7 -> 66
A53: P23 | B53: 1 | C53: 10 | D53: 2 | E53: 3 | F53: 2 | G53: 5 | I53: =sum(B53:H53) -> 23 | J53: =B53+C53*2+D53*3+E53*4+F53*5+G53*6+H53*7 -> 79
A54: P24 | B54: 1 | C54: 10 | D54: 2 | E54: 3 | F54: 2 | G54: 5 | I54: =sum(B54:H54) -> 23 | J54: =B54+C54*2+D54*3+E54*4+F54*5+G54*6+H54*7 -> 79
A57: Alpha 0,6
B58: 1 Edge | C58: 2 Edge | D58: 3 Edge | E58: 4 Edge | F58: 5 Edge | G58: 6 Edge | H58: 7 Edge
A59: P1 | B59: 1 | C59: 7 | D59: 3 | E59: 1 | F59: 5 | G59: 6 | I59: =sum(B59:H59) -> 23 | J59: =B59+C59*2+D59*3+E59*4+F59*5+G59*6+H59*7 -> 89 | K59: =sum(J59:J82)/(24*24) -> 2.9010417
A60: P2 | B60: 1 | C60: 7 | D60: 3 | E60: 1 | F60: 5 | G60: 6 | I60: =sum(B60:H60) -> 23 | J60: =B60+C60*2+D60*3+E60*4+F60*5+G60*6+H60*7 -> 89
A61: P3 | B61: 2 | C61: 10 | D61: 5 | E61: 6 | I61: =sum(B61:H61) -> 23 | J61: =B61+C61*2+D61*3+E61*4+F61*5+G61*6+H61*7 -> 61
A62: P4 | B62: 1 | C62: 7 | D62: 3 | E62: 1 | F62: 5 | G62: 6 | I62: =sum(B62:H62) -> 23 | J62: =B62+C62*2+D62*3+E62*4+F62*5+G62*6+H62*7 -> 89
A63: P5 | B63: 1 | C63: 7 | D63: 3 | E63: 1 | F63: 5 | G63: 6 | I63: =sum(B63:H63) -> 23 | J63: =B63+C63*2+D63*3+E63*4+F63*5+G63*6+H63*7 -> 89
A64: P6 | B64: 8 | C64: 3 | D64: 1 | E64: 5 | F64: 6 | I64: =sum(B64:H64) -> 23 | J64: =B64+C64*2+D64*3+E64*4+F64*5+G64*6+H64*7 -> 67
A65: P7 | B65: 2 | C65: 9 | D65: 1 | E65: 5 | F65: 6 | I65: =sum(B65:H65) -> 23 | J65: =B65+C65*2+D65*3+E65*4+F65*5+G65*6+H65*7 -> 73
A66: P8 | B66: 6 | C66: 6 | D66: 5 | E66: 6 | I66: =sum(B66:H66) -> 23 | J66: =B66+C66*2+D66*3+E66*4+F66*5+G66*6+H66*7 -> 57
A67: P9 | B67: 2 | C67: 6 | D67: 9 | E67: 6 | I67: =sum(B67:H67) -> 23 | J67: =B67+C67*2+D67*3+E67*4+F67*5+G67*6+H67*7 -> 65
A68: P10 | B68: 3 | C68: 9 | D68: 11 | I68: =sum(B68:H68) -> 23 | J68: =B68+C68*2+D68*3+E68*4+F68*5+G68*6+H68*7 -> 54
A69: P11 | B69: 3 | C69: 9 | D69: 5 | E69: 6 | I69: =sum(B69:H69) -> 23 | J69: =B69+C69*2+D69*3+E69*4+F69*5+G69*6+H69*7 -> 60
A70: P12 | B70: 6 | C70: 7 | D70: 10 | I70: =sum(B70:H70) -> 23 | J70: =B70+C70*2+D70*3+E70*4+F70*5+G70*6+H70*7 -> 50
A71: P13 | B71: 7 | C71: 10 | D71: 2 | E71: 4 | I71: =sum(B71:H71) -> 23 | J71: =B71+C71*2+D71*3+E71*4+F71*5+G71*6+H71*7 -> 49
A72: P14 | B72: 2 | C72: 11 | D72: 4 | E72: 2 | F72: 4 | I72: =sum(B72:H72) -> 23 | J72: =B72+C72*2+D72*3+E72*4+F72*5+G72*6+H72*7 -> 64
A73: P15 | B73: 2 | C73: 11 | D73: 4 | E73: 2 | F73: 4 | I73: =sum(B73:H73) -> 23 | J73: =B73+C73*2+D73*3+E73*4+F73*5+G73*6+H73*7 -> 64
A74: P16 | B74: 2 | C74: 11 | D74: 4 | E74: 2 | F74: 4 | I74: =sum(B74:H74) -> 23 | J74: =B74+C74*2+D74*3+E74*4+F74*5+G74*6+H74*7 -> 64
A75: P17 | B75: 11 | C75: 2 | D75: 4 | E75: 2 | F75: 4 | I75: =sum(B75:H75) -> 23 | J75: =B75+C75*2+D75*3+E75*4+F75*5+G75*6+H75*7 -> 55
A76: P18 | B76: 1 | C76: 10 | D76: 1 | E76: 5 | F76: 2 | G76: 4 | I76: =sum(B76:H76) -> 23 | J76: =B76+C76*2+D76*3+E76*4+F76*5+G76*6+H76*7 -> 78
A77: P19 | B77: 2 | C77: 11 | D77: 4 | E77: 2 | F77: 4 | I77: =sum(B77:H77) -> 23 | J77: =B77+C77*2+D77*3+E77*4+F77*5+G77*6+H77*7 -> 64
A78: P20 | B78: 1 | C78: 10 | D78: 1 | E78: 5 | F78: 2 | G78: 4 | I78: =sum(B78:H78) -> 23 | J78: =B78+C78*2+D78*3+E78*4+F78*5+G78*6+H78*7 -> 78
A79: P21 | B79: 1 | C79: 10 | D79: 1 | E79: 5 | F79: 2 | G79: 4 | I79: =sum(B79:H79) -> 23 | J79: =B79+C79*2+D79*3+E79*4+F79*5+G79*6+H79*7 -> 78
A80: P22 | B80: 1 | C80: 10 | D80: 1 | E80: 5 | F80: 2 | G80: 4 | I80: =sum(B80:H80) -> 23 | J80: =B80+C80*2+D80*3+E80*4+F80*5+G80*6+H80*7 -> 78
A81: P23 | B81: 1 | C81: 10 | D81: 1 | E81: 5 | F81: 2 | G81: 4 | I81: =sum(B81:H81) -> 23 | J81: =B81+C81*2+D81*3+E81*4+F81*5+G81*6+H81*7 -> 78
A82: P24 | B82: 1 | C82: 10 | D82: 1 | E82: 5 | F82: 2 | G82: 4 | I82: =sum(B82:H82) -> 23 | J82: =B82+C82*2+D82*3+E82*4+F82*5+G82*6+H82*7 -> 78
A85: Alpha 0,8
B86: 1 Edge | C86: 2 Edge | D86: 3 Edge | E86: 4 Edge | F86: 5 Edge | G86: 6 Edge | H86: 7 Edge
A87: P1 | B87: 1 | C87: 9 | D87: 2 | E87: 11 | I87: =sum(B87:H87) -> 23 | J87: =B87+C87*2+D87*3+E87*4+F87*5+G87*6+H87*7 -> 69 | K87: =sum(J87:J110)/(24*24) -> 2.265625
A88: P2 | B88: 1 | C88: 9 | D88: 2 | E88: 11 | I88: =sum(B88:H88) -> 23 | J88: =B88+C88*2+D88*3+E88*4+F88*5+G88*6+H88*7 -> 69
A89: P3 | B89: 2 | C89: 10 | D89: 11 | I89: =sum(B89:H89) -> 23 | J89: =B89+C89*2+D89*3+E89*4+F89*5+G89*6+H89*7 -> 55
A90: P4 | B90: 1 | C90: 9 | D90: 2 | E90: 11 | I90: =sum(B90:H90) -> 23 | J90: =B90+C90*2+D90*3+E90*4+F90*5+G90*6+H90*7 -> 69
A91: P5 | B91: 1 | C91: 9 | D91: 2 | E91: 11 | I91: =sum(B91:H91) -> 23 | J91: =B91+C91*2+D91*3+E91*4+F91*5+G91*6+H91*7 -> 69
A92: P6 | B92: 10 | C92: 2 | D92: 11 | I92: =sum(B92:H92) -> 23 | J92: =B92+C92*2+D92*3+E92*4+F92*5+G92*6+H92*7 -> 47
A93: P7 | B93: 2 | C93: 10 | D93: 11 | I93: =sum(B93:H93) -> 23 | J93: =B93+C93*2+D93*3+E93*4+F93*5+G93*6+H93*7 -> 55
A94: P8 | B94: 6 | C94: 17 | I94: =sum(B94:H94) -> 23 | J94: =B94+C94*2+D94*3+E94*4+F94*5+G94*6+H94*7 -> 40
A95: P9 | B95: 3 | C95: 16 | D95: 4 | I95: =sum(B95:H95) -> 23 | J95: =B95+C95*2+D95*3+E95*4+F95*5+G95*6+H95*7 -> 47
A96: P10 | B96: 5 | C96: 18 | I96: =sum(B96:H96) -> 23 | J96: =B96+C96*2+D96*3+E96*4+F96*5+G96*6+H96*7 -> 41
A97: P11 | B97: 3 | C97: 9 | D97: 11 | I97: =sum(B97:H97) -> 23 | J97: =B97+C97*2+D97*3+E97*4+F97*5+G97*6+H97*7 -> 54
A98: P12 | B98: 7 | C98: 16 | I98: =sum(B98:H98) -> 23 | J98: =B98+C98*2+D98*3+E98*4+F98*5+G98*6+H98*7 -> 39
A99: P13 | B99: 15 | C99: 4 | D99: 4 | I99: =sum(B99:H99) -> 23 | J99: =B99+C99*2+D99*3+E99*4+F99*5+G99*6+H99*7 -> 35
A100: P14 | B100: 2 | C100: 12 | D100: 5 | E100: 4 | I100: =sum(B100:H100) -> 23 | J100: =B100+C100*2+D100*3+E100*4+F100*5+G100*6+H100*7 -> 57
A101: P15 | B101: 2 | C101: 12 | D101: 5 | E101: 4 | I101: =sum(B101:H101) -> 23 | J101: =B101+C101*2+D101*3+E101*4+F101*5+G101*6+H101*7 -> 57
A102: P16 | B102: 2 | C102: 12 | D102: 5 | E102: 4 | I102: =sum(B102:H102) -> 23 | J102: =B102+C102*2+D102*3+E102*4+F102*5+G102*6+H102*7 -> 57
A103: P17 | B103: 12 | C103: 3 | D103: 4 | E103: 4 | I103: =sum(B103:H103) -> 23 | J103: =B103+C103*2+D103*3+E103*4+F103*5+G103*6+H103*7 -> 46
A104: P18 | B104: 2 | C104: 12 | D104: 5 | E104: 4 | I104: =sum(B104:H104) -> 23 | J104: =B104+C104*2+D104*3+E104*4+F104*5+G104*6+H104*7 -> 57
A105: P19 | B105: 2 | C105: 12 | D105: 5 | E105: 4 | I105: =sum(B105:H105) -> 23 | J105: =B105+C105*2+D105*3+E105*4+F105*5+G105*6+H105*7 -> 57
A106: P20 | B106: 2 | C106: 12 | D106: 5 | E106: 4 | I106: =sum(B106:H106) -> 23 | J106: =B106+C106*2+D106*3+E106*4+F106*5+G106*6+H106*7 -> 57
...
