Workbook

Sheet Rekapitulasi
A4: Tipe Model | C4: Fungsi Tujuan | E4: GAP
C5: Cplex | D5: Gsheet
A6: Complete | B6: Single Allocation | C6: 12787558415 | D6: ='Single Allocation'!G2 -> 12787557674 | E6: =(C6-D6)/C6 -> 5.7951364e-08
B7: Multiple Allocation | C7: 12313570417 | D7: ='Multiple Allocation'!G2 -> 12313569957 | E7: =(C7-D7)/C7 -> 3.7369125e-08
A8: Incomplete | B8: Single Allocation | C8: 12787558415 | D8: =Incomplete_SA!J2 -> 12787557674 | E8: =(C8-D8)/C8 -> 5.7951364e-08
B9: Multiple Allocation | C9: 15310629059 | D9: =Incomplete_MA!I2 -> 15310627814 | E9: =(C9-D9)/C9 -> 8.1286391e-08
A10: CycleHub | B10: Single Allocation | C10: 12951617044 | D10: ='Cycle Hub_SA'!E2 -> 12951616463 | E10: =(C10-D10)/C10 -> 4.4896926e-08
B11: Multiple Allocation | C11: 12313570417 | D11: ='Cycle Hub_MA'!G2 -> 12313570446 | E11: =(C11-D11)/C11 -> -2.323179e-09
A12: HubLine | B12: Single Allocation | C12: 13080397914 | D12: =Hubline_SA!H2 -> 13080397928 | E12: =(C12-D12)/C12 -> -1.0325622e-09
B13: Multiple Allocation | C13: 12579311845 | D13: =Hubline_MA!I2 -> 12579311845 | E13: =(C13-D13)/C13 -> 0

Sheet Single Allocation
D1: Objective Function | E1: Cost spoke-hub | F1: cost hub-hub | G1: Total | I1: Cplex
E2: =sum(U8:U17) -> 4530757568 | F2: =sum(M8:M37) -> 8256800106 | G2: =sum(E2:F2) -> 12787557674 | I2: 12787558415 | J2: =G2-I2 -> -741.05646
A3: C | B3: 15
A4: Alpha | B4: 0.75
A6: Hub | D6: Assignemnt | H6: Flow Hub to Hub | O6: Flow Spoke to Hub
A7: Node | B7: is_hub | D7: Origin | E7: Hub | F7: Value | H7: Origin | I7: Hub1 | J7: Hub2 | K7: Flow | L7: Dist | M7: Cost | O7: Origin | P7: Hub | Q7: Value | R7: Origin | S7: Destination | T7: Dist | U7: Cost
A8: P1 | B8: 0 | D8: P1 | E8: P4 | F8: 1 | H8: P1 | I8: P4 | J8: P6 | K8: 12280.84 | L8: {=XLOOKUP(I8, 'Data jarak '!$A$2:$A$11, XLOOKUP(J8, 'Data jarak '!$B$1:$K$1, 'Data jarak '!$B$2:$K$11))} -> 525.4495 | M8: =$B$3*$B$4*K8*L8 -> 72595814 | O8: P1 | P8: P4 | Q8: 1 | R8: =vlookup(O8, Sheet4!$G$1:$I$11,2,0) -> 125092.16 | S8: =vlookup(O8, Sheet4!$G$1:$I$11,3,0) -> 73644.52 | T8: {=XLOOKUP(O8, 'Data jarak '!$A$2:$A$11, XLOOKUP(P8, 'Data jarak '!$B$1:$K$1, 'Data jarak '!$B$2:$K$11))} -> 909.2041 | U8: =$B$3*T8*(R8+S8) -> 2710383064
A9: P2 | B9: 0 | D9: P2 | E9: P4 | F9: 1 | H9: P1 | I9: P4 | J9: P8 | K9: 29375.52 | L9: {=XLOOKUP(I9, 'Data jarak '!$A$2:$A$11, XLOOKUP(J9, 'Data jarak '!$B$1:$K$1, 'Data jarak '!$B$2:$K$11))} -> 918.1315 | M9: =$B$3*$B$4*K9*L9 -> 3.0341914e+08 | O9: P2 | P9: P4 | Q9: 1 | R9: =vlookup(O9, Sheet4!$G$1:$I$11,2,0) -> 30992.74 | S9: =vlookup(O9, Sheet4!$G$1:$I$11,3,0) -> 21308.78 | T9: {=XLOOKUP(O9, 'Data jarak '!$A$2:$A$11, XLOOKUP(P9, 'Data jarak '!$B$1:$K$1, 'Data jarak '!$B$2:$K$11))} -> 563.3406 | U9: =$B$3*T9*(R9+S9) -> 4.4195354e+08
A10: P3 | B10: 0 | D10: P3 | E10: P6 | F10: 1 | H10: P1 | I10: P4 | J10: P10 | K10: 70439.32 | L10: {=XLOOKUP(I10, 'Data jarak '!$A$2:$A$11, XLOOKUP(J10, 'Data jarak '!$B$1:$K$1, 'Data jarak '!$B$2:$K$11))} -> 1535.299 | M10: =$B$3*$B$4*K10*L10 -> 1216635948 | O10: P3 | P10: P6 | Q10: 1 | R10: =vlookup(O10, Sheet4!$G$1:$I$11,2,0) -> 27365.36 | S10: =vlookup(O10, Sheet4!$G$1:$I$11,3,0) -> 48760.24 | T10: {=XLOOKUP(O10, 'Data jarak '!$A$2:$A$11, XLOOKUP(P10, 'Data jarak '!$B$1:$K$1, 'Data jarak '!$B$2:$K$11))} -> 397.4792 | U10: =$B$3*T10*(R10+S10) -> 4.5387514e+08
A11: P4 | B11: 1 | D11: P4 | E11: P4 | F11: 1 | H11: P2 | I11: P4 | J11: P6 | K11: 8739.64 | L11: {=XLOOKUP(I11, 'Data jarak '!$A$2:$A$11, XLOOKUP(J11, 'Data jarak '!$B$1:$K$1, 'Data jarak '!$B$2:$K$11))} -> 525.4495 | M11: =$B$3*$B$4*K11*L11 -> 51662694 | O11: P4 | P11: P4 | Q11: 1 | R11: =vlookup(O11, Sheet4!$G$1:$I$11,2,0) -> 50914.96 | S11: =vlookup(O11, Sheet4!$G$1:$I$11,3,0) -> 147517.64 | T11: {=XLOOKUP(O11, 'Data jarak '!$A$2:$A$11, XLOOKUP(P11, 'Data jarak '!$B$1:$K$1, 'Data jarak '!$B$2:$K$11))} -> 0 | U11: =$B$3*T11*(R11+S11) -> 0
A12: P5 | B12: 0 | D12: P5 | E12: P6 | F12: 1 | H12: P2 | I12: P4 | J12: P8 | K12: 12354.38 | L12: {=XLOOKUP(I12, 'Data jarak '!$A$2:$A$11, XLOOKUP(J12, 'Data jarak '!$B$1:$K$1, 'Data jarak '!$B$2:$K$11))} -> 918.1315 | M12: =$B$3*$B$4*K12*L12 -> 1.2760814e+08 | O12: P5 | P12: P6 | Q12: 1 | R12: =vlookup(O12, Sheet4!$G$1:$I$11,2,0) -> 40906.08 | S12: =vlookup(O12, Sheet4!$G$1:$I$11,3,0) -> 49314.56 | T12: {=XLOOKUP(O12, 'Data jarak '!$A$2:$A$11, XLOOKUP(P12, 'Data jarak '!$B$1:$K$1, 'Data jarak '!$B$2:$K$11))} -> 176.4669 | U12: =$B$3*T12*(R12+S12) -> 2.3881435e+08
A13: P6 | B13: 1 | D13: P6 | E13: P6 | F13: 1 | H13: P2 | I13: P4 | J13: P10 | K13: 4136.76 | L13: {=XLOOKUP(I13, 'Data jarak '!$A$2:$A$11, XLOOKUP(J13, 'Data jarak '!$B$1:$K$1, 'Data jarak '!$B$2:$K$11))} -> 1535.299 | M13: =$B$3*$B$4*K13*L13 -> 71450589 | O13: P6 | P13: P6 | Q13: 1 | R13: =vlookup(O13, Sheet4!$G$1:$I$11,2,0) -> 64470.2 | S13: =vlookup(O13, Sheet4!$G$1:$I$11,3,0) -> 187313.74 | T13: {=XLOOKUP(O13, 'Data jarak '!$A$2:$A$11, XLOOKUP(P13, 'Data jarak '!$B$1:$K$1, 'Data jarak '!$B$2:$K$11))} -> 0 | U13: =$B$3*T13*(R13+S13) -> 0
A14: P7 | B14: 0 | D14: P7 | E14: P8 | F14: 1 | H14: P3 | I14: P6 | J14: P4 | K14: 3746.21 | L14: {=XLOOKUP(I14, 'Data jarak '!$A$2:$A$11, XLOOKUP(J14, 'Data jarak '!$B$1:$K$1, 'Data jarak '!$B$2:$K$11))} -> 525.4495 | M14: =$B$3*$B$4*K14*L14 -> 22144997 | O14: P7 | P14: P8 | Q14: 1 | R14: =vlookup(O14, Sheet4!$G$1:$I$11,2,0) -> 75267.84 | S14: =vlookup(O14, Sheet4!$G$1:$I$11,3,0) -> 44041.76 | T14: {=XLOOKUP(O14, 'Data jarak '!$A$2:$A$11, XLOOKUP(P14, 'Data jarak '!$B$1:$K$1, 'Data jarak '!$B$2:$K$11))} -> 186.18 | U14: =$B$3*T14*(R14+S14) -> 3.3319592e+08
A15: P8 | B15: 1 | D15: P8 | E15: P8 | F15: 1 | H15: P3 | I15: P6 | J15: P8 | K15: 16362.59 | L15: {=XLOOKUP(I15, 'Data jarak '!$A$2:$A$11, XLOOKUP(J15, 'Data jarak '!$B$1:$K$1, 'Data jarak '!$B$2:$K$11))} -> 475.5078 | M15: =$B$3*$B$4*K15*L15 -> 87531066 | O15: P8 | P15: P8 | Q15: 1 | R15: =vlookup(O15, Sheet4!$G$1:$I$11,2,0) -> 420950.02 | S15: =vlookup(O15, Sheet4!$G$1:$I$11,3,0) -> 176319.88 | T15: {=XLOOKUP(O15, 'Data jarak '!$A$2:$A$11, XLOOKUP(P15, 'Data jarak '!$B$1:$K$1, 'Data jarak '!$B$2:$K$11))} -> 0 | U15: =$B$3*T15*(R15+S15) -> 0
A16: P9 | B16: 0 | D16: P9 | E16: P8 | F16: 1 | H16: P3 | I16: P6 | J16: P10 | K16: 2415.04 | L16: {=XLOOKUP(I16, 'Data jarak '!$A$2:$A$11, XLOOKUP(J16, 'Data jarak '!$B$1:$K$1, 'Data jarak '!$B$2:$K$11))} -> 1024.79 | M16: =$B$3*$B$4*K16*L16 -> 27842724 | O16: P9 | P16: P8 | Q16: 1 | R16: =vlookup(O16, Sheet4!$G$1:$I$11,2,0) -> 13888.29 | S16: =vlookup(O16, Sheet4!$G$1:$I$11,3,0) -> 44428.77 | T16: {=XLOOKUP(O16, 'Data jarak '!$A$2:$A$11, XLOOKUP(P16, 'Data jarak '!$B$1:$K$1, 'Data jarak '!$B$2:$K$11))} -> 403.0102 | U16: =$B$3*T16*(R16+S16) -> 3.5253555e+08
A17: P10 | B17: 1 | D17: P10 | E17: P10 | F17: 1 | H17: P4 | I17: P4 | J17: P6 | K17: 11585.16 | L17: {=XLOOKUP(I17, 'Data jarak '!$A$2:$A$11, XLOOKUP(J17, 'Data jarak '!$B$1:$K$1, 'Data jarak '!$B$2:$K$11))} -> 525.4495 | M17: =$B$3*$B$4*K17*L17 -> 68483436 | O17: P10 | P17: P10 | Q17: 1 | R17: =vlookup(O17, Sheet4!$G$1:$I$11,2,0) -> 156335.24 | S17: =vlookup(O17, Sheet4!$G$1:$I$11,3,0) -> 213533 | T17: {=XLOOKUP(O17, 'Data jarak '!$A$2:$A$11, XLOOKUP(P17, 'Data jarak '!$B$1:$K$1, 'Data jarak '!$B$2:$K$11))} -> 0 | U17: =$B$3*T17*(R17+S17) -> 0
H18: P4 | I18: P4 | J18: P8 | K18: 21227.17 | L18: {=XLOOKUP(I18, 'Data jarak '!$A$2:$A$11, XLOOKUP(J18, 'Data jarak '!$B$1:$K$1, 'Data jarak '!$B$2:$K$11))} -> 918.1315 | M18: =$B$3*$B$4*K18*L18 -> 2.19255e+08
H19: P4 | I19: P4 | J19: P10 | K19: 12387.4 | L19: {=XLOOKUP(I19, 'Data jarak '!$A$2:$A$11, XLOOKUP(J19, 'Data jarak '!$B$1:$K$1, 'Data jarak '!$B$2:$K$11))} -> 1535.299 | M19: =$B$3*$B$4*K19*L19 -> 2.1395658e+08
A20: Validasi Routing | H20: P5 | I20: P6 | J20: P4 | K20: 6239.84 | L20: {=XLOOKUP(I20, 'Data jarak '!$A$2:$A$11, XLOOKUP(J20, 'Data jarak '!$B$1:$K$1, 'Data jarak '!$B$2:$K$11))} -> 525.4495 | M20: =$B$3*$B$4*K20*L20 -> 36885609
A21: Pelabuhan Asal | B21: Pelabuhan Tujuan | C21: Hub Awal | D21: Antar Hub | E21: Hub Akhir | F21: Status | H21: P5 | I21: P6 | J21: P8 | K21: 22533.08 | L21: {=XLOOKUP(I21, 'Data jarak '!$A$2:$A$11, XLOOKUP(J21, 'Data jarak '!$B$1:$K$1, 'Data jarak '!$B$2:$K$11))} -> 475.5078 | M21: =$B$3*$B$4*K21*L21 -> 1.2053987e+08
A22: P1 | B22: P10 | C22: P4 | D22: Ada | E22: P10 | F22: Valid | H22: P5 | I22: P6 | J22: P10 | K22: 5911.52 | L22: {=XLOOKUP(I22, 'Data jarak '!$A$2:$A$11, XLOOKUP(J22, 'Data jarak '!$B$1:$K$1, 'Data jarak '!$B$2:$K$11))} -> 1024.79 | M22: =$B$3*$B$4*K22*L22 -> 68153249
A23: P3 | B23: P8 | C23: P6 | D23: Ada | E23: P8 | F23: Valid | H23: P6 | I23: P6 | J23: P4 | K23: 14860.53 | L23: {=XLOOKUP(I23, 'Data jarak '!$A$2:$A$11, XLOOKUP(J23, 'Data jarak '!$B$1:$K$1, 'Data jarak '!$B$2:$K$11))} -> 525.4495 | M23: =$B$3*$B$4*K23*L23 -> 87845153
A24: P5 | B24: P6 | C24: P6 | D24: Ada | E24: P6 | F24: Valid | H24: P6 | I24: P6 | J24: P8 | K24: 38057.03 | L24: {=XLOOKUP(I24, 'Data jarak '!$A$2:$A$11, XLOOKUP(J24, 'Data jarak '!$B$1:$K$1, 'Data jarak '!$B$2:$K$11))} -> 475.5078 | M24: =$B$3*$B$4*K24*L24 -> 2.0358466e+08
A25: P7 | B25: P4 | C25: P8 | D25: Ada | E25: P4 | F25: Valid | H25: P6 | I25: P6 | J25: P10 | K25: 6665.76 | L25: {=XLOOKUP(I25, 'Data jarak '!$A$2:$A$11, XLOOKUP(J25, 'Data jarak '!$B$1:$K$1, 'Data jarak '!$B$2:$K$11))} -> 1024.79 | M25: =$B$3*$B$4*K25*L25 -> 76848797
A26: P9 | B26: P2 | C26: P8 | D26: Ada | E26: P4 | F26: Valid | H26: P7 | I26: P8 | J26: P4 | K26: 12683.13 | L26: {=XLOOKUP(I26, 'Data jarak '!$A$2:$A$11, XLOOKUP(J26, 'Data jarak '!$B$1:$K$1, 'Data jarak '!$B$2:$K$11))} -> 918.1315 | M26: =$B$3*$B$4*K26*L26 -> 1.3100379e+08
H27: P7 | I27: P8 | J27: P6 | K27: 35520.88 | L27: {=XLOOKUP(I27, 'Data jarak '!$A$2:$A$11, XLOOKUP(J27, 'Data jarak '!$B$1:$K$1, 'Data jarak '!$B$2:$K$11))} -> 475.5078 | M27: =$B$3*$B$4*K27*L27 -> 1.9001762e+08
H28: P7 | I28: P8 | J28: P10 | K28: 8546.4 | L28: {=XLOOKUP(I28, 'Data jarak '!$A$2:$A$11, XLOOKUP(J28, 'Data jarak '!$B$1:$K$1, 'Data jarak '!$B$2:$K$11))} -> 658.2451 | M28: =$B$3*$B$4*K28*L28 -> 63288292
H29: P8 | I29: P8 | J29: P4 | K29: 109854.74 | L29: {=XLOOKUP(I29, 'Data jarak '!$A$2:$A$11, XLOOKUP(J29, 'Data jarak '!$B$1:$K$1, 'Data jarak '!$B$2:$K$11))} -> 918.1315 | M29: =$B$3*$B$4*K29*L29 -> 1134687344
H30: P8 | I30: P8 | J30: P6 | K30: 169368.44 | L30: {=XLOOKUP(I30, 'Data jarak '!$A$2:$A$11, XLOOKUP(J30, 'Data jarak '!$B$1:$K$1, 'Data jarak '!$B$2:$K$11))} -> 475.5078 | M30: =$B$3*$B$4*K30*L30 -> 9.0603016e+08
H31: P8 | I31: P8 | J31: P10 | K31: 101245.44 | L31: {=XLOOKUP(I31, 'Data jarak '!$A$2:$A$11, XLOOKUP(J31, 'Data jarak '!$B$1:$K$1, 'Data jarak '!$B$2:$K$11))} -> 658.2451 | M31: =$B$3*$B$4*K31*L31 -> 7.4974854e+08
H32: P9 | I32: P8 | J32: P4 | K32: 3351.92 | L32: {=XLOOKUP(I32, 'Data jarak '!$A$2:$A$11, XLOOKUP(J32, 'Data jarak '!$B$1:$K$1, 'Data jarak '!$B$2:$K$11))} -> 918.1315 | M32: =$B$3*$B$4*K32*L32 -> 34621913
H33: P9 | I33: P8 | J33: P6 | K33: 3799.76 | L33: {=XLOOKUP(I33, 'Data jarak '!$A$2:$A$11, XLOOKUP(J33, 'Data jarak '!$B$1:$K$1, 'Data jarak '!$B$2:$K$11))} -> 475.5078 | M33: =$B$3*$B$4*K33*L33 -> 20326675
H34: P9 | I34: P8 | J34: P10 | K34: 1785.4 | L34: {=XLOOKUP(I34, 'Data jarak '!$A$2:$A$11, XLOOKUP(J34, 'Data jarak '!$B$1:$K$1, 'Data jarak '!$B$2:$K$11))} -> 658.2451 | M34: =$B$3*$B$4*K34*L34 -> 13221347
H35: P10 | I35: P10 | J35: P4 | K35: 67260.9 | L35: {=XLOOKUP(I35, 'Data jarak '!$A$2:$A$11, XLOOKUP(J35, 'Data jarak '!$B$1:$K$1, 'Data jarak '!$B$2:$K$11))} -> 1535.299 | M35: =$B$3*$B$4*K35*L35 -> 1161737916
H36: P10 | I36: P10 | J36: P6 | K36: 28143.8 | L36: {=XLOOKUP(I36, 'Data jarak '!$A$2:$A$11, XLOOKUP(J36, 'Data jarak '!$B$1:$K$1, 'Data jarak '!$B$2:$K$11))} -> 1024.79 | M36: =$B$3*$B$4*K36*L36 -> 324466704
H37: P10 | I37: P10 | J37: P8 | K37: 60930.54 | L37: {=XLOOKUP(I37, 'Data jarak '!$A$2:$A$11, XLOOKUP(J37, 'Data jarak '!$B$1:$K$1, 'Data jarak '!$B$2:$K$11))} -> 658.2451 | M37: =$B$3*$B$4*K37*L37 -> 4.5120633e+08
H42: P1 | I42: 3

Sheet Multiple Allocation
D1: Obj 1 | E1: Obj 2 | F1: Obj 3 | I1: Cplex
C2: Objective Function | D2: =sum(H8:H23) -> 1557482847 | E2: =sum(Q8:Q31) -> 8314943468 | F2: =sum(X8:X97) -> 2441143641 | G2: =sum(D2:F2) -> 12313569957 | I2: 12313570417 | J2: =G2-I2 -> -460.14735
A3: Cs | B3: 15 | G3: valid
A4: Alpha | B4: 0.75
A6: Hub | D6: Assignment | K6: Flow(Yikm) | S6: Flow(Xijm)
A7: Node | B7: is_hub | D7: Origin | E7: Hub | F7: Value | G7: Dist | H7: Cost | K7: Origin | L7: Hub1 | M7: Hub2 | N7: Flow | P7: Dist | Q7: Cost | S7: Origin | T7: destination | U7: Hub | V7: Flow | W7: Dist | X7: Cost | Z7: Validasi Routing
A8: P1 | B8: 1 | D8: P1 | E8: P1 | F8: 125092.16 | G8: {=XLOOKUP(D8, 'Data jarak '!$A$2:$A$11, XLOOKUP(E8, 'Data jarak '!$B$1:$K$1, 'Data jarak '!$B$2:$K$11))} -> 0 | H8: =$B$3*F8*G8 -> 0 | K8: P1 | L8: P1 | M8: P6 | N8: 10334.68 | P8: {=XLOOKUP(L8, 'Data jarak '!$A$2:$A$11, XLOOKUP(M8, 'Data jarak '!$B$1:$K$1, 'Data jarak '!$B$2:$K$11))} -> 1362.65 | Q8: =$B$3*$B$4*N8*P8 -> 1.5842871e+08 | S8: P1 | T8: P2 | U8: P1 | V8: 1460.8 | W8: {=XLOOKUP(T8, 'Data jarak '!$A$2:$A$11, XLOOKUP(U8, 'Data jarak '!$B$1:$K$1, 'Data jarak '!$B$2:$K$11))} -> 404.8972 | X8: =$B$3*V8*W8 -> 8872107.4 | Z8: Pelabuhan Asal | AA8: Pelabuhan Tujuan | AB8: Hub Awal | AC8: Antar Hub | AD8: Hub Akhir | AE8: Status
A9: P2 | B9: 0 | D9: P2 | E9: P1 | F9: 5761.96 | G9: {=XLOOKUP(D9, 'Data jarak '!$A$2:$A$11, XLOOKUP(E9, 'Data jarak '!$B$1:$K$1, 'Data jarak '!$B$2:$K$11))} -> 404.8972 | H9: =$B$3*F9*G9 -> 34995022 | K9: P1 | L9: P1 | M9: P8 | N9: 26992.84 | P9: {=XLOOKUP(L9, 'Data jarak '!$A$2:$A$11, XLOOKUP(M9, 'Data jarak '!$B$1:$K$1, 'Data jarak '!$B$2:$K$11))} -> 1810.495 | Q9: =$B$3*$B$4*N9*P9 -> 5.4979202e+08 | S9: P1 | T9: P3 | U9: P1 | V9: 1864.4 | W9: {=XLOOKUP(T9, 'Data jarak '!$A$2:$A$11, XLOOKUP(U9, 'Data jarak '!$B$1:$K$1, 'Data jarak '!$B$2:$K$11))} -> 1061.869 | X9: =$B$3*V9*W9 -> 29696228 | Z9: P1 | AA9: P10 | AB9: P4 | AC9: Ada | AD9: P10 | AE9: Valid
A10: P3 | B10: 0 | D10: P2 | E10: P6 | F10: 25230.78 | G10: {=XLOOKUP(D10, 'Data jarak '!$A$2:$A$11, XLOOKUP(E10, 'Data jarak '!$B$1:$K$1, 'Data jarak '!$B$2:$K$11))} -> 966.6815 | H10: =$B$3*F10*G10 -> 3.6585192e+08 | K10: P1 | L10: P1 | M10: P10 | N10: 70439.32 | P10: {=XLOOKUP(L10, 'Data jarak '!$A$2:$A$11, XLOOKUP(M10, 'Data jarak '!$B$1:$K$1, 'Data jarak '!$B$2:$K$11))} -> 2382.411 | Q10: =$B$3*$B$4*N10*P10 -> 1887923372 | S10: P1 | T10: P4 | U10: P1 | V10: 11535.68 | W10: {=XLOOKUP(T10, 'Data jarak '!$A$2:$A$11, XLOOKUP(U10, 'Data jarak '!$B$1:$K$1, 'Data jarak '!$B$2:$K$11))} -> 909.2041 | X10: =$B$3*V10*W10 -> 1.5732431e+08 | Z10: P3 | AA10: P8 | AB10: P8 | AC10: Tidak | AD10: P8 | AE10: Valid
A11: P4 | B11: 0 | D11: P3 | E11: P1 | F11: 881.92 | G11: {=XLOOKUP(D11, 'Data jarak '!$A$2:$A$11, XLOOKUP(E11, 'Data jarak '!$B$1:$K$1, 'Data jarak '!$B$2:$K$11))} -> 1061.869 | H11: =$B$3*F11*G11 -> 14047253 | K11: P2 | L11: P6 | M11: P8 | N11: 9718.65 | P11: {=XLOOKUP(L11, 'Data jarak '!$A$2:$A$11, XLOOKUP(M11, 'Data jarak '!$B$1:$K$1, 'Data jarak '!$B$2:$K$11))} -> 475.5078 | Q11: =$B$3*$B$4*N11*P11 -> 51989556 | S11: P1 | T11: P5 | U11: P1 | V11: 2464.44 | W11: {=XLOOKUP(T11, 'Data jarak '!$A$2:$A$11, XLOOKUP(U11, 'Data jarak '!$B$1:$K$1, 'Data jarak '!$B$2:$K$11))} -> 1187.826 | X11: =$B$3*V11*W11 -> 43909889 | Z11: P5 | AA11: P6 | AB11: P6 | AC11: Tidak | AD11: P6 | AE11: Valid
A12: P5 | B12: 0 | D12: P3 | E12: P6 | F12: 26483.44 | G12: {=XLOOKUP(D12, 'Data jarak '!$A$2:$A$11, XLOOKUP(E12, 'Data jarak '!$B$1:$K$1, 'Data jarak '!$B$2:$K$11))} -> 397.4792 | H12: =$B$3*F12*G12 -> 1.5789925e+08 | K12: P2 | L12: P6 | M12: P10 | N12: 4136.76 | P12: {=XLOOKUP(L12, 'Data jarak '!$A$2:$A$11, XLOOKUP(M12, 'Data jarak '!$B$1:$K$1, 'Data jarak '!$B$2:$K$11))} -> 1024.79 | Q12: =$B$3*$B$4*N12*P12 -> 47692241 | S12: P1 | T12: P6 | U12: P6 | V12: 7952 | W12: {=XLOOKUP(T12, 'Data jarak '!$A$2:$A$11, XLOOKUP(U12, 'Data jarak '!$B$1:$K$1, 'Data jarak '!$B$2:$K$11))} -> 0 | X12: =$B$3*V12*W12 -> 0 | Z12: P7 | AA12: P4 | AB12: P4 | AC12: Tidak | AD12: P4 | AE12: Valid
A13: P6 | B13: 1 | D13: P4 | E13: P1 | F13: 5715.23 | G13: {=XLOOKUP(D13, 'Data jarak '!$A$2:$A$11, XLOOKUP(E13, 'Data jarak '!$B$1:$K$1, 'Data jarak '!$B$2:$K$11))} -> 909.2041 | H13: =$B$3*F13*G13 -> 77944658 | K13: P3 | L13: P6 | M13: P8 | N13: 5883.31 | P13: {=XLOOKUP(L13, 'Data jarak '!$A$2:$A$11, XLOOKUP(M13, 'Data jarak '!$B$1:$K$1, 'Data jarak '!$B$2:$K$11))} -> 475.5078 | Q13: =$B$3*$B$4*N13*P13 -> 31472548 | S13: P1 | T13: P7 | U13: P6 | V13: 2382.68 | W13: {=XLOOKUP(T13, 'Data jarak '!$A$2:$A$11, XLOOKUP(U13, 'Data jarak '!$B$1:$K$1, 'Data jarak '!$B$2:$K$11))} -> 356.1662 | X13: =$B$3*V13*W13 -> 12729451 | Z13: P9 | AA13: P2 | AB13: P8 | AC13: Ada | AD13: P4 | AE13: Valid
A14: P7 | B14: 0 | D14: P4 | E14: P6 | F14: 45199.73 | G14: {=XLOOKUP(D14, 'Data jarak '!$A$2:$A$11, XLOOKUP(E14, 'Data jarak '!$B$1:$K$1, 'Data jarak '!$B$2:$K$11))} -> 525.4495 | H14: =$B$3*F14*G14 -> 3.5625263e+08 | K14: P3 | L14: P6 | M14: P10 | N14: 2415.04 | P14: {=XLOOKUP(L14, 'Data jarak '!$A$2:$A$11, XLOOKUP(M14, 'Data jarak '!$B$1:$K$1, 'Data jarak '!$B$2:$K$11))} -> 1024.79 | Q14: =$B$3*$B$4*N14*P14 -> 27842724 | S14: P1 | T14: P8 | U14: P8 | V14: 24726.24 | W14: {=XLOOKUP(T14, 'Data jarak '!$A$2:$A$11, XLOOKUP(U14, 'Data jarak '!$B$1:$K$1, 'Data jarak '!$B$2:$K$11))} -> 0 | X14: =$B$3*V14*W14 -> 0
A15: P8 | B15: 1 | D15: P5 | E15: P1 | F15: 1916.56 | G15: {=XLOOKUP(D15, 'Data jarak '!$A$2:$A$11, XLOOKUP(E15, 'Data jarak '!$B$1:$K$1, 'Data jarak '!$B$2:$K$11))} -> 1187.826 | H15: =$B$3*F15*G15 -> 34148097 | K15: P4 | L15: P6 | M15: P8 | N15: 18203.37 | P15: {=XLOOKUP(L15, 'Data jarak '!$A$2:$A$11, XLOOKUP(M15, 'Data jarak '!$B$1:$K$1, 'Data jarak '!$B$2:$K$11))} -> 475.5078 | Q15: =$B$3*$B$4*N15*P15 -> 97378250 | S15: P1 | T15: P9 | U15: P8 | V15: 2266.6 | W15: {=XLOOKUP(T15, 'Data jarak '!$A$2:$A$11, XLOOKUP(U15, 'Data jarak '!$B$1:$K$1, 'Data jarak '!$B$2:$K$11))} -> 403.0102 | X15: =$B$3*V15*W15 -> 13701944
A16: P9 | B16: 0 | D16: P5 | E16: P6 | F16: 38989.52 | G16: {=XLOOKUP(D16, 'Data jarak '!$A$2:$A$11, XLOOKUP(E16, 'Data jarak '!$B$1:$K$1, 'Data jarak '!$B$2:$K$11))} -> 176.4669 | H16: =$B$3*F16*G16 -> 1.032054e+08 | K16: P4 | L16: P6 | M16: P10 | N16: 12387.4 | P16: {=XLOOKUP(L16, 'Data jarak '!$A$2:$A$11, XLOOKUP(M16, 'Data jarak '!$B$1:$K$1, 'Data jarak '!$B$2:$K$11))} -> 1024.79 | Q16: =$B$3*$B$4*N16*P16 -> 142812941 | S16: P1 | T16: P10 | U16: P10 | V16: 70439.32 | W16: {=XLOOKUP(T16, 'Data jarak '!$A$2:$A$11, XLOOKUP(U16, 'Data jarak '!$B$1:$K$1, 'Data jarak '!$B$2:$K$11))} -> 0 | X16: =$B$3*V16*W16 -> 0
A17: P10 | B17: 1 | D17: P6 | E17: P6 | F17: 64470.2 | G17: {=XLOOKUP(D17, 'Data jarak '!$A$2:$A$11, XLOOKUP(E17, 'Data jarak '!$B$1:$K$1, 'Data jarak '!$B$2:$K$11))} -> 0 | H17: =$B$3*F17*G17 -> 0 | K17: P5 | L17: P6 | M17: P8 | N17: 21555.56 | P17: {=XLOOKUP(L17, 'Data jarak '!$A$2:$A$11, XLOOKUP(M17, 'Data jarak '!$B$1:$K$1, 'Data jarak '!$B$2:$K$11))} -> 475.5078 | Q17: =$B$3*$B$4*N17*P17 -> 1.1531067e+08 | S17: P2 | T17: P1 | U17: P1 | V17: 1517.87 | W17: {=XLOOKUP(T17, 'Data jarak '!$A$2:$A$11, XLOOKUP(U17, 'Data jarak '!$B$1:$K$1, 'Data jarak '!$B$2:$K$11))} -> 0 | X17: =$B$3*V17*W17 -> 0
D18: P7 | E18: P6 | F18: 48204.01 | G18: {=XLOOKUP(D18, 'Data jarak '!$A$2:$A$11, XLOOKUP(E18, 'Data jarak '!$B$1:$K$1, 'Data jarak '!$B$2:$K$11))} -> 356.1662 | H18: =$B$3*F18*G18 -> 257529586 | K18: P5 | L18: P6 | M18: P10 | N18: 5911.52 | P18: {=XLOOKUP(L18, 'Data jarak '!$A$2:$A$11, XLOOKUP(M18, 'Data jarak '!$B$1:$K$1, 'Data jarak '!$B$2:$K$11))} -> 1024.79 | Q18: =$B$3*$B$4*N18*P18 -> 68153249 | S18: P2 | T18: P3 | U18: P6 | V18: 1940.46 | W18: {=XLOOKUP(T18, 'Data jarak '!$A$2:$A$11, XLOOKUP(U18, 'Data jarak '!$B$1:$K$1, 'Data jarak '!$B$2:$K$11))} -> 397.4792 | X18: =$B$3*V18*W18 -> 11569387
D19: P7 | E19: P8 | F19: 27063.83 | G19: {=XLOOKUP(D19, 'Data jarak '!$A$2:$A$11, XLOOKUP(E19, 'Data jarak '!$B$1:$K$1, 'Data jarak '!$B$2:$K$11))} -> 186.18 | H19: =$B$3*F19*G19 -> 75581158 | K19: P6 | L19: P6 | M19: P1 | N19: 2334.6 | P19: {=XLOOKUP(L19, 'Data jarak '!$A$2:$A$11, XLOOKUP(M19, 'Data jarak '!$B$1:$K$1, 'Data jarak '!$B$2:$K$11))} -> 1362.65 | Q19: =$B$3*$B$4*N19*P19 -> 35788980 | S19: P2 | T19: P4 | U19: P1 | V19: 4244.09 | W19: {=XLOOKUP(T19, 'Data jarak '!$A$2:$A$11, XLOOKUP(U19, 'Data jarak '!$B$1:$K$1, 'Data jarak '!$B$2:$K$11))} -> 909.2041 | X19: =$B$3*V19*W19 -> 57881160
D20: P8 | E20: P8 | F20: 420950.08 | G20: {=XLOOKUP(D20, 'Data jarak '!$A$2:$A$11, XLOOKUP(E20, 'Data jarak '!$B$1:$K$1, 'Data jarak '!$B$2:$K$11))} -> 0 | H20: =$B$3*F20*G20 -> 0 | K20: P6 | L20: P6 | M20: P8 | N20: 35521.71 | P20: {=XLOOKUP(L20, 'Data jarak '!$A$2:$A$11, XLOOKUP(M20, 'Data jarak '!$B$1:$K$1, 'Data jarak '!$B$2:$K$11))} -> 475.5078 | Q20: =$B$3*$B$4*N20*P20 -> 1.9002206e+08 | S20: P2 | T20: P5 | U20: P6 | V20: 547.44 | W20: {=XLOOKUP(T20, 'Data jarak '!$A$2:$A$11, XLOOKUP(U20, 'Data jarak '!$B$1:$K$1, 'Data jarak '!$B$2:$K$11))} -> 176.4669 | X20: =$B$3*V20*W20 -> 1449075.6
D21: P9 | E21: P8 | F21: 12102.89 | G21: {=XLOOKUP(D21, 'Data jarak '!$A$2:$A$11, XLOOKUP(E21, 'Data jarak '!$B$1:$K$1, 'Data jarak '!$B$2:$K$11))} -> 403.0102 | H21: =$B$3*F21*G21 -> 73163822 | K21: P6 | L21: P6 | M21: P10 | N21: 6665.76 | P21: {=XLOOKUP(L21, 'Data jarak '!$A$2:$A$11, XLOOKUP(M21, 'Data jarak '!$B$1:$K$1, 'Data jarak '!$B$2:$K$11))} -> 1024.79 | Q21: =$B$3*$B$4*N21*P21 -> 76848797 | S21: P2 | T21: P6 | U21: P6 | V21: 6251.74 | W21: {=XLOOKUP(T21, 'Data jarak '!$A$2:$A$11, XLOOKUP(U21, 'Data jarak '!$B$1:$K$1, 'Data jarak '!$B$2:$K$11))} -> 0 | X21: =$B$3*V21*W21 -> 0
D22: P9 | E22: P10 | F22: 1785.4 | G22: {=XLOOKUP(D22, 'Data jarak '!$A$2:$A$11, XLOOKUP(E22, 'Data jarak '!$B$1:$K$1, 'Data jarak '!$B$2:$K$11))} -> 256.303 | H22: =$B$3*F22*G22 -> 6864050.6 | K22: P7 | L22: P6 | M22: P1 | N22: 2873.96 | P22: {=XLOOKUP(L22, 'Data jarak '!$A$2:$A$11, XLOOKUP(M22, 'Data jarak '!$B$1:$K$1, 'Data jarak '!$B$2:$K$11))} -> 1362.65 | Q22: =$B$3*$B$4*N22*P22 -> 44057268 | S22: P2 | T22: P7 | U22: P6 | V22: 2635.73 | W22: {=XLOOKUP(T22, 'Data jarak '!$A$2:$A$11, XLOOKUP(U22, 'Data jarak '!$B$1:$K$1, 'Data jarak '!$B$2:$K$11))} -> 356.1662 | X22: =$B$3*V22*W22 -> 14081369
D23: P10 | E23: P10 | F23: 156335.24 | G23: {=XLOOKUP(D23, 'Data jarak '!$A$2:$A$11, XLOOKUP(E23, 'Data jarak '!$B$1:$K$1, 'Data jarak '!$B$2:$K$11))} -> 0 | H23: =$B$3*F23*G23 -> 0 | K23: P7 | L23: P8 | M23: P10 | N23: 8546.4 | P23: {=XLOOKUP(L23, 'Data jarak '!$A$2:$A$11, XLOOKUP(M23, 'Data jarak '!$B$1:$K$1, 'Data jarak '!$B$2:$K$11))} -> 658.2451 | Q23: =$B$3*$B$4*N23*P23 -> 63288292 | S23: P2 | T23: P8 | U23: P8 | V23: 6039.82 | W23: {=XLOOKUP(T23, 'Data jarak '!$A$2:$A$11, XLOOKUP(U23, 'Data jarak '!$B$1:$K$1, 'Data jarak '!$B$2:$K$11))} -> 0 | X23: =$B$3*V23*W23 -> 0
K24: P8 | L24: P8 | M24: P1 | N24: 30724.48 | P24: {=XLOOKUP(L24, 'Data jarak '!$A$2:$A$11, XLOOKUP(M24, 'Data jarak '!$B$1:$K$1, 'Data jarak '!$B$2:$K$11))} -> 1810.495 | Q24: =$B$3*$B$4*N24*P24 -> 6.2579832e+08 | S24: P2 | T24: P9 | U24: P8 | V24: 3678.83 | W24: {=XLOOKUP(T24, 'Data jarak '!$A$2:$A$11, XLOOKUP(U24, 'Data jarak '!$B$1:$K$1, 'Data jarak '!$B$2:$K$11))} -> 403.0102 | X24: =$B$3*V24*W24 -> 22239090
K25: P8 | L25: P8 | M25: P6 | N25: 248498.7 | P25: {=XLOOKUP(L25, 'Data jarak '!$A$2:$A$11, XLOOKUP(M25, 'Data jarak '!$B$1:$K$1, 'Data jarak '!$B$2:$K$11))} -> 475.5078 | Q25: =$B$3*$B$4*N25*P25 -> 1329334539 | S25: P2 | T25: P10 | U25: P10 | V25: 4136.76 | W25: {=XLOOKUP(T25, 'Data jarak '!$A$2:$A$11, XLOOKUP(U25, 'Data jarak '!$B$1:$K$1, 'Data jarak '!$B$2:$K$11))} -> 0 | X25: =$B$3*V25*W25 -> 0
K26: P8 | L26: P8 | M26: P10 | N26: 101245.44 | P26: {=XLOOKUP(L26, 'Data jarak '!$A$2:$A$11, XLOOKUP(M26, 'Data jarak '!$B$1:$K$1, 'Data jarak '!$B$2:$K$11))} -> 658.2451 | Q26: =$B$3*$B$4*N26*P26 -> 7.4974854e+08 | S26: P3 | T26: P1 | U26: P1 | V26: 881.92 | W26: {=XLOOKUP(T26, 'Data jarak '!$A$2:$A$11, XLOOKUP(U26, 'Data jarak '!$B$1:$K$1, 'Data jarak '!$B$2:$K$11))} -> 0 | X26: =$B$3*V26*W26 -> 0
K27: P9 | L27: P8 | M27: P1 | N27: 535.69 | P27: {=XLOOKUP(L27, 'Data jarak '!$A$2:$A$11, XLOOKUP(M27, 'Data jarak '!$B$1:$K$1, 'Data jarak '!$B$2:$K$11))} -> 1810.495 | Q27: =$B$3*$B$4*N27*P27 -> 10910971 | S27: P3 | T27: P2 | U27: P6 | V27: 768.89 | W27: {=XLOOKUP(T27, 'Data jarak '!$A$2:$A$11, XLOOKUP(U27, 'Data jarak '!$B$1:$K$1, 'Data jarak '!$B$2:$K$11))} -> 966.6815 | X27: =$B$3*V27*W27 -> 11149076
K28: P9 | L28: P8 | M28: P6 | N28: 6615.99 | P28: {=XLOOKUP(L28, 'Data jarak '!$A$2:$A$11, XLOOKUP(M28, 'Data jarak '!$B$1:$K$1, 'Data jarak '!$B$2:$K$11))} -> 475.5078 | Q28: =$B$3*$B$4*N28*P28 -> 35391992 | S28: P3 | T28: P4 | U28: P6 | V28: 2095.4 | W28: {=XLOOKUP(T28, 'Data jarak '!$A$2:$A$11, XLOOKUP(U28, 'Data jarak '!$B$1:$K$1, 'Data jarak '!$B$2:$K$11))} -> 525.4495 | X28: =$B$3*V28*W28 -> 16515403
K29: P10 | L29: P10 | M29: P1 | N29: 29981.56 | P29: {=XLOOKUP(L29, 'Data jarak '!$A$2:$A$11, XLOOKUP(M29, 'Data jarak '!$B$1:$K$1, 'Data jarak '!$B$2:$K$11))} -> 2382.411 | Q29: =$B$3*$B$4*N29*P29 -> 8.0356948e+08 | S29: P3 | T29: P5 | U29: P6 | V29: 575.8 | W29: {=XLOOKUP(T29, 'Data jarak '!$A$2:$A$11, XLOOKUP(U29, 'Data jarak '!$B$1:$K$1, 'Data jarak '!$B$2:$K$11))} -> 176.4669 | X29: =$B$3*V29*W29 -> 1524144.6
K30: P10 | L30: P10 | M30: P6 | N30: 65423.14 | P30: {=XLOOKUP(L30, 'Data jarak '!$A$2:$A$11, XLOOKUP(M30, 'Data jarak '!$B$1:$K$1, 'Data jarak '!$B$2:$K$11))} -> 1024.79 | Q30: =$B$3*$B$4*N30*P30 -> 754256021 | S30: P3 | T30: P6 | U30: P6 | V30: 4265.72 | W30: {=XLOOKUP(T30, 'Data jarak '!$A$2:$A$11, XLOOKUP(U30, 'Data jarak '!$B$1:$K$1, 'Data jarak '!$B$2:$K$11))} -> 0 | X30: =$B$3*V30*W30 -> 0
K31: P10 | L31: P10 | M31: P8 | N31: 56329.16 | P31: {=XLOOKUP(L31, 'Data jarak '!$A$2:$A$11, XLOOKUP(M31, 'Data jarak '!$B$1:$K$1, 'Data jarak '!$B$2:$K$11))} -> 658.2451 | Q31: =$B$3*$B$4*N31*P31 -> 4.1713193e+08 | S31: P3 | T31: P7 | U31: P6 | V31: 10479.28 | W31: {=XLOOKUP(T31, 'Data jarak '!$A$2:$A$11, XLOOKUP(U31, 'Data jarak '!$B$1:$K$1, 'Data jarak '!$B$2:$K$11))} -> 356.1662 | X31: =$B$3*V31*W31 -> 55985480
S32: P3 | T32: P8 | U32: P8 | V32: 5041.36 | W32: {=XLOOKUP(T32, 'Data jarak '!$A$2:$A$11, XLOOKUP(U32, 'Data jarak '!$B$1:$K$1, 'Data jarak '!$B$2:$K$11))} -> 0 | X32: =$B$3*V32*W32 -> 0
S33: P3 | T33: P9 | U33: P8 | V33: 841.95 | W33: {=XLOOKUP(T33, 'Data jarak '!$A$2:$A$11, XLOOKUP(U33, 'Data jarak '!$B$1:$K$1, 'Data jarak '!$B$2:$K$11))} -> 403.0102 | X33: =$B$3*V33*W33 -> 5089716.6
S34: P3 | T34: P10 | U34: P10 | V34: 2415.04 | W34: {=XLOOKUP(T34, 'Data jarak '!$A$2:$A$11, XLOOKUP(U34, 'Data jarak '!$B$1:$K$1, 'Data jarak '!$B$2:$K$11))} -> 0 | X34: =$B$3*V34*W34 -> 0
S35: P4 | T35: P1 | U35: P1 | V35: 2877.88 | W35: {=XLOOKUP(T35, 'Data jarak '!$A$2:$A$11, XLOOKUP(U35, 'Data jarak '!$B$1:$K$1, 'Data jarak '!$B$2:$K$11))} -> 0 | X35: =$B$3*V35*W35 -> 0
S36: P4 | T36: P2 | U36: P1 | V36: 2837.35 | W36: {=XLOOKUP(T36, 'Data jarak '!$A$2:$A$11, XLOOKUP(U36, 'Data jarak '!$B$1:$K$1, 'Data jarak '!$B$2:$K$11))} -> 404.8972 | X36: =$B$3*V36*W36 -> 17232526
S37: P4 | T37: P3 | U37: P6 | V37: 2340.64 | W37: {=XLOOKUP(T37, 'Data jarak '!$A$2:$A$11, XLOOKUP(U37, 'Data jarak '!$B$1:$K$1, 'Data jarak '!$B$2:$K$11))} -> 397.4792 | X37: =$B$3*V37*W37 -> 13955336
K38: average 3 | S38: P4 | T38: P5 | U38: P6 | V38: 1346.84 | W38: {=XLOOKUP(T38, 'Data jarak '!$A$2:$A$11, XLOOKUP(U38, 'Data jarak '!$B$1:$K$1, 'Data jarak '!$B$2:$K$11))} -> 176.4669 | X38: =$B$3*V38*W38 -> 3565090.2
S39: P4 | T39: P6 | U39: P6 | V39: 7897.68 | W39: {=XLOOKUP(T39, 'Data jarak '!$A$2:$A$11, XLOOKUP(U39, 'Data jarak '!$B$1:$K$1, 'Data jarak '!$B$2:$K$11))} -> 0 | X39: =$B$3*V39*W39 -> 0
S40: P4 | T40: P7 | U40: P6 | V40: 3023.8 | W40: {=XLOOKUP(T40, 'Data jarak '!$A$2:$A$11, XLOOKUP(U40, 'Data jarak '!$B$1:$K$1, 'Data jarak '!$B$2:$K$11))} -> 356.1662 | X40: =$B$3*V40*W40 -> 16154630
S41: P4 | T41: P8 | U41: P8 | V41: 15699.2 | W41: {=XLOOKUP(T41, 'Data jarak '!$A$2:$A$11, XLOOKUP(U41, 'Data jarak '!$B$1:$K$1, 'Data jarak '!$B$2:$K$11))} -> 0 | X41: =$B$3*V41*W41 -> 0
S42: P4 | T42: P9 | U42: P8 | V42: 2504.17 | W42: {=XLOOKUP(T42, 'Data jarak '!$A$2:$A$11, XLOOKUP(U42, 'Data jarak '!$B$1:$K$1, 'Data jarak '!$B$2:$K$11))} -> 403.0102 | X42: =$B$3*V42*W42 -> 15138091
S43: P4 | T43: P10 | U43: P10 | V43: 12387.4 | W43: {=XLOOKUP(T43, 'Data jarak '!$A$2:$A$11, XLOOKUP(U43, 'Data jarak '!$B$1:$K$1, 'Data jarak '!$B$2:$K$11))} -> 0 | X43: =$B$3*V43*W43 -> 0
S44: P5 | T44: P1 | U44: P1 | V44: 1916.56 | W44: {=XLOOKUP(T44, 'Data jarak '!$A$2:$A$11, XLOOKUP(U44, 'Data jarak '!$B$1:$K$1, 'Data jarak '!$B$2:$K$11))} -> 0 | X44: =$B$3*V44*W44 -> 0
S45: P5 | T45: P2 | U45: P6 | V45: 453.68 | W45: {=XLOOKUP(T45, 'Data jarak '!$A$2:$A$11, XLOOKUP(U45, 'Data jarak '!$B$1:$K$1, 'Data jarak '!$B$2:$K$11))} -> 966.6815 | X45: =$B$3*V45*W45 -> 6578460.9
S46: P5 | T46: P3 | U46: P6 | V46: 821.08 | W46: {=XLOOKUP(T46, 'Data jarak '!$A$2:$A$11, XLOOKUP(U46, 'Data jarak '!$B$1:$K$1, 'Data jarak '!$B$2:$K$11))} -> 397.4792 | X46: =$B$3*V46*W46 -> 4895433.3
S47: P5 | T47: P4 | U47: P6 | V47: 3869.6 | W47: {=XLOOKUP(T47, 'Data jarak '!$A$2:$A$11, XLOOKUP(U47, 'Data jarak '!$B$1:$K$1, 'Data jarak '!$B$2:$K$11))} -> 525.4495 | X47: =$B$3*V47*W47 -> 30499191
S48: P5 | T48: P6 | U48: P6 | V48: 5400.56 | W48: {=XLOOKUP(T48, 'Data jarak '!$A$2:$A$11, XLOOKUP(U48, 'Data jarak '!$B$1:$K$1, 'Data jarak '!$B$2:$K$11))} -> 0 | X48: =$B$3*V48*W48 -> 0
S49: P5 | T49: P7 | U49: P6 | V49: 977.52 | W49: {=XLOOKUP(T49, 'Data jarak '!$A$2:$A$11, XLOOKUP(U49, 'Data jarak '!$B$1:$K$1, 'Data jarak '!$B$2:$K$11))} -> 356.1662 | X49: =$B$3*V49*W49 -> 5222393.8
S50: P5 | T50: P8 | U50: P8 | V50: 20364.36 | W50: {=XLOOKUP(T50, 'Data jarak '!$A$2:$A$11, XLOOKUP(U50, 'Data jarak '!$B$1:$K$1, 'Data jarak '!$B$2:$K$11))} -> 0 | X50: =$B$3*V50*W50 -> 0
... S97: P10 | T97: P9 | U97: P10 | V97: 4601.38 | W97: {=XLOOKUP(T97, 'Data jarak '!$A$2:$A$11, XLOOKUP(U97, 'Data jarak '!$B$1:$K$1, 'Data jarak '!$B$2:$K$11))} -> 256.303 | X97: =$B$3*V97*W97 -> 17690212

Sheet Copy of Multiple Allocation
D1: Obj 1 | E1: Obj 2 | F1: Obj 3 | I1: Cplex
C2: Objective Function | D2: =sum(H8:H23) -> #N/A | E2: =sum(Q8:Q31) -> 8314943468 | F2: =sum(X8:X97) -> 2441143641 | G2: =sum(D2:F2) -> #N/A | I2: 12313570417 | J2: =G2-I2 -> #N/A
A3: Cs | B3: 15 | G3: valid
A4: Alpha | B4: 0.75
A6: Hub | D6: Assignment | K6: Flow(Yikm) | S6: Flow(Xijm)
A7: Node | B7: is_hub | D7: Origin | E7: Hub | F7: Value | G7: Dist | H7: Cost | K7: Origin | L7: Hub1 | M7: Hub2 | N7: Flow | P7: Dist | Q7: Cost | S7: Origin | T7: destination | U7: Hub | V7: Flow | W7: Dist | X7: Cost | Z7: Validasi Routing
A8: P1 | B8: 0 | D8: P1 | E8: P6 | F8: 219823.16 | G8: {=XLOOKUP(D8, 'Data jarak '!$A$2:$A$11, XLOOKUP(E8, 'Data jarak '!$B$1:$K$1, 'Data jarak '!$B$2:$K$11))} -> 1362.65 | H8: =$B$3*F8*G8 -> 4493130435 | K8: P1 | L8: P1 | M8: P6 | N8: 10334.68 | P8: {=XLOOKUP(L8, 'Data jarak '!$A$2:$A$11, XLOOKUP(M8, 'Data jarak '!$B$1:$K$1, 'Data jarak '!$B$2:$K$11))} -> 1362.65 | Q8: =$B$3*$B$4*N8*P8 -> 1.5842871e+08 | S8: P1 | T8: P2 | U8: P1 | V8: 1460.8 | W8: {=XLOOKUP(T8, 'Data jarak '!$A$2:$A$11, XLOOKUP(U8, 'Data jarak '!$B$1:$K$1, 'Data jarak '!$B$2:$K$11))} -> 404.8972 | X8: =$B$3*V8*W8 -> 8872107.4 | Z8: Pelabuhan Asal | AA8: Pelabuhan Tujuan | AB8: Hub Awal | AC8: Antar Hub | AD8: Hub Akhir | AE8: Status
A9: P2 | B9: 0 | D9: P2 | E9: P6 | F9: 113722.62 | G9: {=XLOOKUP(D9, 'Data jarak '!$A$2:$A$11, XLOOKUP(E9, 'Data jarak '!$B$1:$K$1, 'Data jarak '!$B$2:$K$11))} -> 966.6815 | H9: =$B$3*F9*G9 -> 1649003293 | K9: P1 | L9: P1 | M9: P8 | N9: 26992.84 | P9: {=XLOOKUP(L9, 'Data jarak '!$A$2:$A$11, XLOOKUP(M9, 'Data jarak '!$B$1:$K$1, 'Data jarak '!$B$2:$K$11))} -> 1810.495 | Q9: =$B$3*$B$4*N9*P9 -> 5.4979202e+08 | S9: P1 | T9: P3 | U9: P1 | V9: 1864.4 | W9: {=XLOOKUP(T9, 'Data jarak '!$A$2:$A$11, XLOOKUP(U9, 'Data jarak '!$B$1:$K$1, 'Data jarak '!$B$2:$K$11))} -> 1061.869 | X9: =$B$3*V9*W9 -> 29696228 | Z9: P1 | AA9: P10 | AB9: P4 | AC9: Ada | AD9: P10 | AE9: Valid
A10: P3 | B10: 0 | D10: P3 | E10: P6 | F10: 127542.2 | G10: {=XLOOKUP(D10, 'Data jarak '!$A$2:$A$11, XLOOKUP(E10, 'Data jarak '!$B$1:$K$1, 'Data jarak '!$B$2:$K$11))} -> 397.4792 | H10: =$B$3*F10*G10 -> 7.6043057e+08 | K10: P1 | L10: P1 | M10: P10 | N10: 70439.32 | P10: {=XLOOKUP(L10, 'Data jarak '!$A$2:$A$11, XLOOKUP(M10, 'Data jarak '!$B$1:$K$1, 'Data jarak '!$B$2:$K$11))} -> 2382.411 | Q10: =$B$3*$B$4*N10*P10 -> 1887923372 | S10: P1 | T10: P4 | U10: P1 | V10: 11535.68 | W10: {=XLOOKUP(T10, 'Data jarak '!$A$2:$A$11, XLOOKUP(U10, 'Data jarak '!$B$1:$K$1, 'Data jarak '!$B$2:$K$11))} -> 909.2041 | X10: =$B$3*V10*W10 -> 1.5732431e+08 | Z10: P3 | AA10: P8 | AB10: P8 | AC10: Tidak | AD10: P8 | AE10: Valid
A11: P4 | B11: 0 | D11: P4 | E11: P6 | F11: 149109.44 | G11: {=XLOOKUP(D11, 'Data jarak '!$A$2:$A$11, XLOOKUP(E11, 'Data jarak '!$B$1:$K$1, 'Data jarak '!$B$2:$K$11))} -> 525.4495 | H11: =$B$3*F11*G11 -> 1175242210 | K11: P2 | L11: P6 | M11: P8 | N11: 9718.65 | P11: {=XLOOKUP(L11, 'Data jarak '!$A$2:$A$11, XLOOKUP(M11, 'Data jarak '!$B$1:$K$1, 'Data jarak '!$B$2:$K$11))} -> 475.5078 | Q11: =$B$3*$B$4*N11*P11 -> 51989556 | S11: P1 | T11: P5 | U11: P1 | V11: 2464.44 | W11: {=XLOOKUP(T11, 'Data jarak '!$A$2:$A$11, XLOOKUP(U11, 'Data jarak '!$B$1:$K$1, 'Data jarak '!$B$2:$K$11))} -> 1187.826 | X11: =$B$3*V11*W11 -> 43909889 | Z11: P5 | AA11: P6 | AB11: P6 | AC11: Tidak | AD11: P6 | AE11: Valid
A12: P5 | B12: 0 | D12: P5 | E12: P6 | F12: 92596.28 | G12: {=XLOOKUP(D12, 'Data jarak '!$A$2:$A$11, XLOOKUP(E12, 'Data jarak '!$B$1:$K$1, 'Data jarak '!$B$2:$K$11))} -> 176.4669 | H12: =$B$3*F12*G12 -> 2.4510268e+08 | K12: P2 | L12: P6 | M12: P10 | N12: 4136.76 | P12: {=XLOOKUP(L12, 'Data jarak '!$A$2:$A$11, XLOOKUP(M12, 'Data jarak '!$B$1:$K$1, 'Data jarak '!$B$2:$K$11))} -> 1024.79 | Q12: =$B$3*$B$4*N12*P12 -> 47692241 | S12: P1 | T12: P6 | U12: P6 | V12: 7952 | W12: {=XLOOKUP(T12, 'Data jarak '!$A$2:$A$11, XLOOKUP(U12, 'Data jarak '!$B$1:$K$1, 'Data jarak '!$B$2:$K$11))} -> 0 | X12: =$B$3*V12*W12 -> 0 | Z12: P7 | AA12: P4 | AB12: P4 | AC12: Tidak | AD12: P4 | AE12: Valid
A13: P6 | B13: 1 | D13: P6 | E13: P6 | F13: 356464.08 | G13: {=XLOOKUP(D13, 'Data jarak '!$A$2:$A$11, XLOOKUP(E13, 'Data jarak '!$B$1:$K$1, 'Data jarak '!$B$2:$K$11))} -> 0 | H13: =$B$3*F13*G13 -> 0 | K13: P3 | L13: P6 | M13: P8 | N13: 5883.31 | P13: {=XLOOKUP(L13, 'Data jarak '!$A$2:$A$11, XLOOKUP(M13, 'Data jarak '!$B$1:$K$1, 'Data jarak '!$B$2:$K$11))} -> 475.5078 | Q13: =$B$3*$B$4*N13*P13 -> 31472548 | S13: P1 | T13: P7 | U13: P6 | V13: 2382.68 | W13: {=XLOOKUP(T13, 'Data jarak '!$A$2:$A$11, XLOOKUP(U13, 'Data jarak '!$B$1:$K$1, 'Data jarak '!$B$2:$K$11))} -> 356.1662 | X13: =$B$3*V13*W13 -> 12729451 | Z13: P9 | AA13: P2 | AB13: P8 | AC13: Ada | AD13: P4 | AE13: Valid
A14: P7 | B14: 0 | D14: P7 | E14: P8 | F14: 314649.32 | G14: {=XLOOKUP(D14, 'Data jarak '!$A$2:$A$11, XLOOKUP(E14, 'Data jarak '!$B$1:$K$1, 'Data jarak '!$B$2:$K$11))} -> 186.18 | H14: =$B$3*F14*G14 -> 878721156 | K14: P3 | L14: P6 | M14: P10 | N14: 2415.04 | P14: {=XLOOKUP(L14, 'Data jarak '!$A$2:$A$11, XLOOKUP(M14, 'Data jarak '!$B$1:$K$1, 'Data jarak '!$B$2:$K$11))} -> 1024.79 | Q14: =$B$3*$B$4*N14*P14 -> 27842724 | S14: P1 | T14: P8 | U14: P8 | V14: 24726.24 | W14: {=XLOOKUP(T14, 'Data jarak '!$A$2:$A$11, XLOOKUP(U14, 'Data jarak '!$B$1:$K$1, 'Data jarak '!$B$2:$K$11))} -> 0 | X14: =$B$3*V14*W14 -> 0
A15: P8 | B15: 1 | D15: P8 | E15: P8 | F15: 1366604.9 | G15: {=XLOOKUP(D15, 'Data jarak '!$A$2:$A$11, XLOOKUP(E15, 'Data jarak '!$B$1:$K$1, 'Data jarak '!$B$2:$K$11))} -> 0 | H15: =$B$3*F15*G15 -> 0 | K15: P4 | L15: P6 | M15: P8 | N15: 18203.37 | P15: {=XLOOKUP(L15, 'Data jarak '!$A$2:$A$11, XLOOKUP(M15, 'Data jarak '!$B$1:$K$1, 'Data jarak '!$B$2:$K$11))} -> 475.5078 | Q15: =$B$3*$B$4*N15*P15 -> 97378250 | S15: P1 | T15: P9 | U15: P8 | V15: 2266.6 | W15: {=XLOOKUP(T15, 'Data jarak '!$A$2:$A$11, XLOOKUP(U15, 'Data jarak '!$B$1:$K$1, 'Data jarak '!$B$2:$K$11))} -> 403.0102 | X15: =$B$3*V15*W15 -> 13701944
A16: P9 | B16: 0 | D16: P9 | E16: P8 | F16: 42730.01 | G16: {=XLOOKUP(D16, 'Data jarak '!$A$2:$A$11, XLOOKUP(E16, 'Data jarak '!$B$1:$K$1, 'Data jarak '!$B$2:$K$11))} -> 403.0102 | H16: =$B$3*F16*G16 -> 2.5830945e+08 | K16: P4 | L16: P6 | M16: P10 | N16: 12387.4 | P16: {=XLOOKUP(L16, 'Data jarak '!$A$2:$A$11, XLOOKUP(M16, 'Data jarak '!$B$1:$K$1, 'Data jarak '!$B$2:$K$11))} -> 1024.79 | Q16: =$B$3*$B$4*N16*P16 -> 142812941 | S16: P1 | T16: P10 | U16: P10 | V16: 70439.32 | W16: {=XLOOKUP(T16, 'Data jarak '!$A$2:$A$11, XLOOKUP(U16, 'Data jarak '!$B$1:$K$1, 'Data jarak '!$B$2:$K$11))} -> 0 | X16: =$B$3*V16*W16 -> 0
A17: P10 | B17: 0 | D17: P10 | E17: P8 | F17: 171260.44 | G17: {=XLOOKUP(D17, 'Data jarak '!$A$2:$A$11, XLOOKUP(E17, 'Data jarak '!$B$1:$K$1, 'Data jarak '!$B$2:$K$11))} -> 658.2451 | H17: =$B$3*F17*G17 -> 1690970182 | K17: P5 | L17: P6 | M17: P8 | N17: 21555.56 | P17: {=XLOOKUP(L17, 'Data jarak '!$A$2:$A$11, XLOOKUP(M17, 'Data jarak '!$B$1:$K$1, 'Data jarak '!$B$2:$K$11))} -> 475.5078 | Q17: =$B$3*$B$4*N17*P17 -> 1.1531067e+08 | S17: P2 | T17: P1 | U17: P1 | V17: 1517.87 | W17: {=XLOOKUP(T17, 'Data jarak '!$A$2:$A$11, XLOOKUP(U17, 'Data jarak '!$B$1:$K$1, 'Data jarak '!$B$2:$K$11))} -> 0 | X17: =$B$3*V17*W17 -> 0
A18: P11 | B18: 0 | D18: P10 | E18: P13 | F18: 190604.6 | G18: {=XLOOKUP(D18, 'Data jarak '!$A$2:$A$11, XLOOKUP(E18, 'Data jarak '!$B$1:$K$1, 'Data jarak '!$B$2:$K$11))} -> #N/A | H18: =$B$3*F18*G18 -> #N/A | K18: P5 | L18: P6 | M18: P10 | N18: 5911.52 | P18: {=XLOOKUP(L18, 'Data jarak '!$A$2:$A$11, XLOOKUP(M18, 'Data jarak '!$B$1:$K$1, 'Data jarak '!$B$2:$K$11))} -> 1024.79 | Q18: =$B$3*$B$4*N18*P18 -> 68153249 | S18: P2 | T18: P3 | U18: P6 | V18: 1940.46 | W18: {=XLOOKUP(T18, 'Data jarak '!$A$2:$A$11, XLOOKUP(U18, 'Data jarak '!$B$1:$K$1, 'Data jarak '!$B$2:$K$11))} -> 397.4792 | X18: =$B$3*V18*W18 -> 11569387
A19: P12 | B19: 0 | D19: P11 | E19: P6 | F19: 52154.96 | G19: {=XLOOKUP(D19, 'Data jarak '!$A$2:$A$11, XLOOKUP(E19, 'Data jarak '!$B$1:$K$1, 'Data jarak '!$B$2:$K$11))} -> #N/A | H19: =$B$3*F19*G19 -> #N/A | K19: P6 | L19: P6 | M19: P1 | N19: 2334.6 | P19: {=XLOOKUP(L19, 'Data jarak '!$A$2:$A$11, XLOOKUP(M19, 'Data jarak '!$B$1:$K$1, 'Data jarak '!$B$2:$K$11))} -> 1362.65 | Q19: =$B$3*$B$4*N19*P19 -> 35788980 | S19: P2 | T19: P4 | U19: P1 | V19: 4244.09 | W19: {=XLOOKUP(T19, 'Data jarak '!$A$2:$A$11, XLOOKUP(U19, 'Data jarak '!$B$1:$K$1, 'Data jarak '!$B$2:$K$11))} -> 909.2041 | X19: =$B$3*V19*W19 -> 57881160
A20: P13 | B20: 1 | D20: P12 | E20: P13 | F20: 995865.48 | G20: {=XLOOKUP(D20, 'Data jarak '!$A$2:$A$11, XLOOKUP(E20, 'Data jarak '!$B$1:$K$1, 'Data jarak '!$B$2:$K$11))} -> #N/A | H20: =$B$3*F20*G20 -> #N/A | K20: P6 | L20: P6 | M20: P8 | N20: 35521.71 | P20: {=XLOOKUP(L20, 'Data jarak '!$A$2:$A$11, XLOOKUP(M20, 'Data jarak '!$B$1:$K$1, 'Data jarak '!$B$2:$K$11))} -> 475.5078 | Q20: =$B$3*$B$4*N20*P20 -> 1.9002206e+08 | S20: P2 | T20: P5 | U20: P6 | V20: 547.44 | W20: {=XLOOKUP(T20, 'Data jarak '!$A$2:$A$11, XLOOKUP(U20, 'Data jarak '!$B$1:$K$1, 'Data jarak '!$B$2:$K$11))} -> 176.4669 | X20: =$B$3*V20*W20 -> 1449075.6
A21: P14 | B21: 0 | D21: P13 | E21: P13 | F21: 1029824.1 | G21: {=XLOOKUP(D21, 'Data jarak '!$A$2:$A$11, XLOOKUP(E21, 'Data jarak '!$B$1:$K$1, 'Data jarak '!$B$2:$K$11))} -> #N/A | H21: =$B$3*F21*G21 -> #N/A | K21: P6 | L21: P6 | M21: P10 | N21: 6665.76 | P21: {=XLOOKUP(L21, 'Data jarak '!$A$2:$A$11, XLOOKUP(M21, 'Data jarak '!$B$1:$K$1, 'Data jarak '!$B$2:$K$11))} -> 1024.79 | Q21: =$B$3*$B$4*N21*P21 -> 76848797 | S21: P2 | T21: P6 | U21: P6 | V21: 6251.74 | W21: {=XLOOKUP(T21, 'Data jarak '!$A$2:$A$11, XLOOKUP(U21, 'Data jarak '!$B$1:$K$1, 'Data jarak '!$B$2:$K$11))} -> 0 | X21: =$B$3*V21*W21 -> 0
A22: P15 | B22: 1 | D22: P14 | E22: P15 | F22: 62587.04 | G22: {=XLOOKUP(D22, 'Data jarak '!$A$2:$A$11, XLOOKUP(E22, 'Data jarak '!$B$1:$K$1, 'Data jarak '!$B$2:$K$11))} -> #N/A | H22: =$B$3*F22*G22 -> #N/A | K22: P7 | L22: P6 | M22: P1 | N22: 2873.96 | P22: {=XLOOKUP(L22, 'Data jarak '!$A$2:$A$11, XLOOKUP(M22, 'Data jarak '!$B$1:$K$1, 'Data jarak '!$B$2:$K$11))} -> 1362.65 | Q22: =$B$3*$B$4*N22*P22 -> 44057268 | S22: P2 | T22: P7 | U22: P6 | V22: 2635.73 | W22: {=XLOOKUP(T22, 'Data jarak '!$A$2:$A$11, XLOOKUP(U22, 'Data jarak '!$B$1:$K$1, 'Data jarak '!$B$2:$K$11))} -> 356.1662 | X22: =$B$3*V22*W22 -> 14081369
A23: P16 | B23: 0 | D23: P15 | E23: P15 | F23: 1162580.2 | G23: {=XLOOKUP(D23, 'Data jarak '!$A$2:$A$11, XLOOKUP(E23, 'Data jarak '!$B$1:$K$1, 'Data jarak '!$B$2:$K$11))} -> #N/A | H23: =$B$3*F23*G23 -> #N/A | K23: P7 | L23: P8 | M23: P10 | N23: 8546.4 | P23: {=XLOOKUP(L23, 'Data jarak '!$A$2:$A$11, XLOOKUP(M23, 'Data jarak '!$B$1:$K$1, 'Data jarak '!$B$2:$K$11))} -> 658.2451 | Q23: =$B$3*$B$4*N23*P23 -> 63288292 | S23: P2 | T23: P8 | U23: P8 | V23: 6039.82 | W23: {=XLOOKUP(T23, 'Data jarak '!$A$2:$A$11, XLOOKUP(U23, 'Data jarak '!$B$1:$K$1, 'Data jarak '!$B$2:$K$11))} -> 0 | X23: =$B$3*V23*W23 -> 0
A24: P17 | B24: 0 | D24: P16 | E24: P15 | F24: 134893.6 | K24: P8 | L24: P8 | M24: P1 | N24: 30724.48 | P24: {=XLOOKUP(L24, 'Data jarak '!$A$2:$A$11, XLOOKUP(M24, 'Data jarak '!$B$1:$K$1, 'Data jarak '!$B$2:$K$11))} -> 1810.495 | Q24: =$B$3*$B$4*N24*P24 -> 6.2579832e+08 | S24: P2 | T24: P9 | U24: P8 | V24: 3678.83 | W24: {=XLOOKUP(T24, 'Data jarak '!$A$2:$A$11, XLOOKUP(U24, 'Data jarak '!$B$1:$K$1, 'Data jarak '!$B$2:$K$11))} -> 403.0102 | X24: =$B$3*V24*W24 -> 22239090
A25: P18 | B25: 0 | D25: P17 | E25: P13 | F25: 490447.52 | K25: P8 | L25: P8 | M25: P6 | N25: 248498.7 | P25: {=XLOOKUP(L25, 'Data jarak '!$A$2:$A$11, XLOOKUP(M25, 'Data jarak '!$B$1:$K$1, 'Data jarak '!$B$2:$K$11))} -> 475.5078 | Q25: =$B$3*$B$4*N25*P25 -> 1329334539 | S25: P2 | T25: P10 | U25: P10 | V25: 4136.76 | W25: {=XLOOKUP(T25, 'Data jarak '!$A$2:$A$11, XLOOKUP(U25, 'Data jarak '!$B$1:$K$1, 'Data jarak '!$B$2:$K$11))} -> 0 | X25: =$B$3*V25*W25 -> 0
A26: P19 | B26: 0 | D26: P17 | E26: P15 | F26: 319277.12 | K26: P8 | L26: P8 | M26: P10 | N26: 101245.44 | P26: {=XLOOKUP(L26, 'Data jarak '!$A$2:$A$11, XLOOKUP(M26, 'Data jarak '!$B$1:$K$1, 'Data jarak '!$B$2:$K$11))} -> 658.2451 | Q26: =$B$3*$B$4*N26*P26 -> 7.4974854e+08 | S26: P3 | T26: P1 | U26: P1 | V26: 881.92 | W26: {=XLOOKUP(T26, 'Data jarak '!$A$2:$A$11, XLOOKUP(U26, 'Data jarak '!$B$1:$K$1, 'Data jarak '!$B$2:$K$11))} -> 0 | X26: =$B$3*V26*W26 -> 0
A27: P20 | B27: 0 | D27: P18 | E27: P15 | F27: 43691.6 | K27: P9 | L27: P8 | M27: P1 | N27: 535.69 | P27: {=XLOOKUP(L27, 'Data jarak '!$A$2:$A$11, XLOOKUP(M27, 'Data jarak '!$B$1:$K$1, 'Data jarak '!$B$2:$K$11))} -> 1810.495 | Q27: =$B$3*$B$4*N27*P27 -> 10910971 | S27: P3 | T27: P2 | U27: P6 | V27: 768.89 | W27: {=XLOOKUP(T27, 'Data jarak '!$A$2:$A$11, XLOOKUP(U27, 'Data jarak '!$B$1:$K$1, 'Data jarak '!$B$2:$K$11))} -> 966.6815 | X27: =$B$3*V27*W27 -> 11149076
A28: P21 | B28: 0 | D28: P19 | E28: P15 | F28: 149835.36 | K28: P9 | L28: P8 | M28: P6 | N28: 6615.99 | P28: {=XLOOKUP(L28, 'Data jarak '!$A$2:$A$11, XLOOKUP(M28, 'Data jarak '!$B$1:$K$1, 'Data jarak '!$B$2:$K$11))} -> 475.5078 | Q28: =$B$3*$B$4*N28*P28 -> 35391992 | S28: P3 | T28: P4 | U28: P6 | V28: 2095.4 | W28: {=XLOOKUP(T28, 'Data jarak '!$A$2:$A$11, XLOOKUP(U28, 'Data jarak '!$B$1:$K$1, 'Data jarak '!$B$2:$K$11))} -> 525.4495 | X28: =$B$3*V28*W28 -> 16515403
A29: P22 | B29: 0 | D29: P20 | E29: P13 | F29: 226389.56 | K29: P10 | L29: P10 | M29: P1 | N29: 29981.56 | P29: {=XLOOKUP(L29, 'Data jarak '!$A$2:$A$11, XLOOKUP(M29, 'Data jarak '!$B$1:$K$1, 'Data jarak '!$B$2:$K$11))} -> 2382.411 | Q29: =$B$3*$B$4*N29*P29 -> 8.0356948e+08 | S29: P3 | T29: P5 | U29: P6 | V29: 575.8 | W29: {=XLOOKUP(T29, 'Data jarak '!$A$2:$A$11, XLOOKUP(U29, 'Data jarak '!$B$1:$K$1, 'Data jarak '!$B$2:$K$11))} -> 176.4669 | X29: =$B$3*V29*W29 -> 1524144.6
A30: P23 | B30: 0 | D30: P20 | E30: P15 | F30: 125980.08 | K30: P10 | L30: P10 | M30: P6 | N30: 65423.14 | P30: {=XLOOKUP(L30, 'Data jarak '!$A$2:$A$11, XLOOKUP(M30, 'Data jarak '!$B$1:$K$1, 'Data jarak '!$B$2:$K$11))} -> 1024.79 | Q30: =$B$3*$B$4*N30*P30 -> 754256021 | S30: P3 | T30: P6 | U30: P6 | V30: 4265.72 | W30: {=XLOOKUP(T30, 'Data jarak '!$A$2:$A$11, XLOOKUP(U30, 'Data jarak '!$B$1:$K$1, 'Data jarak '!$B$2:$K$11))} -> 0 | X30: =$B$3*V30*W30 -> 0
A31: P24 | B31: 0 | D31: P21 | E31: P15 | F31: 190537.16 | K31: P10 | L31: P10 | M31: P8 | N31: 56329.16 | P31: {=XLOOKUP(L31, 'Data jarak '!$A$2:$A$11, XLOOKUP(M31, 'Data jarak '!$B$1:$K$1, 'Data jarak '!$B$2:$K$11))} -> 658.2451 | Q31: =$B$3*$B$4*N31*P31 -> 4.1713193e+08 | S31: P3 | T31: P7 | U31: P6 | V31: 10479.28 | W31: {=XLOOKUP(T31, 'Data jarak '!$A$2:$A$11, XLOOKUP(U31, 'Data jarak '!$B$1:$K$1, 'Data jarak '!$B$2:$K$11))} -> 356.1662 | X31: =$B$3*V31*W31 -> 55985480
D32: P22 | E32: P15 | F32: 221085.64 | S32: P3 | T32: P8 | U32: P8 | V32: 5041.36 | W32: {=XLOOKUP(T32, 'Data jarak '!$A$2:$A$11, XLOOKUP(U32, 'Data jarak '!$B$1:$K$1, 'Data jarak '!$B$2:$K$11))} -> 0 | X32: =$B$3*V32*W32 -> 0
D33: P23 | E33: P15 | F33: 38461.84 | S33: P3 | T33: P9 | U33: P8 | V33: 841.95 | W33: {=XLOOKUP(T33, 'Data jarak '!$A$2:$A$11, XLOOKUP(U33, 'Data jarak '!$B$1:$K$1, 'Data jarak '!$B$2:$K$11))} -> 403.0102 | X33: =$B$3*V33*W33 -> 5089716.6
D34: P24 | E34: P15 | F34: 151429.12 | S34: P3 | T34: P10 | U34: P10 | V34: 2415.04 | W34: {=XLOOKUP(T34, 'Data jarak '!$A$2:$A$11, XLOOKUP(U34, 'Data jarak '!$B$1:$K$1, 'Data jarak '!$B$2:$K$11))} -> 0 | X34: =$B$3*V34*W34 -> 0
S35: P4 | T35: P1 | U35: P1 | V35: 2877.88 | W35: {=XLOOKUP(T35, 'Data jarak '!$A$2:$A$11, XLOOKUP(U35, 'Data jarak '!$B$1:$K$1, 'Data jarak '!$B$2:$K$11))} -> 0 | X35: =$B$3*V35*W35 -> 0
S36: P4 | T36: P2 | U36: P1 | V36: 2837.35 | W36: {=XLOOKUP(T36, 'Data jarak '!$A$2:$A$11, XLOOKUP(U36, 'Data jarak '!$B$1:$K$1, 'Data jarak '!$B$2:$K$11))} -> 404.8972 | X36: =$B$3*V36*W36 -> 17232526
S37: P4 | T37: P3 | U37: P6 | V37: 2340.64 | W37: {=XLOOKUP(T37, 'Data jarak '!$A$2:$A$11, XLOOKUP(U37, 'Data jarak '!$B$1:$K$1, 'Data jarak '!$B$2:$K$11))} -> 397.4792 | X37: =$B$3*V37*W37 -> 13955336
S38: P4 | T38: P5 | U38: P6 | V38: 1346.84 | W38: {=XLOOKUP(T38, 'Data jarak '!$A$2:$A$11, XLOOKUP(U38, 'Data jarak '!$B$1:$K$1, 'Data jarak '!$B$2:$K$11))} -> 176.4669 | X38: =$B$3*V38*W38 -> 3565090.2
S39: P4 | T39: P6 | U39: P6 | V39: 7897.68 | W39: {=XLOOKUP(T39, 'Data jarak '!$A$2:$A$11, XLOOKUP(U39, 'Data jarak '!$B$1:$K$1, 'Data jarak '!$B$2:$K$11))} -> 0 | X39: =$B$3*V39*W39 -> 0
S40: P4 | T40: P7 | U40: P6 | V40: 3023.8 | W40: {=XLOOKUP(T40, 'Data jarak '!$A$2:$A$11, XLOOKUP(U40, 'Data jarak '!$B$1:$K$1, 'Data jarak '!$B$2:$K$11))} -> 356.1662 | X40: =$B$3*V40*W40 -> 16154630
S41: P4 | T41: P8 | U41: P8 | V41: 15699.2 | W41: {=XLOOKUP(T41, 'Data jarak '!$A$2:$A$11, XLOOKUP(U41, 'Data jarak '!$B$1:$K$1, 'Data jarak '!$B$2:$K$11))} -> 0 | X41: =$B$3*V41*W41 -> 0
S42: P4 | T42: P9 | U42: P8 | V42: 2504.17 | W42: {=XLOOKUP(T42, 'Data jarak '!$A$2:$A$11, XLOOKUP(U42, 'Data jarak '!$B$1:$K$1, 'Data jarak '!$B$2:$K$11))} -> 403.0102 | X42: =$B$3*V42*W42 -> 15138091
S43: P4 | T43: P10 | U43: P10 | V43: 12387.4 | W43: {=XLOOKUP(T43, 'Data jarak '!$A$2:$A$11, XLOOKUP(U43, 'Data jarak '!$B$1:$K$1, 'Data jarak '!$B$2:$K$11))} -> 0 | X43: =$B$3*V43*W43 -> 0
S44: P5 | T44: P1 | U44: P1 | V44: 1916.56 | W44: {=XLOOKUP(T44, 'Data jarak '!$A$2:$A$11, XLOOKUP(U44, 'Data jarak '!$B$1:$K$1, 'Data jarak '!$B$2:$K$11))} -> 0 | X44: =$B$3*V44*W44 -> 0
S45: P5 | T45: P2 | U45: P6 | V45: 453.68 | W45: {=XLOOKUP(T45, 'Data jarak '!$A$2:$A$11, XLOOKUP(U45, 'Data jarak '!$B$1:$K$1, 'Data jarak '!$B$2:$K$11))} -> 966.6815 | X45: =$B$3*V45*W45 -> 6578460.9
S46: P5 | T46: P3 | U46: P6 | V46: 821.08 | W46: {=XLOOKUP(T46, 'Data jarak '!$A$2:$A$11, XLOOKUP(U46, 'Data jarak '!$B$1:$K$1, 'Data jarak '!$B$2:$K$11))} -> 397.4792 | X46: =$B$3*V46*W46 -> 4895433.3
... S97: P10 | T97: P9 | U97: P10 | V97: 4601.38 | W97: {=XLOOKUP(T97, 'Data jarak '!$A$2:$A$11, XLOOKUP(U97, 'Data jarak '!$B$1:$K$1, 'Data jarak '!$B$2:$K$11))} -> 256.303 | X97: =$B$3*V97*W97 -> 17690212

Sheet Incomplete_SA
G1: Obj 1 | H1: Obj 2 | I1: Obj 3 | L1: Cplex
F2: Objective Function | G2: =sum(I13:I22) -> 2533499895 | H2: =sum(K13:K22) -> 1997257673 | I2: =sum(S13:S42) -> 8256800106 | J2: =sum(G2:I2) -> 12787557674 | L2: 12787558415 | N2: =J2-L2 -> -741.05646
D3: Cs | E3: 15 | J3: Valid
D4: Alpha | E4: 0.75
A11: Hub | D11: Assignment | M11: Yikm
A12: Node | B12: is_hub | D12: Origin | E12: Hub | F12: Value | G12: Dist | H12: Oi | I12: Obj1 | J12: Di | K12: obj2 | M12: Origin | N12: Hub1 | O12: Hub2 | P12: Flow | Q12: Validate Flow | R12: Dist
A13: P1 | B13: 0 | D13: P1 | E13: P4 | F13: 1 | G13: {=XLOOKUP(D13, 'Data jarak '!$A$2:$A$11, XLOOKUP(E13, 'Data jarak '!$B$1:$K$1, 'Data jarak '!$B$2:$K$11))} -> 909.2041 | H13: =vlookup(D13, Sheet4!$G$1:$I$11,2,0) -> 125092.16 | I13: =H13*G13*$E$3 -> 1706014571 | J13: =vlookup(D13, Sheet4!$G$1:$I$11,3,0) -> 73644.52 | K13: =J13*G13*$E$3 -> 1004368493 | M13: P1 | N13: P4 | O13: P6 | P13: 12280.84 | R13: {=XLOOKUP(N13, 'Data jarak '!$A$2:$A$11, XLOOKUP(O13, 'Data jarak '!$B$1:$K$1, 'Data jarak '!$B$2:$K$11))} -> 525.4495 | S13: =R13*P13*$E$3*$E$4 -> 72595814
A14: P2 | B14: 0 | D14: P2 | E14: P4 | F14: 1 | G14: {=XLOOKUP(D14, 'Data jarak '!$A$2:$A$11, XLOOKUP(E14, 'Data jarak '!$B$1:$K$1, 'Data jarak '!$B$2:$K$11))} -> 563.3406 | H14: =vlookup(D14, Sheet4!$G$1:$I$11,2,0) -> 30992.74 | I14: =H14*G14*$E$3 -> 2.6189203e+08 | J14: =vlookup(D14, Sheet4!$G$1:$I$11,3,0) -> 21308.78 | K14: =J14*G14*$E$3 -> 1.8006151e+08 | M14: P1 | N14: P4 | O14: P8 | P14: 29375.52 | R14: {=XLOOKUP(N14, 'Data jarak '!$A$2:$A$11, XLOOKUP(O14, 'Data jarak '!$B$1:$K$1, 'Data jarak '!$B$2:$K$11))} -> 918.1315 | S14: =R14*P14*$E$3*$E$4 -> 3.0341914e+08
A15: P3 | B15: 0 | D15: P3 | E15: P6 | F15: 1 | G15: {=XLOOKUP(D15, 'Data jarak '!$A$2:$A$11, XLOOKUP(E15, 'Data jarak '!$B$1:$K$1, 'Data jarak '!$B$2:$K$11))} -> 397.4792 | H15: =vlookup(D15, Sheet4!$G$1:$I$11,2,0) -> 27365.36 | I15: =H15*G15*$E$3 -> 163157421 | J15: =vlookup(D15, Sheet4!$G$1:$I$11,3,0) -> 48760.24 | K15: =J15*G15*$E$3 -> 2.9071772e+08 | M15: P1 | N15: P4 | O15: P10 | P15: 70439.32 | R15: {=XLOOKUP(N15, 'Data jarak '!$A$2:$A$11, XLOOKUP(O15, 'Data jarak '!$B$1:$K$1, 'Data jarak '!$B$2:$K$11))} -> 1535.299 | S15: =R15*P15*$E$3*$E$4 -> 1216635948
A16: P4 | B16: 1 | D16: P4 | E16: P4 | F16: 1 | G16: {=XLOOKUP(D16, 'Data jarak '!$A$2:$A$11, XLOOKUP(E16, 'Data jarak '!$B$1:$K$1, 'Data jarak '!$B$2:$K$11))} -> 0 | H16: =vlookup(D16, Sheet4!$G$1:$I$11,2,0) -> 50914.96 | I16: =H16*G16*$E$3 -> 0 | J16: =vlookup(D16, Sheet4!$G$1:$I$11,3,0) -> 147517.64 | K16: =J16*G16*$E$3 -> 0 | M16: P2 | N16: P4 | O16: P6 | P16: 8739.64 | R16: {=XLOOKUP(N16, 'Data jarak '!$A$2:$A$11, XLOOKUP(O16, 'Data jarak '!$B$1:$K$1, 'Data jarak '!$B$2:$K$11))} -> 525.4495 | S16: =R16*P16*$E$3*$E$4 -> 51662694
A17: P5 | B17: 0 | D17: P5 | E17: P6 | F17: 1 | G17: {=XLOOKUP(D17, 'Data jarak '!$A$2:$A$11, XLOOKUP(E17, 'Data jarak '!$B$1:$K$1, 'Data jarak '!$B$2:$K$11))} -> 176.4669 | H17: =vlookup(D17, Sheet4!$G$1:$I$11,2,0) -> 40906.08 | I17: =H17*G17*$E$3 -> 1.0827854e+08 | J17: =vlookup(D17, Sheet4!$G$1:$I$11,3,0) -> 49314.56 | K17: =J17*G17*$E$3 -> 1.3053581e+08 | M17: P2 | N17: P4 | O17: P8 | P17: 12354.38 | R17: {=XLOOKUP(N17, 'Data jarak '!$A$2:$A$11, XLOOKUP(O17, 'Data jarak '!$B$1:$K$1, 'Data jarak '!$B$2:$K$11))} -> 918.1315 | S17: =R17*P17*$E$3*$E$4 -> 1.2760814e+08
A18: P6 | B18: 1 | D18: P6 | E18: P6 | F18: 1 | G18: {=XLOOKUP(D18, 'Data jarak '!$A$2:$A$11, XLOOKUP(E18, 'Data jarak '!$B$1:$K$1, 'Data jarak '!$B$2:$K$11))} -> 0 | H18: =vlookup(D18, Sheet4!$G$1:$I$11,2,0) -> 64470.2 | I18: =H18*G18*$E$3 -> 0 | J18: =vlookup(D18, Sheet4!$G$1:$I$11,3,0) -> 187313.74 | K18: =J18*G18*$E$3 -> 0 | M18: P2 | N18: P4 | O18: P10 | P18: 4136.76 | R18: {=XLOOKUP(N18, 'Data jarak '!$A$2:$A$11, XLOOKUP(O18, 'Data jarak '!$B$1:$K$1, 'Data jarak '!$B$2:$K$11))} -> 1535.299 | S18: =R18*P18*$E$3*$E$4 -> 71450589
A19: P7 | B19: 0 | D19: P7 | E19: P8 | F19: 1 | G19: {=XLOOKUP(D19, 'Data jarak '!$A$2:$A$11, XLOOKUP(E19, 'Data jarak '!$B$1:$K$1, 'Data jarak '!$B$2:$K$11))} -> 186.18 | H19: =vlookup(D19, Sheet4!$G$1:$I$11,2,0) -> 75267.84 | I19: =H19*G19*$E$3 -> 2.102005e+08 | J19: =vlookup(D19, Sheet4!$G$1:$I$11,3,0) -> 44041.76 | K19: =J19*G19*$E$3 -> 1.2299542e+08 | M19: P3 | N19: P6 | O19: P4 | P19: 3746.21 | R19: {=XLOOKUP(N19, 'Data jarak '!$A$2:$A$11, XLOOKUP(O19, 'Data jarak '!$B$1:$K$1, 'Data jarak '!$B$2:$K$11))} -> 525.4495 | S19: =R19*P19*$E$3*$E$4 -> 22144997
A20: P8 | B20: 1 | D20: P8 | E20: P8 | F20: 1 | G20: {=XLOOKUP(D20, 'Data jarak '!$A$2:$A$11, XLOOKUP(E20, 'Data jarak '!$B$1:$K$1, 'Data jarak '!$B$2:$K$11))} -> 0 | H20: =vlookup(D20, Sheet4!$G$1:$I$11,2,0) -> 420950.02 | I20: =H20*G20*$E$3 -> 0 | J20: =vlookup(D20, Sheet4!$G$1:$I$11,3,0) -> 176319.88 | K20: =J20*G20*$E$3 -> 0 | M20: P3 | N20: P6 | O20: P8 | P20: 16362.59 | R20: {=XLOOKUP(N20, 'Data jarak '!$A$2:$A$11, XLOOKUP(O20, 'Data jarak '!$B$1:$K$1, 'Data jarak '!$B$2:$K$11))} -> 475.5078 | S20: =R20*P20*$E$3*$E$4 -> 87531066
A21: P9 | B21: 0 | D21: P9 | E21: P8 | F21: 1 | G21: {=XLOOKUP(D21, 'Data jarak '!$A$2:$A$11, XLOOKUP(E21, 'Data jarak '!$B$1:$K$1, 'Data jarak '!$B$2:$K$11))} -> 403.0102 | H21: =vlookup(D21, Sheet4!$G$1:$I$11,2,0) -> 13888.29 | I21: =H21*G21*$E$3 -> 83956838 | J21: =vlookup(D21, Sheet4!$G$1:$I$11,3,0) -> 44428.77 | K21: =J21*G21*$E$3 -> 2.6857871e+08 | M21: P3 | N21: P6 | O21: P10 | P21: 2415.04 | R21: {=XLOOKUP(N21, 'Data jarak '!$A$2:$A$11, XLOOKUP(O21, 'Data jarak '!$B$1:$K$1, 'Data jarak '!$B$2:$K$11))} -> 1024.79 | S21: =R21*P21*$E$3*$E$4 -> 27842724
A22: P10 | B22: 1 | D22: P10 | E22: P10 | F22: 1 | G22: {=XLOOKUP(D22, 'Data jarak '!$A$2:$A$11, XLOOKUP(E22, 'Data jarak '!$B$1:$K$1, 'Data jarak '!$B$2:$K$11))} -> 0 | H22: =vlookup(D22, Sheet4!$G$1:$I$11,2,0) -> 156335.24 | I22: =H22*G22*$E$3 -> 0 | J22: =vlookup(D22, Sheet4!$G$1:$I$11,3,0) -> 213533 | K22: =J22*G22*$E$3 -> 0 | M22: P4 | N22: P4 | O22: P6 | P22: 11585.16 | R22: {=XLOOKUP(N22, 'Data jarak '!$A$2:$A$11, XLOOKUP(O22, 'Data jarak '!$B$1:$K$1, 'Data jarak '!$B$2:$K$11))} -> 525.4495 | S22: =R22*P22*$E$3*$E$4 -> 68483436
M23: P4 | N23: P4 | O23: P8 | P23: 21227.17 | R23: {=XLOOKUP(N23, 'Data jarak '!$A$2:$A$11, XLOOKUP(O23, 'Data jarak '!$B$1:$K$1, 'Data jarak '!$B$2:$K$11))} -> 918.1315 | S23: =R23*P23*$E$3*$E$4 -> 2.19255e+08
M24: P4 | N24: P4 | O24: P10 | P24: 12387.4 | R24: {=XLOOKUP(N24, 'Data jarak '!$A$2:$A$11, XLOOKUP(O24, 'Data jarak '!$B$1:$K$1, 'Data jarak '!$B$2:$K$11))} -> 1535.299 | S24: =R24*P24*$E$3*$E$4 -> 2.1395658e+08
A25: Validasi Routing | M25: P5 | N25: P6 | O25: P4 | P25: 6239.84 | R25: {=XLOOKUP(N25, 'Data jarak '!$A$2:$A$11, XLOOKUP(O25, 'Data jarak '!$B$1:$K$1, 'Data jarak '!$B$2:$K$11))} -> 525.4495 | S25: =R25*P25*$E$3*$E$4 -> 36885609
A26: Pelabuhan Asal | B26: Pelabuhan Tujuan | C26: Hub Awal | D26: Antar Hub | E26: Hub Akhir | F26: Status | M26: P5 | N26: P6 | O26: P8 | P26: 22533.08 | R26: {=XLOOKUP(N26, 'Data jarak '!$A$2:$A$11, XLOOKUP(O26, 'Data jarak '!$B$1:$K$1, 'Data jarak '!$B$2:$K$11))} -> 475.5078 | S26: =R26*P26*$E$3*$E$4 -> 1.2053987e+08
A27: P1 | B27: P10 | C27: P4 | D27: Ada | E27: P8 | F27: Valid | M27: P5 | N27: P6 | O27: P10 | P27: 5911.52 | R27: {=XLOOKUP(N27, 'Data jarak '!$A$2:$A$11, XLOOKUP(O27, 'Data jarak '!$B$1:$K$1, 'Data jarak '!$B$2:$K$11))} -> 1024.79 | S27: =R27*P27*$E$3*$E$4 -> 68153249
A28: P3 | B28: P8 | C28: P6 | D28: Ada | E28: P8 | F28: Valid | M28: P6 | N28: P6 | O28: P4 | P28: 14860.53 | R28: {=XLOOKUP(N28, 'Data jarak '!$A$2:$A$11, XLOOKUP(O28, 'Data jarak '!$B$1:$K$1, 'Data jarak '!$B$2:$K$11))} -> 525.4495 | S28: =R28*P28*$E$3*$E$4 -> 87845153
A29: P5 | B29: P6 | C29: P6 | D29: Ada | E29: P6 | F29: Valid | M29: P6 | N29: P6 | O29: P8 | P29: 38057.03 | R29: {=XLOOKUP(N29, 'Data jarak '!$A$2:$A$11, XLOOKUP(O29, 'Data jarak '!$B$1:$K$1, 'Data jarak '!$B$2:$K$11))} -> 475.5078 | S29: =R29*P29*$E$3*$E$4 -> 2.0358466e+08
A30: P7 | B30: P4 | C30: P8 | D30: Ada | E30: P4 | F30: Valid | M30: P6 | N30: P6 | O30: P10 | P30: 6665.76 | R30: {=XLOOKUP(N30, 'Data jarak '!$A$2:$A$11, XLOOKUP(O30, 'Data jarak '!$B$1:$K$1, 'Data jarak '!$B$2:$K$11))} -> 1024.79 | S30: =R30*P30*$E$3*$E$4 -> 76848797
A31: P9 | B31: P2 | C31: P8 | D31: Ada | E31: P4 | F31: Valid | M31: P7 | N31: P8 | O31: P4 | P31: 12683.13 | R31: {=XLOOKUP(N31, 'Data jarak '!$A$2:$A$11, XLOOKUP(O31, 'Data jarak '!$B$1:$K$1, 'Data jarak '!$B$2:$K$11))} -> 918.1315 | S31: =R31*P31*$E$3*$E$4 -> 1.3100379e+08
M32: P7 | N32: P8 | O32: P6 | P32: 35520.88 | R32: {=XLOOKUP(N32, 'Data jarak '!$A$2:$A$11, XLOOKUP(O32, 'Data jarak '!$B$1:$K$1, 'Data jarak '!$B$2:$K$11))} -> 475.5078 | S32: =R32*P32*$E$3*$E$4 -> 1.9001762e+08
M33: P7 | N33: P8 | O33: P10 | P33: 8546.4 | R33: {=XLOOKUP(N33, 'Data jarak '!$A$2:$A$11, XLOOKUP(O33, 'Data jarak '!$B$1:$K$1, 'Data jarak '!$B$2:$K$11))} -> 658.2451 | S33: =R33*P33*$E$3*$E$4 -> 63288292
M34: P8 | N34: P8 | O34: P4 | P34: 109854.74 | R34: {=XLOOKUP(N34, 'Data jarak '!$A$2:$A$11, XLOOKUP(O34, 'Data jarak '!$B$1:$K$1, 'Data jarak '!$B$2:$K$11))} -> 918.1315 | S34: =R34*P34*$E$3*$E$4 -> 1134687344
M35: P8 | N35: P8 | O35: P6 | P35: 169368.44 | R35: {=XLOOKUP(N35, 'Data jarak '!$A$2:$A$11, XLOOKUP(O35, 'Data jarak '!$B$1:$K$1, 'Data jarak '!$B$2:$K$11))} -> 475.5078 | S35: =R35*P35*$E$3*$E$4 -> 9.0603016e+08
M36: P8 | N36: P8 | O36: P10 | P36: 101245.44 | R36: {=XLOOKUP(N36, 'Data jarak '!$A$2:$A$11, XLOOKUP(O36, 'Data jarak '!$B$1:$K$1, 'Data jarak '!$B$2:$K$11))} -> 658.2451 | S36: =R36*P36*$E$3*$E$4 -> 7.4974854e+08
M37: P9 | N37: P8 | O37: P4 | P37: 3351.92 | R37: {=XLOOKUP(N37, 'Data jarak '!$A$2:$A$11, XLOOKUP(O37, 'Data jarak '!$B$1:$K$1, 'Data jarak '!$B$2:$K$11))} -> 918.1315 | S37: =R37*P37*$E$3*$E$4 -> 34621913
M38: P9 | N38: P8 | O38: P6 | P38: 3799.76 | R38: {=XLOOKUP(N38, 'Data jarak '!$A$2:$A$11, XLOOKUP(O38, 'Data jarak '!$B$1:$K$1, 'Data jarak '!$B$2:$K$11))} -> 475.5078 | S38: =R38*P38*$E$3*$E$4 -> 20326675
M39: P9 | N39: P8 | O39: P10 | P39: 1785.4 | R39: {=XLOOKUP(N39, 'Data jarak '!$A$2:$A$11, XLOOKUP(O39, 'Data jarak '!$B$1:$K$1, 'Data jarak '!$B$2:$K$11))} -> 658.2451 | S39: =R39*P39*$E$3*$E$4 -> 13221347
M40: P10 | N40: P10 | O40: P4 | P40: 67260.9 | R40: {=XLOOKUP(N40, 'Data jarak '!$A$2:$A$11, XLOOKUP(O40, 'Data jarak '!$B$1:$K$1, 'Data jarak '!$B$2:$K$11))} -> 1535.299 | S40: =R40*P40*$E$3*$E$4 -> 1161737916
M41: P10 | N41: P10 | O41: P6 | P41: 28143.8 | R41: {=XLOOKUP(N41, 'Data jarak '!$A$2:$A$11, XLOOKUP(O41, 'Data jarak '!$B$1:$K$1, 'Data jarak '!$B$2:$K$11))} -> 1024.79 | S41: =R41*P41*$E$3*$E$4 -> 324466704
M42: P10 | N42: P10 | O42: P8 | P42: 60930.54 | R42: {=XLOOKUP(N42, 'Data jarak '!$A$2:$A$11, XLOOKUP(O42, 'Data jarak '!$B$1:$K$1, 'Data jarak '!$B$2:$K$11))} -> 658.2451 | S42: =R42*P42*$E$3*$E$4 -> 4.5120633e+08

Sheet Incomplete_MA
F1: Obj 1 | G1: Obj 2 | H1: Obj 3 | I1: Total | K1: Cplex | P1: Validasi Routing
C2: Objective Function | F2: =sum(V12:V89) -> 3960470952 | G2: =sum(AD12:AD65) -> 4420371640 | H2: =sum(AP12:AP117) -> 6929785222 | I2: =sum(F2:H2) -> 15310627814 | K2: 15310629059 | M2: =I2-K2 -> -1244.5458 | P2: Pelabuhan Asal | Q2: Pelabuhan Tujuan | R2: Hub Awal | S2: Antar Hub | T2: Hub Akhir | U2: Status
A3: Cs | B3: 15 | P3: P1 | Q3: P10 | R3: P5 | S3: Ada | T3: P9 | U3: Valid
A4: Alpha | B4: 0.75 | P4: P3 | Q4: P8 | R4: P6 | S4: Tidak | T4: P7 | U4: Valid
P5: P5 | Q5: P6 | R5: P4 | S5: Tidak | T5: P4 | U5: Valid
P6: P7 | Q6: P4 | R6: P4 | S6: Tidak | T6: P4 | U6: Valid
P7: P9 | Q7: P2 | R7: P8 | S7: Ada | T7: P4 | U7: Valid
D10: Wij | H10: Eij | P10: Aijk | X10: Bijk | AF10: Ykm | AJ10: Xijkl
A11: Node | B11: is_hub | D11: Pelabuhan A | E11: Pelabuhan T | F11: Flow Teus | H11: Origin | I11: Destination | J11: Value | K11: Dist | L11: Flow | M11: Cost | P11: Origin | Q11: Destination | R11: Hub | S11: Value | T11: Dist | U11: Flow | V11: Cost | X11: Origin | Y11: Destination | Z11: Hub | AA11: Value | AB11: Dist | AC11: Flow | AD11: Cost | AF11: Hub_1 | AG11: Hub_2 | AH11: y_km | AJ11: Origin | AK11: Destination | AL11: Hub1 | AM11: Hub2 | AN11: Dist | AO11: Flow | AP11: Cost
A12: P1 | B12: 0 | D12: P1 | E12: P1 | F12: 0 | H12: P1 | I12: P4 | J12: 1 | K12: {=XLOOKUP(H12, 'Data jarak '!$A$2:$A$11, XLOOKUP(I12, 'Data jarak '!$B$1:$K$1, 'Data jarak '!$B$2:$K$11))} -> 909.2041 | L12: {=XLOOKUP(H12&I12, Sheet4!$A:$A&Sheet4!$B:$B, Sheet4!$D:$D)} -> 11535.68 | M12: =$B$3*J12*K12*L12 -> 1.5732431e+08 | P12: P1 | Q12: P2 | R12: P5 | S12: 1 | T12: {=XLOOKUP(P12, 'Data jarak '!$A$2:$A$11, XLOOKUP(R12, 'Data jarak '!$B$1:$K$1, 'Data jarak '!$B$2:$K$11))} -> 1187.826 | U12: {=XLOOKUP(P12&Q12, Sheet4!$A:$A&Sheet4!$B:$B, Sheet4!$D:$D)} -> 1460.8 | V12: =$B$3*S12*T12*U12 -> 26027643 | X12: P1 | Y12: P2 | Z12: P5 | AA12: 1 | AB12: {=XLOOKUP(Y12, 'Data jarak '!$A$2:$A$11, XLOOKUP(Z12, 'Data jarak '!$B$1:$K$1, 'Data jarak '!$B$2:$K$11))} -> 790.5225 | AC12: {=XLOOKUP(X12&Y12, Sheet4!$A:$A&Sheet4!$B:$B, Sheet4!$D:$D)} -> 1460.8 | AD12: =$B$3*AA12*AB12*AC12 -> 17321929 | AF12: P4 | AG12: P6 | AH12: 1 | AJ12: P1 | AK12: P5 | AL12: P5 | AM12: P8 | AN12: {=XLOOKUP(AL12, 'Data jarak '!$A$2:$A$11, XLOOKUP(AM12, 'Data jarak '!$B$1:$K$1, 'Data jarak '!$B$2:$K$11))} -> 647.3369 | AO12: {=XLOOKUP(AJ12&AK12, Sheet4!$A:$A&Sheet4!$B:$B, Sheet4!$D:$D)} -> 2464.44 | AP12: =$B$3*$B$4*AN12*AO12 -> 17947383
A13: P2 | B13: 0 | D13: P1 | E13: P2 | F13: 1460.8 | H13: P2 | I13: P4 | J13: 1 | K13: {=XLOOKUP(H13, 'Data jarak '!$A$2:$A$11, XLOOKUP(I13, 'Data jarak '!$B$1:$K$1, 'Data jarak '!$B$2:$K$11))} -> 563.3406 | L13: {=XLOOKUP(H13&I13, Sheet4!$A:$A&Sheet4!$B:$B, Sheet4!$D:$D)} -> 4244.08 | M13: =$B$3*J13*K13*L13 -> 35862939 | P13: P1 | Q13: P3 | R13: P5 | S13: 1 | T13: {=XLOOKUP(P13, 'Data jarak '!$A$2:$A$11, XLOOKUP(R13, 'Data jarak '!$B$1:$K$1, 'Data jarak '!$B$2:$K$11))} -> 1187.826 | U13: {=XLOOKUP(P13&Q13, Sheet4!$A:$A&Sheet4!$B:$B, Sheet4!$D:$D)} -> 1864.4 | V13: =$B$3*S13*T13*U13 -> 33218742 | X13: P1 | Y13: P3 | Z13: P5 | AA13: 1 | AB13: {=XLOOKUP(Y13, 'Data jarak '!$A$2:$A$11, XLOOKUP(Z13, 'Data jarak '!$B$1:$K$1, 'Data jarak '!$B$2:$K$11))} -> 254.9509 | AC13: {=XLOOKUP(X13&Y13, Sheet4!$A:$A&Sheet4!$B:$B, Sheet4!$D:$D)} -> 1864.4 | AD13: =$B$3*AA13*AB13*AC13 -> 7129956.9 | AF13: P4 | AG13: P8 | AH13: 1 | AJ13: P1 | AK13: P5 | AL13: P7 | AM13: P5 | AN13: {=XLOOKUP(AL13, 'Data jarak '!$A$2:$A$11, XLOOKUP(AM13, 'Data jarak '!$B$1:$K$1, 'Data jarak '!$B$2:$K$11))} -> 510.3344 | AO13: {=XLOOKUP(AJ13&AK13, Sheet4!$A:$A&Sheet4!$B:$B, Sheet4!$D:$D)} -> 2464.44 | AP13: =$B$3*$B$4*AN13*AO13 -> 14148996
A14: P3 | B14: 0 | D14: P1 | E14: P3 | F14: 1864.4 | H14: P3 | I14: P4 | J14: 1 | K14: {=XLOOKUP(H14, 'Data jarak '!$A$2:$A$11, XLOOKUP(I14, 'Data jarak '!$B$1:$K$1, 'Data jarak '!$B$2:$K$11))} -> 469.9265 | L14: {=XLOOKUP(H14&I14, Sheet4!$A:$A&Sheet4!$B:$B, Sheet4!$D:$D)} -> 2095.4 | M14: =$B$3*J14*K14*L14 -> 14770260 | P14: P1 | Q14: P4 | R14: P5 | S14: 1 | T14: {=XLOOKUP(P14, 'Data jarak '!$A$2:$A$11, XLOOKUP(R14, 'Data jarak '!$B$1:$K$1, 'Data jarak '!$B$2:$K$11))} -> 1187.826 | U14: {=XLOOKUP(P14&Q14, Sheet4!$A:$A&Sheet4!$B:$B, Sheet4!$D:$D)} -> 11535.68 | V14: =$B$3*S14*T14*U14 -> 2.0553571e+08 | X14: P1 | Y14: P4 | Z14: P5 | AA14: 1 | AB14: {=XLOOKUP(Y14, 'Data jarak '!$A$2:$A$11, XLOOKUP(Z14, 'Data jarak '!$B$1:$K$1, 'Data jarak '!$B$2:$K$11))} -> 386.2807 | AC14: {=XLOOKUP(X14&Y14, Sheet4!$A:$A&Sheet4!$B:$B, Sheet4!$D:$D)} -> 11535.68 | AD14: =$B$3*AA14*AB14*AC14 -> 66840158 | AF14: P4 | AG14: P10 | AH14: 1 | AJ14: P1 | AK14: P7 | AL14: P5 | AM14: P7 | AN14: {=XLOOKUP(AL14, 'Data jarak '!$A$2:$A$11, XLOOKUP(AM14, 'Data jarak '!$B$1:$K$1, 'Data jarak '!$B$2:$K$11))} -> 510.3344 | AO14: {=XLOOKUP(AJ14&AK14, Sheet4!$A:$A&Sheet4!$B:$B, Sheet4!$D:$D)} -> 2382.68 | AP14: =$B$3*$B$4*AN14*AO14 -> 13679590
A15: P4 | B15: 0 | D15: P1 | E15: P4 | F15: 11535.68 | H15: P3 | I15: P8 | J15: 1 | K15: {=XLOOKUP(H15, 'Data jarak '!$A$2:$A$11, XLOOKUP(I15, 'Data jarak '!$B$1:$K$1, 'Data jarak '!$B$2:$K$11))} -> 867.9308 | L15: {=XLOOKUP(H15&I15, Sheet4!$A:$A&Sheet4!$B:$B, Sheet4!$D:$D)} -> 5041.36 | M15: =$B$3*J15*K15*L15 -> 65633274 | P15: P1 | Q15: P5 | R15: P7 | S15: 1 | T15: {=XLOOKUP(P15, 'Data jarak '!$A$2:$A$11, XLOOKUP(R15, 'Data jarak '!$B$1:$K$1, 'Data jarak '!$B$2:$K$11))} -> 1641.94 | U15: {=XLOOKUP(P15&Q15, Sheet4!$A:$A&Sheet4!$B:$B, Sheet4!$D:$D)} -> 2464.44 | V15: =$B$3*S15*T15*U15 -> 60696939 | X15: P1 | Y15: P6 | Z15: P5 | AA15: 1 | AB15: {=XLOOKUP(Y15, 'Data jarak '!$A$2:$A$11, XLOOKUP(Z15, 'Data jarak '!$B$1:$K$1, 'Data jarak '!$B$2:$K$11))} -> 176.4669 | AC15: {=XLOOKUP(X15&Y15, Sheet4!$A:$A&Sheet4!$B:$B, Sheet4!$D:$D)} -> 7952 | AD15: =$B$3*AA15*AB15*AC15 -> 21048972 | AF15: P6 | AG15: P8 | AH15: 1 | AJ15: P1 | AK15: P7 | AL15: P7 | AM15: P8 | AN15: {=XLOOKUP(AL15, 'Data jarak '!$A$2:$A$11, XLOOKUP(AM15, 'Data jarak '!$B$1:$K$1, 'Data jarak '!$B$2:$K$11))} -> 186.18 | AO15: {=XLOOKUP(AJ15&AK15, Sheet4!$A:$A&Sheet4!$B:$B, Sheet4!$D:$D)} -> 2382.68 | AP15: =$B$3*$B$4*AN15*AO15 -> 4990582.8
A16: P5 | B16: 1 | D16: P1 | E16: P5 | F16: 2464.44 | H16: P3 | I16: P10 | J16: 1 | K16: {=XLOOKUP(H16, 'Data jarak '!$A$2:$A$11, XLOOKUP(I16, 'Data jarak '!$B$1:$K$1, 'Data jarak '!$B$2:$K$11))} -> 1344.494 | L16: {=XLOOKUP(H16&I16, Sheet4!$A:$A&Sheet4!$B:$B, Sheet4!$D:$D)} -> 2415.04 | M16: =$B$3*J16*K16*L16 -> 48705102 | P16: P1 | Q16: P6 | R16: P5 | S16: 1 | T16: {=XLOOKUP(P16, 'Data jarak '!$A$2:$A$11, XLOOKUP(R16, 'Data jarak '!$B$1:$K$1, 'Data jarak '!$B$2:$K$11))} -> 1187.826 | U16: {=XLOOKUP(P16&Q16, Sheet4!$A:$A&Sheet4!$B:$B, Sheet4!$D:$D)} -> 7952 | V16: =$B$3*S16*T16*U16 -> 1.4168389e+08 | X16: P1 | Y16: P10 | Z16: P9 | AA16: 1 | AB16: {=XLOOKUP(Y16, 'Data jarak '!$A$2:$A$11, XLOOKUP(Z16, 'Data jarak '!$B$1:$K$1, 'Data jarak '!$B$2:$K$11))} -> 256.303 | AC16: {=XLOOKUP(X16&Y16, Sheet4!$A:$A&Sheet4!$B:$B, Sheet4!$D:$D)} -> 70439.32 | AD16: =$B$3*AA16*AB16*AC16 -> 2.7080714e+08 | AF16: P6 | AG16: P10 | AH16: 1 | AJ16: P1 | AK16: P8 | AL16: P5 | AM16: P8 | AN16: {=XLOOKUP(AL16, 'Data jarak '!$A$2:$A$11, XLOOKUP(AM16, 'Data jarak '!$B$1:$K$1, 'Data jarak '!$B$2:$K$11))} -> 647.3369 | AO16: {=XLOOKUP(AJ16&AK16, Sheet4!$A:$A&Sheet4!$B:$B, Sheet4!$D:$D)} -> 24726.24 | AP16: =$B$3*$B$4*AN16*AO16 -> 1.8006983e+08
A17: P6 | B17: 0 | D17: P1 | E17: P6 | F17: 7952 | H17: P4 | I17: P1 | J17: 1 | K17: {=XLOOKUP(H17, 'Data jarak '!$A$2:$A$11, XLOOKUP(I17, 'Data jarak '!$B$1:$K$1, 'Data jarak '!$B$2:$K$11))} -> 909.2041 | L17: {=XLOOKUP(H17&I17, Sheet4!$A:$A&Sheet4!$B:$B, Sheet4!$D:$D)} -> 2877.88 | M17: =$B$3*J17*K17*L17 -> 39248704 | P17: P1 | Q17: P7 | R17: P5 | S17: 1 | T17: {=XLOOKUP(P17, 'Data jarak '!$A$2:$A$11, XLOOKUP(R17, 'Data jarak '!$B$1:$K$1, 'Data jarak '!$B$2:$K$11))} -> 1187.826 | U17: {=XLOOKUP(P17&Q17, Sheet4!$A:$A&Sheet4!$B:$B, Sheet4!$D:$D)} -> 2382.68 | V17: =$B$3*S17*T17*U17 -> 42453139 | X17: P2 | Y17: P1 | Z17: P5 | AA17: 1 | AB17: {=XLOOKUP(Y17, 'Data jarak '!$A$2:$A$11, XLOOKUP(Z17, 'Data jarak '!$B$1:$K$1, 'Data jarak '!$B$2:$K$11))} -> 1187.826 | AC17: {=XLOOKUP(X17&Y17, Sheet4!$A:$A&Sheet4!$B:$B, Sheet4!$D:$D)} -> 1517.88 | AD17: =$B$3*AA17*AB17*AC17 -> 27044660 | AF17: P8 | AG17: P10 | AH17: 1 | AJ17: P1 | AK17: P8 | AL17: P8 | AM17: P7 | AN17: {=XLOOKUP(AL17, 'Data jarak '!$A$2:$A$11, XLOOKUP(AM17, 'Data jarak '!$B$1:$K$1, 'Data jarak '!$B$2:$K$11))} -> 186.18 | AO17: {=XLOOKUP(AJ17&AK17, Sheet4!$A:$A&Sheet4!$B:$B, Sheet4!$D:$D)} -> 24726.24 | AP17: =$B$3*$B$4*AN17*AO17 -> 51789728
A18: P7 | B18: 1 | D18: P1 | E18: P7 | F18: 2382.68 | H18: P4 | I18: P2 | J18: 1 | K18: {=XLOOKUP(H18, 'Data jarak '!$A$2:$A$11, XLOOKUP(I18, 'Data jarak '!$B$1:$K$1, 'Data jarak '!$B$2:$K$11))} -> 563.3406 | L18: {=XLOOKUP(H18&I18, Sheet4!$A:$A&Sheet4!$B:$B, Sheet4!$D:$D)} -> 2837.36 | M18: =$B$3*J18*K18*L18 -> 23976001 | P18: P1 | Q18: P8 | R18: P5 | S18: 1 | T18: {=XLOOKUP(P18, 'Data jarak '!$A$2:$A$11, XLOOKUP(R18, 'Data jarak '!$B$1:$K$1, 'Data jarak '!$B$2:$K$11))} -> 1187.826 | U18: {=XLOOKUP(P18&Q18, Sheet4!$A:$A&Sheet4!$B:$B, Sheet4!$D:$D)} -> 24726.24 | V18: =$B$3*S18*T18*U18 -> 4.4055706e+08 | X18: P2 | Y18: P3 | Z18: P5 | AA18: 1 | AB18: {=XLOOKUP(Y18, 'Data jarak '!$A$2:$A$11, XLOOKUP(Z18, 'Data jarak '!$B$1:$K$1, 'Data jarak '!$B$2:$K$11))} -> 254.9509 | AC18: {=XLOOKUP(X18&Y18, Sheet4!$A:$A&Sheet4!$B:$B, Sheet4!$D:$D)} -> 1940.48 | AD18: =$B$3*AA18*AB18*AC18 -> 7420906.8 | AJ18: P1 | AK18: P9 | AL18: P5 | AM18: P9 | AN18: {=XLOOKUP(AL18, 'Data jarak '!$A$2:$A$11, XLOOKUP(AM18, 'Data jarak '!$B$1:$K$1, 'Data jarak '!$B$2:$K$11))} -> 976.2167 | AO18: {=XLOOKUP(AJ18&AK18, Sheet4!$A:$A&Sheet4!$B:$B, Sheet4!$D:$D)} -> 2266.6 | AP18: =$B$3*$B$4*AN18*AO18 -> 24892794
A19: P8 | B19: 1 | D19: P1 | E19: P8 | F19: 24726.24 | H19: P4 | I19: P3 | J19: 1 | K19: {=XLOOKUP(H19, 'Data jarak '!$A$2:$A$11, XLOOKUP(I19, 'Data jarak '!$B$1:$K$1, 'Data jarak '!$B$2:$K$11))} -> 469.9265 | L19: {=XLOOKUP(H19&I19, Sheet4!$A:$A&Sheet4!$B:$B, Sheet4!$D:$D)} -> 2340.64 | M19: =$B$3*J19*K19*L19 -> 16498931 | P19: P1 | Q19: P9 | R19: P5 | S19: 1 | T19: {=XLOOKUP(P19, 'Data jarak '!$A$2:$A$11, XLOOKUP(R19, 'Data jarak '!$B$1:$K$1, 'Data jarak '!$B$2:$K$11))} -> 1187.826 | U19: {=XLOOKUP(P19&Q19, Sheet4!$A:$A&Sheet4!$B:$B, Sheet4!$D:$D)} -> 2266.6 | V19: =$B$3*S19*T19*U19 -> 40384896 | X19: P2 | Y19: P4 | Z19: P5 | AA19: 1 | AB19: {=XLOOKUP(Y19, 'Data jarak '!$A$2:$A$11, XLOOKUP(Z19, 'Data jarak '!$B$1:$K$1, 'Data jarak '!$B$2:$K$11))} -> 386.2807 | AC19: {=XLOOKUP(X19&Y19, Sheet4!$A:$A&Sheet4!$B:$B, Sheet4!$D:$D)} -> 4244.08 | AD19: =$B$3*AA19*AB19*AC19 -> 24591093 | AJ19: P1 | AK19: P9 | AL19: P9 | AM19: P8 | AN19: {=XLOOKUP(AL19, 'Data jarak '!$A$2:$A$11, XLOOKUP(AM19, 'Data jarak '!$B$1:$K$1, 'Data jarak '!$B$2:$K$11))} -> 403.0102 | AO19: {=XLOOKUP(AJ19&AK19, Sheet4!$A:$A&Sheet4!$B:$B, Sheet4!$D:$D)} -> 2266.6 | AP19: =$B$3*$B$4*AN19*AO19 -> 10276458
A20: P9 | B20: 1 | D20: P1 | E20: P9 | F20: 2266.6 | H20: P4 | I20: P5 | J20: 1 | K20: {=XLOOKUP(H20, 'Data jarak '!$A$2:$A$11, XLOOKUP(I20, 'Data jarak '!$B$1:$K$1, 'Data jarak '!$B$2:$K$11))} -> 386.2807 | L20: {=XLOOKUP(H20&I20, Sheet4!$A:$A&Sheet4!$B:$B, Sheet4!$D:$D)} -> 1346.84 | M20: =$B$3*J20*K20*L20 -> 7803874.5 | P20: P1 | Q20: P10 | R20: P5 | S20: 1 | T20: {=XLOOKUP(P20, 'Data jarak '!$A$2:$A$11, XLOOKUP(R20, 'Data jarak '!$B$1:$K$1, 'Data jarak '!$B$2:$K$11))} -> 1187.826 | U20: {=XLOOKUP(P20&Q20, Sheet4!$A:$A&Sheet4!$B:$B, Sheet4!$D:$D)} -> 70439.32 | V20: =$B$3*S20*T20*U20 -> 1255044836 | X20: P2 | Y20: P6 | Z20: P5 | AA20: 1 | AB20: {=XLOOKUP(Y20, 'Data jarak '!$A$2:$A$11, XLOOKUP(Z20, 'Data jarak '!$B$1:$K$1, 'Data jarak '!$B$2:$K$11))} -> 176.4669 | AC20: {=XLOOKUP(X20&Y20, Sheet4!$A:$A&Sheet4!$B:$B, Sheet4!$D:$D)} -> 6251.72 | AD20: =$B$3*AA20*AB20*AC20 -> 16548325 | AJ20: P1 | AK20: P10 | AL20: P5 | AM20: P9 | AN20: {=XLOOKUP(AL20, 'Data jarak '!$A$2:$A$11, XLOOKUP(AM20, 'Data jarak '!$B$1:$K$1, 'Data jarak '!$B$2:$K$11))} -> 976.2167 | AO20: {=XLOOKUP(AJ20&AK20, Sheet4!$A:$A&Sheet4!$B:$B, Sheet4!$D:$D)} -> 70439.32 | AP20: =$B$3*$B$4*AN20*AO20 -> 7.7359546e+08
A21: P10 | B21: 0 | D21: P1 | E21: P10 | F21: 70439.32 | H21: P4 | I21: P6 | J21: 1 | K21: {=XLOOKUP(H21, 'Data jarak '!$A$2:$A$11, XLOOKUP(I21, 'Data jarak '!$B$1:$K$1, 'Data jarak '!$B$2:$K$11))} -> 525.4495 | L21: {=XLOOKUP(H21&I21, Sheet4!$A:$A&Sheet4!$B:$B, Sheet4!$D:$D)} -> 7897.68 | M21: =$B$3*J21*K21*L21 -> 62247480 | P21: P2 | Q21: P1 | R21: P5 | S21: 1 | T21: {=XLOOKUP(P21, 'Data jarak '!$A$2:$A$11, XLOOKUP(R21, 'Data jarak '!$B$1:$K$1, 'Data jarak '!$B$2:$K$11))} -> 790.5225 | U21: {=XLOOKUP(P21&Q21, Sheet4!$A:$A&Sheet4!$B:$B, Sheet4!$D:$D)} -> 1517.88 | V21: =$B$3*S21*T21*U21 -> 17998774 | X21: P2 | Y21: P10 | Z21: P9 | AA21: 1 | AB21: {=XLOOKUP(Y21, 'Data jarak '!$A$2:$A$11, XLOOKUP(Z21, 'Data jarak '!$B$1:$K$1, 'Data jarak '!$B$2:$K$11))} -> 256.303 | AC21: {=XLOOKUP(X21&Y21, Sheet4!$A:$A&Sheet4!$B:$B, Sheet4!$D:$D)} -> 4136.76 | AD21: =$B$3*AA21*AB21*AC21 -> 15903960 | AJ21: P2 | AK21: P5 | AL21: P5 | AM21: P8 | AN21: {=XLOOKUP(AL21, 'Data jarak '!$A$2:$A$11, XLOOKUP(AM21, 'Data jarak '!$B$1:$K$1, 'Data jarak '!$B$2:$K$11))} -> 647.3369 | AO21: {=XLOOKUP(AJ21&AK21, Sheet4!$A:$A&Sheet4!$B:$B, Sheet4!$D:$D)} -> 547.44 | AP21: =$B$3*$B$4*AN21*AO21 -> 3986753.8
D22: P2 | E22: P1 | F22: 1517.87 | H22: P4 | I22: P7 | J22: 1 | K22: {=XLOOKUP(H22, 'Data jarak '!$A$2:$A$11, XLOOKUP(I22, 'Data jarak '!$B$1:$K$1, 'Data jarak '!$B$2:$K$11))} -> 741.0224 | L22: {=XLOOKUP(H22&I22, Sheet4!$A:$A&Sheet4!$B:$B, Sheet4!$D:$D)} -> 3023.8 | M22: =$B$3*J22*K22*L22 -> 33610553 | P22: P2 | Q22: P3 | R22: P5 | S22: 1 | T22: {=XLOOKUP(P22, 'Data jarak '!$A$2:$A$11, XLOOKUP(R22, 'Data jarak '!$B$1:$K$1, 'Data jarak '!$B$2:$K$11))} -> 790.5225 | U22: {=XLOOKUP(P22&Q22, Sheet4!$A:$A&Sheet4!$B:$B, Sheet4!$D:$D)} -> 1940.48 | V22: =$B$3*S22*T22*U22 -> 23009897 | X22: P3 | Y22: P1 | Z22: P5 | AA22: 1 | AB22: {=XLOOKUP(Y22, 'Data jarak '!$A$2:$A$11, XLOOKUP(Z22, 'Data jarak '!$B$1:$K$1, 'Data jarak '!$B$2:$K$11))} -> 1187.826 | AC22: {=XLOOKUP(X22&Y22, Sheet4!$A:$A&Sheet4!$B:$B, Sheet4!$D:$D)} -> 881.92 | AD22: =$B$3*AA22*AB22*AC22 -> 15713513 | AJ22: P2 | AK22: P5 | AL22: P7 | AM22: P5 | AN22: {=XLOOKUP(AL22, 'Data jarak '!$A$2:$A$11, XLOOKUP(AM22, 'Data jarak '!$B$1:$K$1, 'Data jarak '!$B$2:$K$11))} -> 510.3344 | AO22: {=XLOOKUP(AJ22&AK22, Sheet4!$A:$A&Sheet4!$B:$B, Sheet4!$D:$D)} -> 547.44 | AP22: =$B$3*$B$4*AN22*AO22 -> 3142996.5
D23: P2 | E23: P2 | F23: 0 | H23: P4 | I23: P9 | J23: 1 | K23: {=XLOOKUP(H23, 'Data jarak '!$A$2:$A$11, XLOOKUP(I23, 'Data jarak '!$B$1:$K$1, 'Data jarak '!$B$2:$K$11))} -> 1296.792 | L23: {=XLOOKUP(H23&I23, Sheet4!$A:$A&Sheet4!$B:$B, Sheet4!$D:$D)} -> 2504.16 | M23: =$B$3*J23*K23*L23 -> 48710620 | P23: P2 | Q23: P4 | R23: P5 | S23: 1 | T23: {=XLOOKUP(P23, 'Data jarak '!$A$2:$A$11, XLOOKUP(R23, 'Data jarak '!$B$1:$K$1, 'Data jarak '!$B$2:$K$11))} -> 790.5225 | U23: {=XLOOKUP(P23&Q23, Sheet4!$A:$A&Sheet4!$B:$B, Sheet4!$D:$D)} -> 4244.08 | V23: =$B$3*S23*T23*U23 -> 50325611 | X23: P3 | Y23: P2 | Z23: P5 | AA23: 1 | AB23: {=XLOOKUP(Y23, 'Data jarak '!$A$2:$A$11, XLOOKUP(Z23, 'Data jarak '!$B$1:$K$1, 'Data jarak '!$B$2:$K$11))} -> 790.5225 | AC23: {=XLOOKUP(X23&Y23, Sheet4!$A:$A&Sheet4!$B:$B, Sheet4!$D:$D)} -> 768.88 | AD23: =$B$3*AA23*AB23*AC23 -> 9117254.1 | AJ23: P2 | AK23: P7 | AL23: P5 | AM23: P7 | AN23: {=XLOOKUP(AL23, 'Data jarak '!$A$2:$A$11, XLOOKUP(AM23, 'Data jarak '!$B$1:$K$1, 'Data jarak '!$B$2:$K$11))} -> 510.3344 | AO23: {=XLOOKUP(AJ23&AK23, Sheet4!$A:$A&Sheet4!$B:$B, Sheet4!$D:$D)} -> 2635.72 | AP23: =$B$3*$B$4*AN23*AO23 -> 15132359
D24: P2 | E24: P3 | F24: 1940.46 | H24: P5 | I24: P4 | J24: 1 | K24: {=XLOOKUP(H24, 'Data jarak '!$A$2:$A$11, XLOOKUP(I24, 'Data jarak '!$B$1:$K$1, 'Data jarak '!$B$2:$K$11))} -> 386.2807 | L24: {=XLOOKUP(H24&I24, Sheet4!$A:$A&Sheet4!$B:$B, Sheet4!$D:$D)} -> 3869.6 | M24: =$B$3*J24*K24*L24 -> 22421277 | P24: P2 | Q24: P5 | R24: P7 | S24: 1 | T24: {=XLOOKUP(P24, 'Data jarak '!$A$2:$A$11, XLOOKUP(R24, 'Data jarak '!$B$1:$K$1, 'Data jarak '!$B$2:$K$11))} -> 1264.945 | U24: {=XLOOKUP(P24&Q24, Sheet4!$A:$A&Sheet4!$B:$B, Sheet4!$D:$D)} -> 547.44 | V24: =$B$3*S24*T24*U24 -> 10387222 | X24: P3 | Y24: P4 | Z24: P5 | AA24: 1 | AB24: {=XLOOKUP(Y24, 'Data jarak '!$A$2:$A$11, XLOOKUP(Z24, 'Data jarak '!$B$1:$K$1, 'Data jarak '!$B$2:$K$11))} -> 386.2807 | AC24: {=XLOOKUP(X24&Y24, Sheet4!$A:$A&Sheet4!$B:$B, Sheet4!$D:$D)} -> 2095.4 | AD24: =$B$3*AA24*AB24*AC24 -> 12141189 | AJ24: P2 | AK24: P7 | AL24: P7 | AM24: P8 | AN24: {=XLOOKUP(AL24, 'Data jarak '!$A$2:$A$11, XLOOKUP(AM24, 'Data jarak '!$B$1:$K$1, 'Data jarak '!$B$2:$K$11))} -> 186.18 | AO24: {=XLOOKUP(AJ24&AK24, Sheet4!$A:$A&Sheet4!$B:$B, Sheet4!$D:$D)} -> 2635.72 | AP24: =$B$3*$B$4*AN24*AO24 -> 5520581.4
D25: P2 | E25: P4 | F25: 4244.09 | H25: P5 | I25: P8 | J25: 1 | K25: {=XLOOKUP(H25, 'Data jarak '!$A$2:$A$11, XLOOKUP(I25, 'Data jarak '!$B$1:$K$1, 'Data jarak '!$B$2:$K$11))} -> 647.3369 | L25: {=XLOOKUP(H25&I25, Sheet4!$A:$A&Sheet4!$B:$B, Sheet4!$D:$D)} -> 20364.36 | M25: =$B$3*J25*K25*L25 -> 1.9773903e+08 | P25: P2 | Q25: P6 | R25: P5 | S25: 1 | T25: {=XLOOKUP(P25, 'Data jarak '!$A$2:$A$11, XLOOKUP(R25, 'Data jarak '!$B$1:$K$1, 'Data jarak '!$B$2:$K$11))} -> 790.5225 | U25: {=XLOOKUP(P25&Q25, Sheet4!$A:$A&Sheet4!$B:$B, Sheet4!$D:$D)} -> 6251.72 | V25: =$B$3*S25*T25*U25 -> 74131880 | X25: P3 | Y25: P6 | Z25: P5 | AA25: 1 | AB25: {=XLOOKUP(Y25, 'Data jarak '!$A$2:$A$11, XLOOKUP(Z25, 'Data jarak '!$B$1:$K$1, 'Data jarak '!$B$2:$K$11))} -> 176.4669 | AC25: {=XLOOKUP(X25&Y25, Sheet4!$A:$A&Sheet4!$B:$B, Sheet4!$D:$D)} -> 4265.72 | AD25: =$B$3*AA25*AB25*AC25 -> 11291376 | AJ25: P2 | AK25: P8 | AL25: P5 | AM25: P8 | AN25: {=XLOOKUP(AL25, 'Data jarak '!$A$2:$A$11, XLOOKUP(AM25, 'Data jarak '!$B$1:$K$1, 'Data jarak '!$B$2:$K$11))} -> 647.3369 | AO25: {=XLOOKUP(AJ25&AK25, Sheet4!$A:$A&Sheet4!$B:$B, Sheet4!$D:$D)} -> 6039.8 | AP25: =$B$3*$B$4*AN25*AO25 -> 43985086
D26: P2 | E26: P5 | F26: 547.44 | H26: P6 | I26: P4 | J26: 1 | K26: {=XLOOKUP(H26, 'Data jarak '!$A$2:$A$11, XLOOKUP(I26, 'Data jarak '!$B$1:$K$1, 'Data jarak '!$B$2:$K$11))} -> 525.4495 | L26: {=XLOOKUP(H26&I26, Sheet4!$A:$A&Sheet4!$B:$B, Sheet4!$D:$D)} -> 10240.56 | M26: =$B$3*J26*K26*L26 -> 80713457 | P26: P2 | Q26: P7 | R26: P5 | S26: 1 | T26: {=XLOOKUP(P26, 'Data jarak '!$A$2:$A$11, XLOOKUP(R26, 'Data jarak '!$B$1:$K$1, 'Data jarak '!$B$2:$K$11))} -> 790.5225 | U26: {=XLOOKUP(P26&Q26, Sheet4!$A:$A&Sheet4!$B:$B, Sheet4!$D:$D)} -> 2635.72 | V26: =$B$3*S26*T26*U26 -> 31253939 | X26: P3 | Y26: P10 | Z26: P9 | AA26: 1 | AB26: {=XLOOKUP(Y26, 'Data jarak '!$A$2:$A$11, XLOOKUP(Z26, 'Data jarak '!$B$1:$K$1, 'Data jarak '!$B$2:$K$11))} -> 256.303 | AC26: {=XLOOKUP(X26&Y26, Sheet4!$A:$A&Sheet4!$B:$B, Sheet4!$D:$D)} -> 2415.04 | AD26: =$B$3*AA26*AB26*AC26 -> 9284730 | AJ26: P2 | AK26: P8 | AL26: P8 | AM26: P7 | AN26: {=XLOOKUP(AL26, 'Data jarak '!$A$2:$A$11, XLOOKUP(AM26, 'Data jarak '!$B$1:$K$1, 'Data jarak '!$B$2:$K$11))} -> 186.18 | AO26: {=XLOOKUP(AJ26&AK26, Sheet4!$A:$A&Sheet4!$B:$B, Sheet4!$D:$D)} -> 6039.8 | AP26: =$B$3*$B$4*AN26*AO26 -> 12650512
D27: P2 | E27: P6 | F27: 6251.74 | H27: P6 | I27: P8 | J27: 1 | K27: {=XLOOKUP(H27, 'Data jarak '!$A$2:$A$11, XLOOKUP(I27, 'Data jarak '!$B$1:$K$1, 'Data jarak '!$B$2:$K$11))} -> 475.5078 | L27: {=XLOOKUP(H27&I27, Sheet4!$A:$A&Sheet4!$B:$B, Sheet4!$D:$D)} -> 33272.84 | M27: =$B$3*J27*K27*L27 -> 2.3732242e+08 | P27: P2 | Q27: P8 | R27: P5 | S27: 1 | T27: {=XLOOKUP(P27, 'Data jarak '!$A$2:$A$11, XLOOKUP(R27, 'Data jarak '!$B$1:$K$1, 'Data jarak '!$B$2:$K$11))} -> 790.5225 | U27: {=XLOOKUP(P27&Q27, Sheet4!$A:$A&Sheet4!$B:$B, Sheet4!$D:$D)} -> 6039.8 | V27: =$B$3*S27*T27*U27 -> 71618967 | X27: P4 | Y27: P1 | Z27: P5 | AA27: 1 | AB27: {=XLOOKUP(Y27, 'Data jarak '!$A$2:$A$11, XLOOKUP(Z27, 'Data jarak '!$B$1:$K$1, 'Data jarak '!$B$2:$K$11))} -> 1187.826 | AC27: {=XLOOKUP(X27&Y27, Sheet4!$A:$A&Sheet4!$B:$B, Sheet4!$D:$D)} -> 2877.88 | AD27: =$B$3*AA27*AB27*AC27 -> 51276310 | AJ27: P2 | AK27: P9 | AL27: P5 | AM27: P9 | AN27: {=XLOOKUP(AL27, 'Data jarak '!$A$2:$A$11, XLOOKUP(AM27, 'Data jarak '!$B$1:$K$1, 'Data jarak '!$B$2:$K$11))} -> 976.2167 | AO27: {=XLOOKUP(AJ27&AK27, Sheet4!$A:$A&Sheet4!$B:$B, Sheet4!$D:$D)} -> 3678.84 | AP27: =$B$3*$B$4*AN27*AO27 -> 40402632
D28: P2 | E28: P7 | F28: 2635.73 | H28: P7 | I28: P4 | J28: 1 | K28: {=XLOOKUP(H28, 'Data jarak '!$A$2:$A$11, XLOOKUP(I28, 'Data jarak '!$B$1:$K$1, 'Data jarak '!$B$2:$K$11))} -> 741.0224 | L28: {=XLOOKUP(H28&I28, Sheet4!$A:$A&Sheet4!$B:$B, Sheet4!$D:$D)} -> 6602.08 | M28: =$B$3*J28*K28*L28 -> 73384338 | P28: P2 | Q28: P9 | R28: P5 | S28: 1 | T28: {=XLOOKUP(P28, 'Data jarak '!$A$2:$A$11, XLOOKUP(R28, 'Data jarak '!$B$1:$K$1, 'Data jarak '!$B$2:$K$11))} -> 790.5225 | U28: {=XLOOKUP(P28&Q28, Sheet4!$A:$A&Sheet4!$B:$B, Sheet4!$D:$D)} -> 3678.84 | V28: =$B$3*S28*T28*U28 -> 43623087 | X28: P4 | Y28: P2 | Z28: P5 | AA28: 1 | AB28: {=XLOOKUP(Y28, 'Data jarak '!$A$2:$A$11, XLOOKUP(Z28, 'Data jarak '!$B$1:$K$1, 'Data jarak '!$B$2:$K$11))} -> 790.5225 | AC28: {=XLOOKUP(X28&Y28, Sheet4!$A:$A&Sheet4!$B:$B, Sheet4!$D:$D)} -> 2837.36 | AD28: =$B$3*AA28*AB28*AC28 -> 33644954 | AJ28: P2 | AK28: P9 | AL28: P9 | AM28: P8 | AN28: {=XLOOKUP(AL28, 'Data jarak '!$A$2:$A$11, XLOOKUP(AM28, 'Data jarak '!$B$1:$K$1, 'Data jarak '!$B$2:$K$11))} -> 403.0102 | AO28: {=XLOOKUP(AJ28&AK28, Sheet4!$A:$A&Sheet4!$B:$B, Sheet4!$D:$D)} -> 3678.84 | AP28: =$B$3*$B$4*AN28*AO28 -> 16679363
D29: P2 | E29: P8 | F29: 6039.82 | H29: P7 | I29: P8 | J29: 1 | K29: {=XLOOKUP(H29, 'Data jarak '!$A$2:$A$11, XLOOKUP(I29, 'Data jarak '!$B$1:$K$1, 'Data jarak '!$B$2:$K$11))} -> 186.18 | L29: {=XLOOKUP(H29&I29, Sheet4!$A:$A&Sheet4!$B:$B, Sheet4!$D:$D)} -> 14964.48 | M29: =$B$3*J29*K29*L29 -> 41791303 | P29: P2 | Q29: P10 | R29: P5 | S29: 1 | T29: {=XLOOKUP(P29, 'Data jarak '!$A$2:$A$11, XLOOKUP(R29, 'Data jarak '!$B$1:$K$1, 'Data jarak '!$B$2:$K$11))} -> 790.5225 | U29: {=XLOOKUP(P29&Q29, Sheet4!$A:$A&Sheet4!$B:$B, Sheet4!$D:$D)} -> 4136.76 | V29: =$B$3*S29*T29*U29 -> 49053028 | X29: P4 | Y29: P3 | Z29: P5 | AA29: 1 | AB29: {=XLOOKUP(Y29, 'Data jarak '!$A$2:$A$11, XLOOKUP(Z29, 'Data jarak '!$B$1:$K$1, 'Data jarak '!$B$2:$K$11))} -> 254.9509 | AC29: {=XLOOKUP(X29&Y29, Sheet4!$A:$A&Sheet4!$B:$B, Sheet4!$D:$D)} -> 2340.64 | AD29: =$B$3*AA29*AB29*AC29 -> 8951224.1 | AJ29: P2 | AK29: P10 | AL29: P5 | AM29: P9 | AN29: {=XLOOKUP(AL29, 'Data jarak '!$A$2:$A$11, XLOOKUP(AM29, 'Data jarak '!$B$1:$K$1, 'Data jarak '!$B$2:$K$11))} -> 976.2167 | AO29: {=XLOOKUP(AJ29&AK29, Sheet4!$A:$A&Sheet4!$B:$B, Sheet4!$D:$D)} -> 4136.76 | AP29: =$B$3*$B$4*AN29*AO29 -> 45431710
D30: P2 | E30: P9 | F30: 3678.83 | H30: P8 | I30: P1 | J30: 1 | K30: {=XLOOKUP(H30, 'Data jarak '!$A$2:$A$11, XLOOKUP(I30, 'Data jarak '!$B$1:$K$1, 'Data jarak '!$B$2:$K$11))} -> 1810.495 | L30: {=XLOOKUP(H30&I30, Sheet4!$A:$A&Sheet4!$B:$B, Sheet4!$D:$D)} -> 30724.48 | M30: =$B$3*J30*K30*L30 -> 8.3439776e+08 | P30: P3 | Q30: P1 | R30: P5 | S30: 1 | T30: {=XLOOKUP(P30, 'Data jarak '!$A$2:$A$11, XLOOKUP(R30, 'Data jarak '!$B$1:$K$1, 'Data jarak '!$B$2:$K$11))} -> 254.9509 | U30: {=XLOOKUP(P30&Q30, Sheet4!$A:$A&Sheet4!$B:$B, Sheet4!$D:$D)} -> 881.92 | V30: =$B$3*S30*T30*U30 -> 3372694.5 | X30: P4 | Y30: P6 | Z30: P5 | AA30: 1 | AB30: {=XLOOKUP(Y30, 'Data jarak '!$A$2:$A$11, XLOOKUP(Z30, 'Data jarak '!$B$1:$K$1, 'Data jarak '!$B$2:$K$11))} -> 176.4669 | AC30: {=XLOOKUP(X30&Y30, Sheet4!$A:$A&Sheet4!$B:$B, Sheet4!$D:$D)} -> 7897.68 | AD30: =$B$3*AA30*AB30*AC30 -> 20905187 | AJ30: P3 | AK30: P5 | AL30: P5 | AM30: P8 | AN30: {=XLOOKUP(AL30, 'Data jarak '!$A$2:$A$11, XLOOKUP(AM30, 'Data jarak '!$B$1:$K$1, 'Data jarak '!$B$2:$K$11))} -> 647.3369 | AO30: {=XLOOKUP(AJ30&AK30, Sheet4!$A:$A&Sheet4!$B:$B, Sheet4!$D:$D)} -> 575.8 | AP30: =$B$3*$B$4*AN30*AO30 -> 4193286.6
D31: P2 | E31: P10 | F31: 4136.76 | H31: P8 | I31: P2 | J31: 1 | K31: {=XLOOKUP(H31, 'Data jarak '!$A$2:$A$11, XLOOKUP(I31, 'Data jarak '!$B$1:$K$1, 'Data jarak '!$B$2:$K$11))} -> 1425.636 | L31: {=XLOOKUP(H31&I31, Sheet4!$A:$A&Sheet4!$B:$B, Sheet4!$D:$D)} -> 6826.24 | M31: =$B$3*J31*K31*L31 -> 1.45976e+08 | P31: P3 | Q31: P2 | R31: P5 | S31: 1 | T31: {=XLOOKUP(P31, 'Data jarak '!$A$2:$A$11, XLOOKUP(R31, 'Data jarak '!$B$1:$K$1, 'Data jarak '!$B$2:$K$11))} -> 254.9509 | U31: {=XLOOKUP(P31&Q31, Sheet4!$A:$A&Sheet4!$B:$B, Sheet4!$D:$D)} -> 768.88 | V31: =$B$3*S31*T31*U31 -> 2940399.7 | X31: P4 | Y31: P10 | Z31: P9 | AA31: 1 | AB31: {=XLOOKUP(Y31, 'Data jarak '!$A$2:$A$11, XLOOKUP(Z31, 'Data jarak '!$B$1:$K$1, 'Data jarak '!$B$2:$K$11))} -> 256.303 | AC31: {=XLOOKUP(X31&Y31, Sheet4!$A:$A&Sheet4!$B:$B, Sheet4!$D:$D)} -> 12387.4 | AD31: =$B$3*AA31*AB31*AC31 -> 47623917 | AJ31: P3 | AK31: P5 | AL31: P7 | AM31: P5 | AN31: {=XLOOKUP(AL31, 'Data jarak '!$A$2:$A$11, XLOOKUP(AM31, 'Data jarak '!$B$1:$K$1, 'Data jarak '!$B$2:$K$11))} -> 510.3344 | AO31: {=XLOOKUP(AJ31&AK31, Sheet4!$A:$A&Sheet4!$B:$B, Sheet4!$D:$D)} -> 575.8 | AP31: =$B$3*$B$4*AN31*AO31 -> 3305818.7
D32: P3 | E32: P1 | F32: 881.92 | H32: P8 | I32: P3 | J32: 1 | K32: {=XLOOKUP(H32, 'Data jarak '!$A$2:$A$11, XLOOKUP(I32, 'Data jarak '!$B$1:$K$1, 'Data jarak '!$B$2:$K$11))} -> 867.9308 | L32: {=XLOOKUP(H32&I32, Sheet4!$A:$A&Sheet4!$B:$B, Sheet4!$D:$D)} -> 12802.76 | M32: =$B$3*J32*K32*L32 -> 1.6667865e+08 | P32: P3 | Q32: P4 | R32: P5 | S32: 1 | T32: {=XLOOKUP(P32, 'Data jarak '!$A$2:$A$11, XLOOKUP(R32, 'Data jarak '!$B$1:$K$1, 'Data jarak '!$B$2:$K$11))} -> 254.9509 | U32: {=XLOOKUP(P32&Q32, Sheet4!$A:$A&Sheet4!$B:$B, Sheet4!$D:$D)} -> 2095.4 | V32: =$B$3*S32*T32*U32 -> 8013361.7 | X32: P5 | Y32: P1 | Z32: P7 | AA32: 1 | AB32: {=XLOOKUP(Y32, 'Data jarak '!$A$2:$A$11, XLOOKUP(Z32, 'Data jarak '!$B$1:$K$1, 'Data jarak '!$B$2:$K$11))} -> 1641.94 | AC32: {=XLOOKUP(X32&Y32, Sheet4!$A:$A&Sheet4!$B:$B, Sheet4!$D:$D)} -> 1916.56 | AD32: =$B$3*AA32*AB32*AC32 -> 47203148 | AJ32: P3 | AK32: P7 | AL32: P5 | AM32: P7 | AN32: {=XLOOKUP(AL32, 'Data jarak '!$A$2:$A$11, XLOOKUP(AM32, 'Data jarak '!$B$1:$K$1, 'Data jarak '!$B$2:$K$11))} -> 510.3344 | AO32: {=XLOOKUP(AJ32&AK32, Sheet4!$A:$A&Sheet4!$B:$B, Sheet4!$D:$D)} -> 10479.28 | AP32: =$B$3*$B$4*AN32*AO32 -> 60164292
D33: P3 | E33: P2 | F33: 768.89 | H33: P8 | I33: P5 | J33: 1 | K33: {=XLOOKUP(H33, 'Data jarak '!$A$2:$A$11, XLOOKUP(I33, 'Data jarak '!$B$1:$K$1, 'Data jarak '!$B$2:$K$11))} -> 647.3369 | L33: {=XLOOKUP(H33&I33, Sheet4!$A:$A&Sheet4!$B:$B, Sheet4!$D:$D)} -> 34996.76 | M33: =$B$3*J33*K33*L33 -> 3.3982041e+08 | P33: P3 | Q33: P5 | R33: P7 | S33: 1 | T33: {=XLOOKUP(P33, 'Data jarak '!$A$2:$A$11, XLOOKUP(R33, 'Data jarak '!$B$1:$K$1, 'Data jarak '!$B$2:$K$11))} -> 751.9781 | U33: {=XLOOKUP(P33&Q33, Sheet4!$A:$A&Sheet4!$B:$B, Sheet4!$D:$D)} -> 575.8 | V33: =$B$3*S33*T33*U33 -> 6494834.8 | X33: P5 | Y33: P2 | Z33: P7 | AA33: 1 | AB33: {=XLOOKUP(Y33, 'Data jarak '!$A$2:$A$11, XLOOKUP(Z33, 'Data jarak '!$B$1:$K$1, 'Data jarak '!$B$2:$K$11))} -> 1264.945 | AC33: {=XLOOKUP(X33&Y33, Sheet4!$A:$A&Sheet4!$B:$B, Sheet4!$D:$D)} -> 453.68 | AD33: =$B$3*AA33*AB33*AC33 -> 8608203.7 | AJ33: P3 | AK33: P7 | AL33: P7 | AM33: P8 | AN33: {=XLOOKUP(AL33, 'Data jarak '!$A$2:$A$11, XLOOKUP(AM33, 'Data jarak '!$B$1:$K$1, 'Data jarak '!$B$2:$K$11))} -> 186.18 | AO33: {=XLOOKUP(AJ33&AK33, Sheet4!$A:$A&Sheet4!$B:$B, Sheet4!$D:$D)} -> 10479.28 | AP33: =$B$3*$B$4*AN33*AO33 -> 21949114
... D43: P4 | E43: P2 | F43: 2837.35 | H43: P10 | I43: P9 | J43: 1 | K43: {=XLOOKUP(H43, 'Data jarak '!$A$2:$A$11, XLOOKUP(I43, 'Data jarak '!$B$1:$K$1, 'Data jarak '!$B$2:$K$11))} -> 256.303 | L43: {=XLOOKUP(H43&I43, Sheet4!$A:$A&Sheet4!$B:$B, Sheet4!$D:$D)} -> 4601.36 | M43: =$B$3*J43*K43*L43 -> 17690136 | P43: P4 | Q43: P6 | R43: P5 | S43: 1 | T43: {=XLOOKUP(P43, 'Data jarak '!$A$2:$A$11, XLOOKUP(R43, 'Data jarak '!$B$1:$K$1, 'Data jarak '!$B$2:$K$11))} -> 386.2807 | U43: {=XLOOKUP(P43&Q43, Sheet4!$A:$A&Sheet4!$B:$B, Sheet4!$D:$D)} -> 7897.68 | V43: =$B$3*S43*T43*U43 -> 45760820 | X43: P7 | Y43: P1 | Z43: P5 | AA43: 1 | AB43: {=XLOOKUP(Y43, 'Data jarak '!$A$2:$A$11, XLOOKUP(Z43, 'Data jarak '!$B$1:$K$1, 'Data jarak '!$B$2:$K$11))} -> 1187.826 | AC43: {=XLOOKUP(X43&Y43, Sheet4!$A:$A&Sheet4!$B:$B, Sheet4!$D:$D)} -> 2873.96 | AD43: =$B$3*AA43*AB43*AC43 -> 51206466 | AJ43: P4 | AK43: P8 | AL43: P5 | AM43: P8 | AN43: {=XLOOKUP(AL43, 'Data jarak '!$A$2:$A$11, XLOOKUP(AM43, 'Data jarak '!$B$1:$K$1, 'Data jarak '!$B$2:$K$11))} -> 647.3369 | AO43: {=XLOOKUP(AJ43&AK43, Sheet4!$A:$A&Sheet4!$B:$B, Sheet4!$D:$D)} -> 15699.2 | AP43: =$B$3*$B$4*AN43*AO43 -> 1.1433005e+08
D44: P4 | E44: P3 | F44: 2340.64 | P44: P4 | Q44: P7 | R44: P5 | S44: 1 | T44: {=XLOOKUP(P44, 'Data jarak '!$A$2:$A$11, XLOOKUP(R44, 'Data jarak '!$B$1:$K$1, 'Data jarak '!$B$2:$K$11))} -> 386.2807 | U44: {=XLOOKUP(P44&Q44, Sheet4!$A:$A&Sheet4!$B:$B, Sheet4!$D:$D)} -> 3023.8 | V44: =$B$3*S44*T44*U44 -> 17520534 | X44: P7 | Y44: P2 | Z44: P5 | AA44: 1 | AB44: {=XLOOKUP(Y44, 'Data jarak '!$A$2:$A$11, XLOOKUP(Z44, 'Data jarak '!$B$1:$K$1, 'Data jarak '!$B$2:$K$11))} -> 790.5225 | AC44: {=XLOOKUP(X44&Y44, Sheet4!$A:$A&Sheet4!$B:$B, Sheet4!$D:$D)} -> 3207.08 | AD44: =$B$3*AA44*AB44*AC44 -> 38029033 | AJ44: P4 | AK44: P8 | AL44: P8 | AM44: P7 | AN44: {=XLOOKUP(AL44, 'Data jarak '!$A$2:$A$11, XLOOKUP(AM44, 'Data jarak '!$B$1:$K$1, 'Data jarak '!$B$2:$K$11))} -> 186.18 | AO44: {=XLOOKUP(AJ44&AK44, Sheet4!$A:$A&Sheet4!$B:$B, Sheet4!$D:$D)} -> 15699.2 | AP44: =$B$3*$B$4*AN44*AO44 -> 32882367
D45: P4 | E45: P4 | F45: 0 | P45: P4 | Q45: P8 | R45: P5 | S45: 1 | T45: {=XLOOKUP(P45, 'Data jarak '!$A$2:$A$11, XLOOKUP(R45, 'Data jarak '!$B$1:$K$1, 'Data jarak '!$B$2:$K$11))} -> 386.2807 | U45: {=XLOOKUP(P45&Q45, Sheet4!$A:$A&Sheet4!$B:$B, Sheet4!$D:$D)} -> 15699.2 | V45: =$B$3*S45*T45*U45 -> 90964469 | X45: P7 | Y45: P3 | Z45: P5 | AA45: 1 | AB45: {=XLOOKUP(Y45, 'Data jarak '!$A$2:$A$11, XLOOKUP(Z45, 'Data jarak '!$B$1:$K$1, 'Data jarak '!$B$2:$K$11))} -> 254.9509 | AC45: {=XLOOKUP(X45&Y45, Sheet4!$A:$A&Sheet4!$B:$B, Sheet4!$D:$D)} -> 22608.32 | AD45: =$B$3*AA45*AB45*AC45 -> 86460173 | AJ45: P4 | AK45: P9 | AL45: P5 | AM45: P9 | AN45: {=XLOOKUP(AL45, 'Data jarak '!$A$2:$A$11, XLOOKUP(AM45, 'Data jarak '!$B$1:$K$1, 'Data jarak '!$B$2:$K$11))} -> 976.2167 | AO45: {=XLOOKUP(AJ45&AK45, Sheet4!$A:$A&Sheet4!$B:$B, Sheet4!$D:$D)} -> 2504.16 | AP45: =$B$3*$B$4*AN45*AO45 -> 27501782
D46: P4 | E46: P5 | F46: 1346.84 | P46: P4 | Q46: P9 | R46: P5 | S46: 1 | T46: {=XLOOKUP(P46, 'Data jarak '!$A$2:$A$11, XLOOKUP(R46, 'Data jarak '!$B$1:$K$1, 'Data jarak '!$B$2:$K$11))} -> 386.2807 | U46: {=XLOOKUP(P46&Q46, Sheet4!$A:$A&Sheet4!$B:$B, Sheet4!$D:$D)} -> 2504.16 | V46: =$B$3*S46*T46*U46 -> 14509630 | X46: P7 | Y46: P4 | Z46: P5 | AA46: 1 | AB46: {=XLOOKUP(Y46, 'Data jarak '!$A$2:$A$11, XLOOKUP(Z46, 'Data jarak '!$B$1:$K$1, 'Data jarak '!$B$2:$K$11))} -> 386.2807 | AC46: {=XLOOKUP(X46&Y46, Sheet4!$A:$A&Sheet4!$B:$B, Sheet4!$D:$D)} -> 6602.08 | AD46: =$B$3*AA46*AB46*AC46 -> 38253841 | AJ46: P4 | AK46: P9 | AL46: P9 | AM46: P8 | AN46: {=XLOOKUP(AL46, 'Data jarak '!$A$2:$A$11, XLOOKUP(AM46, 'Data jarak '!$B$1:$K$1, 'Data jarak '!$B$2:$K$11))} -> 403.0102 | AO46: {=XLOOKUP(AJ46&AK46, Sheet4!$A:$A&Sheet4!$B:$B, Sheet4!$D:$D)} -> 2504.16 | AP46: =$B$3*$B$4*AN46*AO46 -> 11353523
D47: P4 | E47: P6 | F47: 7897.68 | P47: P4 | Q47: P10 | R47: P5 | S47: 1 | T47: {=XLOOKUP(P47, 'Data jarak '!$A$2:$A$11, XLOOKUP(R47, 'Data jarak '!$B$1:$K$1, 'Data jarak '!$B$2:$K$11))} -> 386.2807 | U47: {=XLOOKUP(P47&Q47, Sheet4!$A:$A&Sheet4!$B:$B, Sheet4!$D:$D)} -> 12387.4 | V47: =$B$3*S47*T47*U47 -> 71775203 | X47: P7 | Y47: P6 | Z47: P5 | AA47: 1 | AB47: {=XLOOKUP(Y47, 'Data jarak '!$A$2:$A$11, XLOOKUP(Z47, 'Data jarak '!$B$1:$K$1, 'Data jarak '!$B$2:$K$11))} -> 176.4669 | AC47: {=XLOOKUP(X47&Y47, Sheet4!$A:$A&Sheet4!$B:$B, Sheet4!$D:$D)} -> 11335.92 | AD47: =$B$3*AA47*AB47*AC47 -> 30006220 | AJ47: P4 | AK47: P10 | AL47: P5 | AM47: P9 | AN47: {=XLOOKUP(AL47, 'Data jarak '!$A$2:$A$11, XLOOKUP(AM47, 'Data jarak '!$B$1:$K$1, 'Data jarak '!$B$2:$K$11))} -> 976.2167 | AO47: {=XLOOKUP(AJ47&AK47, Sheet4!$A:$A&Sheet4!$B:$B, Sheet4!$D:$D)} -> 12387.4 | AP47: =$B$3*$B$4*AN47*AO47 -> 1.3604385e+08
D48: P4 | E48: P7 | F48: 3023.8 | P48: P6 | Q48: P1 | R48: P5 | S48: 1 | T48: {=XLOOKUP(P48, 'Data jarak '!$A$2:$A$11, XLOOKUP(R48, 'Data jarak '!$B$1:$K$1, 'Data jarak '!$B$2:$K$11))} -> 176.4669 | U48: {=XLOOKUP(P48&Q48, Sheet4!$A:$A&Sheet4!$B:$B, Sheet4!$D:$D)} -> 2334.6 | V48: =$B$3*S48*T48*U48 -> 6179694.4 | X48: P7 | Y48: P10 | Z48: P9 | AA48: 1 | AB48: {=XLOOKUP(Y48, 'Data jarak '!$A$2:$A$11, XLOOKUP(Z48, 'Data jarak '!$B$1:$K$1, 'Data jarak '!$B$2:$K$11))} -> 256.303 | AC48: {=XLOOKUP(X48&Y48, Sheet4!$A:$A&Sheet4!$B:$B, Sheet4!$D:$D)} -> 8546.4 | AD48: =$B$3*AA48*AB48*AC48 -> 32857019 | AJ48: P5 | AK48: P1 | AL48: P5 | AM48: P7 | AN48: {=XLOOKUP(AL48, 'Data jarak '!$A$2:$A$11, XLOOKUP(AM48, 'Data jarak '!$B$1:$K$1, 'Data jarak '!$B$2:$K$11))} -> 510.3344 | AO48: {=XLOOKUP(AJ48&AK48, Sheet4!$A:$A&Sheet4!$B:$B, Sheet4!$D:$D)} -> 1916.56 | AP48: =$B$3*$B$4*AN48*AO48 -> 11003473
D49: P4 | E49: P8 | F49: 15699.2 | P49: P6 | Q49: P2 | R49: P5 | S49: 1 | T49: {=XLOOKUP(P49, 'Data jarak '!$A$2:$A$11, XLOOKUP(R49, 'Data jarak '!$B$1:$K$1, 'Data jarak '!$B$2:$K$11))} -> 176.4669 | U49: {=XLOOKUP(P49&Q49, Sheet4!$A:$A&Sheet4!$B:$B, Sheet4!$D:$D)} -> 2285.36 | V49: =$B$3*S49*T49*U49 -> 6049355.9 | X49: P8 | Y49: P1 | Z49: P5 | AA49: 1 | AB49: {=XLOOKUP(Y49, 'Data jarak '!$A$2:$A$11, XLOOKUP(Z49, 'Data jarak '!$B$1:$K$1, 'Data jarak '!$B$2:$K$11))} -> 1187.826 | AC49: {=XLOOKUP(X49&Y49, Sheet4!$A:$A&Sheet4!$B:$B, Sheet4!$D:$D)} -> 30724.48 | AD49: =$B$3*AA49*AB49*AC49 -> 5.4743004e+08 | AJ49: P5 | AK49: P2 | AL49: P5 | AM49: P7 | AN49: {=XLOOKUP(AL49, 'Data jarak '!$A$2:$A$11, XLOOKUP(AM49, 'Data jarak '!$B$1:$K$1, 'Data jarak '!$B$2:$K$11))} -> 510.3344 | AO49: {=XLOOKUP(AJ49&AK49, Sheet4!$A:$A&Sheet4!$B:$B, Sheet4!$D:$D)} -> 453.68 | AP49: =$B$3*$B$4*AN49*AO49 -> 2604695.7
D50: P4 | E50: P9 | F50: 2504.17 | P50: P6 | Q50: P3 | R50: P5 | S50: 1 | T50: {=XLOOKUP(P50, 'Data jarak '!$A$2:$A$11, XLOOKUP(R50, 'Data jarak '!$B$1:$K$1, 'Data jarak '!$B$2:$K$11))} -> 176.4669 | U50: {=XLOOKUP(P50&Q50, Sheet4!$A:$A&Sheet4!$B:$B, Sheet4!$D:$D)} -> 2193.32 | V50: =$B$3*S50*T50*U50 -> 5805725.7 | X50: P8 | Y50: P2 | Z50: P5 | AA50: 1 | AB50: {=XLOOKUP(Y50, 'Data jarak '!$A$2:$A$11, XLOOKUP(Z50, 'Data jarak '!$B$1:$K$1, 'Data jarak '!$B$2:$K$11))} -> 790.5225 | AC50: {=XLOOKUP(X50&Y50, Sheet4!$A:$A&Sheet4!$B:$B, Sheet4!$D:$D)} -> 6826.24 | AD50: =$B$3*AA50*AB50*AC50 -> 80944445 | AJ50: P5 | AK50: P3 | AL50: P5 | AM50: P7 | AN50: {=XLOOKUP(AL50, 'Data jarak '!$A$2:$A$11, XLOOKUP(AM50, 'Data jarak '!$B$1:$K$1, 'Data jarak '!$B$2:$K$11))} -> 510.3344 | AO50: {=XLOOKUP(AJ50&AK50, Sheet4!$A:$A&Sheet4!$B:$B, Sheet4!$D:$D)} -> 821.08 | AP50: =$B$3*$B$4*AN50*AO50 -> 4714035.4
D51: P4 | E51: P10 | F51: 12387.4 | P51: P6 | Q51: P4 | R51: P5 | S51: 1 | T51: {=XLOOKUP(P51, 'Data jarak '!$A$2:$A$11, XLOOKUP(R51, 'Data jarak '!$B$1:$K$1, 'Data jarak '!$B$2:$K$11))} -> 176.4669 | U51: {=XLOOKUP(P51&Q51, Sheet4!$A:$A&Sheet4!$B:$B, Sheet4!$D:$D)} -> 10240.56 | V51: =$B$3*S51*T51*U51 -> 27106798 | X51: P8 | Y51: P3 | Z51: P5 | AA51: 1 | AB51: {=XLOOKUP(Y51, 'Data jarak '!$A$2:$A$11, XLOOKUP(Z51, 'Data jarak '!$B$1:$K$1, 'Data jarak '!$B$2:$K$11))} -> 254.9509 | AC51: {=XLOOKUP(X51&Y51, Sheet4!$A:$A&Sheet4!$B:$B, Sheet4!$D:$D)} -> 12802.76 | AD51: =$B$3*AA51*AB51*AC51 -> 48961128 | AJ51: P5 | AK51: P4 | AL51: P5 | AM51: P7 | AN51: {=XLOOKUP(AL51, 'Data jarak '!$A$2:$A$11, XLOOKUP(AM51, 'Data jarak '!$B$1:$K$1, 'Data jarak '!$B$2:$K$11))} -> 510.3344 | AO51: {=XLOOKUP(AJ51&AK51, Sheet4!$A:$A&Sheet4!$B:$B, Sheet4!$D:$D)} -> 3869.6 | AP51: =$B$3*$B$4*AN51*AO51 -> 22216387
D52: P5 | E52: P1 | F52: 1916.56 | P52: P6 | Q52: P5 | R52: P7 | S52: 1 | T52: {=XLOOKUP(P52, 'Data jarak '!$A$2:$A$11, XLOOKUP(R52, 'Data jarak '!$B$1:$K$1, 'Data jarak '!$B$2:$K$11))} -> 356.1662 | U52: {=XLOOKUP(P52&Q52, Sheet4!$A:$A&Sheet4!$B:$B, Sheet4!$D:$D)} -> 2693.56 | V52: =$B$3*S52*T52*U52 -> 14390325 | X52: P8 | Y52: P4 | Z52: P5 | AA52: 1 | AB52: {=XLOOKUP(Y52, 'Data jarak '!$A$2:$A$11, XLOOKUP(Z52, 'Data jarak '!$B$1:$K$1, 'Data jarak '!$B$2:$K$11))} -> 386.2807 | AC52: {=XLOOKUP(X52&Y52, Sheet4!$A:$A&Sheet4!$B:$B, Sheet4!$D:$D)} -> 72304 | AD52: =$B$3*AA52*AB52*AC52 -> 418944596 | AJ52: P5 | AK52: P6 | AL52: P5 | AM52: P7 | AN52: {=XLOOKUP(AL52, 'Data jarak '!$A$2:$A$11, XLOOKUP(AM52, 'Data jarak '!$B$1:$K$1, 'Data jarak '!$B$2:$K$11))} -> 510.3344 | AO52: {=XLOOKUP(AJ52&AK52, Sheet4!$A:$A&Sheet4!$B:$B, Sheet4!$D:$D)} -> 5400.56 | AP52: =$B$3*$B$4*AN52*AO52 -> 31006030
D53: P5 | E53: P2 | F53: 453.68 | P53: P6 | Q53: P7 | R53: P5 | S53: 1 | T53: {=XLOOKUP(P53, 'Data jarak '!$A$2:$A$11, XLOOKUP(R53, 'Data jarak '!$B$1:$K$1, 'Data jarak '!$B$2:$K$11))} -> 176.4669 | U53: {=XLOOKUP(P53&Q53, Sheet4!$A:$A&Sheet4!$B:$B, Sheet4!$D:$D)} -> 2535.32 | V53: =$B$3*S53*T53*U53 -> 6711000.9 | X53: P8 | Y53: P6 | Z53: P7 | AA53: 1 | AB53: {=XLOOKUP(Y53, 'Data jarak '!$A$2:$A$11, XLOOKUP(Z53, 'Data jarak '!$B$1:$K$1, 'Data jarak '!$B$2:$K$11))} -> 356.1662 | AC53: {=XLOOKUP(X53&Y53, Sheet4!$A:$A&Sheet4!$B:$B, Sheet4!$D:$D)} -> 121568.92 | AD53: =$B$3*AA53*AB53*AC53 -> 6.494811e+08 | AJ53: P5 | AK53: P7 | AL53: P5 | AM53: P7 | AN53: {=XLOOKUP(AL53, 'Data jarak '!$A$2:$A$11, XLOOKUP(AM53, 'Data jarak '!$B$1:$K$1, 'Data jarak '!$B$2:$K$11))} -> 510.3344 | AO53: {=XLOOKUP(AJ53&AK53, Sheet4!$A:$A&Sheet4!$B:$B, Sheet4!$D:$D)} -> 977.52 | AP53: =$B$3*$B$4*AN53*AO53 -> 5612198.4
D54: P5 | E54: P3 | F54: 821.08 | P54: P6 | Q54: P8 | R54: P7 | S54: 1 | T54: {=XLOOKUP(P54, 'Data jarak '!$A$2:$A$11, XLOOKUP(R54, 'Data jarak '!$B$1:$K$1, 'Data jarak '!$B$2:$K$11))} -> 356.1662 | U54: {=XLOOKUP(P54&Q54, Sheet4!$A:$A&Sheet4!$B:$B, Sheet4!$D:$D)} -> 33272.84 | V54: =$B$3*S54*T54*U54 -> 1.7775991e+08 | X54: P8 | Y54: P10 | Z54: P9 | AA54: 1 | AB54: {=XLOOKUP(Y54, 'Data jarak '!$A$2:$A$11, XLOOKUP(Z54, 'Data jarak '!$B$1:$K$1, 'Data jarak '!$B$2:$K$11))} -> 256.303 | AC54: {=XLOOKUP(X54&Y54, Sheet4!$A:$A&Sheet4!$B:$B, Sheet4!$D:$D)} -> 101245.44 | AD54: =$B$3*AA54*AB54*AC54 -> 3.8924265e+08 | AJ54: P5 | AK54: P7 | AL54: P7 | AM54: P8 | AN54: {=XLOOKUP(AL54, 'Data jarak '!$A$2:$A$11, XLOOKUP(AM54, 'Data jarak '!$B$1:$K$1, 'Data jarak '!$B$2:$K$11))} -> 186.18 | AO54: {=XLOOKUP(AJ54&AK54, Sheet4!$A:$A&Sheet4!$B:$B, Sheet4!$D:$D)} -> 977.52 | AP54: =$B$3*$B$4*AN54*AO54 -> 2047440.1
D55: P5 | E55: P4 | F55: 3869.6 | P55: P6 | Q55: P9 | R55: P7 | S55: 1 | T55: {=XLOOKUP(P55, 'Data jarak '!$A$2:$A$11, XLOOKUP(R55, 'Data jarak '!$B$1:$K$1, 'Data jarak '!$B$2:$K$11))} -> 356.1662 | U55: {=XLOOKUP(P55&Q55, Sheet4!$A:$A&Sheet4!$B:$B, Sheet4!$D:$D)} -> 2248.88 | V55: =$B$3*S55*T55*U55 -> 12014626 | X55: P9 | Y55: P1 | Z55: P5 | AA55: 1 | AB55: {=XLOOKUP(Y55, 'Data jarak '!$A$2:$A$11, XLOOKUP(Z55, 'Data jarak '!$B$1:$K$1, 'Data jarak '!$B$2:$K$11))} -> 1187.826 | AC55: {=XLOOKUP(X55&Y55, Sheet4!$A:$A&Sheet4!$B:$B, Sheet4!$D:$D)} -> 535.68 | AD55: =$B$3*AA55*AB55*AC55 -> 9544419.5 | AJ55: P5 | AK55: P8 | AL55: P5 | AM55: P8 | AN55: {=XLOOKUP(AL55, 'Data jarak '!$A$2:$A$11, XLOOKUP(AM55, 'Data jarak '!$B$1:$K$1, 'Data jarak '!$B$2:$K$11))} -> 647.3369 | AO55: {=XLOOKUP(AJ55&AK55, Sheet4!$A:$A&Sheet4!$B:$B, Sheet4!$D:$D)} -> 20364.36 | AP55: =$B$3*$B$4*AN55*AO55 -> 1.4830427e+08
... D65: P6 | E65: P4 | F65: 10240.56 | P65: P10 | Q65: P9 | R65: P8 | S65: 1 | T65: {=XLOOKUP(P65, 'Data jarak '!$A$2:$A$11, XLOOKUP(R65, 'Data jarak '!$B$1:$K$1, 'Data jarak '!$B$2:$K$11))} -> 658.2451 | U65: {=XLOOKUP(P65&Q65, Sheet4!$A:$A&Sheet4!$B:$B, Sheet4!$D:$D)} -> 4601.36 | V65: =$B$3*S65*T65*U65 -> 45432340 | X65: P10 | Y65: P6 | Z65: P8 | AA65: 1 | AB65: {=XLOOKUP(Y65, 'Data jarak '!$A$2:$A$11, XLOOKUP(Z65, 'Data jarak '!$B$1:$K$1, 'Data jarak '!$B$2:$K$11))} -> 475.5078 | AC65: {=XLOOKUP(X65&Y65, Sheet4!$A:$A&Sheet4!$B:$B, Sheet4!$D:$D)} -> 19692.68 | AD65: =$B$3*AA65*AB65*AC65 -> 1.4046034e+08 | AJ65: P6 | AK65: P8 | AL65: P8 | AM65: P9 | AN65: {=XLOOKUP(AL65, 'Data jarak '!$A$2:$A$11, XLOOKUP(AM65, 'Data jarak '!$B$1:$K$1, 'Data jarak '!$B$2:$K$11))} -> 403.0102 | AO65: {=XLOOKUP(AJ65&AK65, Sheet4!$A:$A&Sheet4!$B:$B, Sheet4!$D:$D)} -> 33272.84 | AP65: =$B$3*$B$4*AN65*AO65 -> 1.5085456e+08
D66: P6 | E66: P5 | F66: 2693.56 | AJ66: P6 | AK66: P9 | AL66: P7 | AM66: P9 | AN66: {=XLOOKUP(AL66, 'Data jarak '!$A$2:$A$11, XLOOKUP(AM66, 'Data jarak '!$B$1:$K$1, 'Data jarak '!$B$2:$K$11))} -> 587.9985 | AO66: {=XLOOKUP(AJ66&AK66, Sheet4!$A:$A&Sheet4!$B:$B, Sheet4!$D:$D)} -> 2248.88 | AP66: =$B$3*$B$4*AN66*AO66 -> 14876303
D67: P6 | E67: P6 | F67: 0 | AJ67: P6 | AK67: P9 | AL67: P9 | AM67: P8 | AN67: {=XLOOKUP(AL67, 'Data jarak '!$A$2:$A$11, XLOOKUP(AM67, 'Data jarak '!$B$1:$K$1, 'Data jarak '!$B$2:$K$11))} -> 403.0102 | AO67: {=XLOOKUP(AJ67&AK67, Sheet4!$A:$A&Sheet4!$B:$B, Sheet4!$D:$D)} -> 2248.88 | AP67: =$B$3*$B$4*AN67*AO67 -> 10196118
D68: P6 | E68: P7 | F68: 2535.32 | AJ68: P6 | AK68: P10 | AL68: P8 | AM68: P9 | AN68: {=XLOOKUP(AL68, 'Data jarak '!$A$2:$A$11, XLOOKUP(AM68, 'Data jarak '!$B$1:$K$1, 'Data jarak '!$B$2:$K$11))} -> 403.0102 | AO68: {=XLOOKUP(AJ68&AK68, Sheet4!$A:$A&Sheet4!$B:$B, Sheet4!$D:$D)} -> 6665.76 | AP68: =$B$3*$B$4*AN68*AO68 -> 30221654
D69: P6 | E69: P8 | F69: 33272.84 | AJ69: P7 | AK69: P1 | AL69: P7 | AM69: P5 | AN69: {=XLOOKUP(AL69, 'Data jarak '!$A$2:$A$11, XLOOKUP(AM69, 'Data jarak '!$B$1:$K$1, 'Data jarak '!$B$2:$K$11))} -> 510.3344 | AO69: {=XLOOKUP(AJ69&AK69, Sheet4!$A:$A&Sheet4!$B:$B, Sheet4!$D:$D)} -> 2873.96 | AP69: =$B$3*$B$4*AN69*AO69 -> 16500157
D70: P6 | E70: P9 | F70: 2248.87 | AJ70: P7 | AK70: P2 | AL70: P7 | AM70: P5 | AN70: {=XLOOKUP(AL70, 'Data jarak '!$A$2:$A$11, XLOOKUP(AM70, 'Data jarak '!$B$1:$K$1, 'Data jarak '!$B$2:$K$11))} -> 510.3344 | AO70: {=XLOOKUP(AJ70&AK70, Sheet4!$A:$A&Sheet4!$B:$B, Sheet4!$D:$D)} -> 3207.08 | AP70: =$B$3*$B$4*AN70*AO70 -> 18412687
D71: P6 | E71: P10 | F71: 6665.76 | AJ71: P7 | AK71: P3 | AL71: P7 | AM71: P5 | AN71: {=XLOOKUP(AL71, 'Data jarak '!$A$2:$A$11, XLOOKUP(AM71, 'Data jarak '!$B$1:$K$1, 'Data jarak '!$B$2:$K$11))} -> 510.3344 | AO71: {=XLOOKUP(AJ71&AK71, Sheet4!$A:$A&Sheet4!$B:$B, Sheet4!$D:$D)} -> 22608.32 | AP71: =$B$3*$B$4*AN71*AO71 -> 1.2980029e+08
D72: P7 | E72: P1 | F72: 2873.96 | AJ72: P7 | AK72: P4 | AL72: P7 | AM72: P5 | AN72: {=XLOOKUP(AL72, 'Data jarak '!$A$2:$A$11, XLOOKUP(AM72, 'Data jarak '!$B$1:$K$1, 'Data jarak '!$B$2:$K$11))} -> 510.3344 | AO72: {=XLOOKUP(AJ72&AK72, Sheet4!$A:$A&Sheet4!$B:$B, Sheet4!$D:$D)} -> 6602.08 | AP72: =$B$3*$B$4*AN72*AO72 -> 37904271
D73: P7 | E73: P2 | F73: 3207.09 | AJ73: P7 | AK73: P5 | AL73: P5 | AM73: P8 | AN73: {=XLOOKUP(AL73, 'Data jarak '!$A$2:$A$11, XLOOKUP(AM73, 'Data jarak '!$B$1:$K$1, 'Data jarak '!$B$2:$K$11))} -> 647.3369 | AO73: {=XLOOKUP(AJ73&AK73, Sheet4!$A:$A&Sheet4!$B:$B, Sheet4!$D:$D)} -> 1576.64 | AP73: =$B$3*$B$4*AN73*AO73 -> 11481944
D74: P7 | E74: P3 | F74: 22608.32 | AJ74: P7 | AK74: P5 | AL74: P7 | AM74: P5 | AN74: {=XLOOKUP(AL74, 'Data jarak '!$A$2:$A$11, XLOOKUP(AM74, 'Data jarak '!$B$1:$K$1, 'Data jarak '!$B$2:$K$11))} -> 510.3344 | AO74: {=XLOOKUP(AJ74&AK74, Sheet4!$A:$A&Sheet4!$B:$B, Sheet4!$D:$D)} -> 1576.64 | AP74: =$B$3*$B$4*AN74*AO74 -> 9051903.3
D75: P7 | E75: P4 | F75: 6602.08 | AJ75: P7 | AK75: P6 | AL75: P7 | AM75: P5 | AN75: {=XLOOKUP(AL75, 'Data jarak '!$A$2:$A$11, XLOOKUP(AM75, 'Data jarak '!$B$1:$K$1, 'Data jarak '!$B$2:$K$11))} -> 510.3344 | AO75: {=XLOOKUP(AJ75&AK75, Sheet4!$A:$A&Sheet4!$B:$B, Sheet4!$D:$D)} -> 11335.92 | AP75: =$B$3*$B$4*AN75*AO75 -> 65082487
D76: P7 | E76: P5 | F76: 1576.64 | AJ76: P7 | AK76: P8 | AL76: P7 | AM76: P8 | AN76: {=XLOOKUP(AL76, 'Data jarak '!$A$2:$A$11, XLOOKUP(AM76, 'Data jarak '!$B$1:$K$1, 'Data jarak '!$B$2:$K$11))} -> 186.18 | AO76: {=XLOOKUP(AJ76&AK76, Sheet4!$A:$A&Sheet4!$B:$B, Sheet4!$D:$D)} -> 14964.48 | AP76: =$B$3*$B$4*AN76*AO76 -> 31343477
D77: P7 | E77: P6 | F77: 11335.92 | AJ77: P7 | AK77: P8 | AL77: P8 | AM77: P9 | AN77: {=XLOOKUP(AL77, 'Data jarak '!$A$2:$A$11, XLOOKUP(AM77, 'Data jarak '!$B$1:$K$1, 'Data jarak '!$B$2:$K$11))} -> 403.0102 | AO77: {=XLOOKUP(AJ77&AK77, Sheet4!$A:$A&Sheet4!$B:$B, Sheet4!$D:$D)} -> 14964.48 | AP77: =$B$3*$B$4*AN77*AO77 -> 67846928
... D110: P10 | E110: P9 | F110: 4601.38 | AJ110: P10 | AK110: P5 | AL110: P9 | AM110: P5 | AN110: {=XLOOKUP(AL110, 'Data jarak '!$A$2:$A$11, XLOOKUP(AM110, 'Data jarak '!$B$1:$K$1, 'Data jarak '!$B$2:$K$11))} -> 976.2167 | AO110: {=XLOOKUP(AJ110&AK110, Sheet4!$A:$A&Sheet4!$B:$B, Sheet4!$D:$D)} -> 4802.16 | AP110: =$B$3*$B$4*AN110*AO110 -> 52739424
AJ111: P10 | AK111: P6 | AL111: P9 | AM111: P8 | AN111: {=XLOOKUP(AL111, 'Data jarak '!$A$2:$A$11, XLOOKUP(AM111, 'Data jarak '!$B$1:$K$1, 'Data jarak '!$B$2:$K$11))} -> 403.0102 | AO111: {=XLOOKUP(AJ111&AK111, Sheet4!$A:$A&Sheet4!$B:$B, Sheet4!$D:$D)} -> 19692.68 | AP111: =$B$3*$B$4*AN111*AO111 -> 89283948
AJ112: P10 | AK112: P7 | AL112: P7 | AM112: P8 | AN112: {=XLOOKUP(AL112, 'Data jarak '!$A$2:$A$11, XLOOKUP(AM112, 'Data jarak '!$B$1:$K$1, 'Data jarak '!$B$2:$K$11))} -> 186.18 | AO112: {=XLOOKUP(AJ112&AK112, Sheet4!$A:$A&Sheet4!$B:$B, Sheet4!$D:$D)} -> 4405.52 | AP112: =$B$3*$B$4*AN112*AO112 -> 9227471.8
AJ113: P10 | AK113: P7 | AL113: P9 | AM113: P7 | AN113: {=XLOOKUP(AL113, 'Data jarak '!$A$2:$A$11, XLOOKUP(AM113, 'Data jarak '!$B$1:$K$1, 'Data jarak '!$B$2:$K$11))} -> 587.9985 | AO113: {=XLOOKUP(AJ113&AK113, Sheet4!$A:$A&Sheet4!$B:$B, Sheet4!$D:$D)} -> 4405.52 | AP113: =$B$3*$B$4*AN113*AO113 -> 29142440
AJ114: P10 | AK114: P8 | AL114: P8 | AM114: P7 | AN114: {=XLOOKUP(AL114, 'Data jarak '!$A$2:$A$11, XLOOKUP(AM114, 'Data jarak '!$B$1:$K$1, 'Data jarak '!$B$2:$K$11))} -> 186.18 | AO114: {=XLOOKUP(AJ114&AK114, Sheet4!$A:$A&Sheet4!$B:$B, Sheet4!$D:$D)} -> 51923.64 | AP114: =$B$3*$B$4*AN114*AO114 -> 1.0875536e+08
AJ115: P10 | AK115: P8 | AL115: P9 | AM115: P8 | AN115: {=XLOOKUP(AL115, 'Data jarak '!$A$2:$A$11, XLOOKUP(AM115, 'Data jarak '!$B$1:$K$1, 'Data jarak '!$B$2:$K$11))} -> 403.0102 | AO115: {=XLOOKUP(AJ115&AK115, Sheet4!$A:$A&Sheet4!$B:$B, Sheet4!$D:$D)} -> 51923.64 | AP115: =$B$3*$B$4*AN115*AO115 -> 2.3541476e+08
AJ116: P10 | AK116: P9 | AL116: P8 | AM116: P9 | AN116: {=XLOOKUP(AL116, 'Data jarak '!$A$2:$A$11, XLOOKUP(AM116, 'Data jarak '!$B$1:$K$1, 'Data jarak '!$B$2:$K$11))} -> 403.0102 | AO116: {=XLOOKUP(AJ116&AK116, Sheet4!$A:$A&Sheet4!$B:$B, Sheet4!$D:$D)} -> 4601.36 | AP116: =$B$3*$B$4*AN116*AO116 -> 20861944
AJ117: P10 | AK117: P9 | AL117: P9 | AM117: P7 | AN117: {=XLOOKUP(AL117, 'Data jarak '!$A$2:$A$11, XLOOKUP(AM117, 'Data jarak '!$B$1:$K$1, 'Data jarak '!$B$2:$K$11))} -> 587.9985 | AO117: {=XLOOKUP(AJ117&AK117, Sheet4!$A:$A&Sheet4!$B:$B, Sheet4!$D:$D)} -> 4601.36 | AP117: =$B$3*$B$4*AN117*AO117 -> 30437919

Sheet Cycle Hub_SA
C1: Obj1 | D1: Obj 2
A2: Objective Function | C2: =sum(J9:J18) -> 3700799293 | D2: =sum(S9:S38) -> 9250817170 | E2: =sum(C2:D2) -> 12951616463 | G2: 12951617044 | I2: =E2-G2 -> -581.48779
E3: Valid
A4: Alpha | B4: 0.75
A5: Cost | B5: 15
D7: Assignment | M7: Flow Xikm
A8: Node | B8: is_hub | D8: Node | E8: Hub | F8: z_ik | G8: Oi | H8: Di | I8: Dist (i-k) | M8: Origin_i | N8: Hub_from_k | O8: Hub_to_m | P8: x_ikm | Q8: dist_km | R8: DIst (k-m)
A9: P1 | B9: 1 | D9: P2 | E9: P6 | F9: 1 | G9: =vlookup(D9,Sheet4!$G$1:$I$11,2,false) -> 30992.74 | H9: =vlookup(D9,Sheet4!$G$1:$I$11,3,false) -> 21308.78 | I9: {=XLOOKUP(D9, 'Data jarak '!$A$2:$A$11, XLOOKUP(E9, 'Data jarak '!$B$1:$K$1, 'Data jarak '!$B$2:$K$11))} -> 966.6815 | J9: =I9*$B$5*(G9+H9) -> 7.5838368e+08 | M9: P1 | N9: P1 | O9: P6 | P9: 54652.84 | Q9: 1362.6505 | R9: {=XLOOKUP(N9, 'Data jarak '!$A$2:$A$11, XLOOKUP(O9, 'Data jarak '!$B$1:$K$1, 'Data jarak '!$B$2:$K$11))} -> 1362.65 | S9: =P9*R9*$B$4*$B$5 -> 8.3781779e+08
A10: P2 | B10: 0 | D10: P3 | E10: P6 | F10: 1 | G10: =vlookup(D10,Sheet4!$G$1:$I$11,2,false) -> 27365.36 | H10: =vlookup(D10,Sheet4!$G$1:$I$11,3,false) -> 48760.24 | I10: {=XLOOKUP(D10, 'Data jarak '!$A$2:$A$11, XLOOKUP(E10, 'Data jarak '!$B$1:$K$1, 'Data jarak '!$B$2:$K$11))} -> 397.4792 | J10: =I10*$B$5*(G10+H10) -> 4.5387514e+08 | M10: P1 | N10: P1 | O10: P10 | P10: 70439.32 | Q10: 2382.4112 | R10: {=XLOOKUP(N10, 'Data jarak '!$A$2:$A$11, XLOOKUP(O10, 'Data jarak '!$B$1:$K$1, 'Data jarak '!$B$2:$K$11))} -> 2382.411 | S10: =P10*R10*$B$4*$B$5 -> 1887923372
A11: P3 | B11: 0 | D11: P4 | E11: P6 | F11: 1 | G11: =vlookup(D11,Sheet4!$G$1:$I$11,2,false) -> 50914.96 | H11: =vlookup(D11,Sheet4!$G$1:$I$11,3,false) -> 147517.64 | I11: {=XLOOKUP(D11, 'Data jarak '!$A$2:$A$11, XLOOKUP(E11, 'Data jarak '!$B$1:$K$1, 'Data jarak '!$B$2:$K$11))} -> 525.4495 | J11: =I11*$B$5*(G11+H11) -> 1563994657 | M11: P1 | N11: P6 | O11: P8 | P11: 29375.52 | Q11: 475.5078 | R11: {=XLOOKUP(N11, 'Data jarak '!$A$2:$A$11, XLOOKUP(O11, 'Data jarak '!$B$1:$K$1, 'Data jarak '!$B$2:$K$11))} -> 475.5078 | S11: =P11*R11*$B$4*$B$5 -> 157143250
A12: P4 | B12: 0 | D12: P5 | E12: P6 | F12: 1 | G12: =vlookup(D12,Sheet4!$G$1:$I$11,2,false) -> 40906.08 | H12: =vlookup(D12,Sheet4!$G$1:$I$11,3,false) -> 49314.56 | I12: {=XLOOKUP(D12, 'Data jarak '!$A$2:$A$11, XLOOKUP(E12, 'Data jarak '!$B$1:$K$1, 'Data jarak '!$B$2:$K$11))} -> 176.4669 | J12: =I12*$B$5*(G12+H12) -> 2.3881435e+08 | M12: P2 | N12: P6 | O12: P1 | P12: 1517.87 | Q12: 1362.6505 | R12: {=XLOOKUP(N12, 'Data jarak '!$A$2:$A$11, XLOOKUP(O12, 'Data jarak '!$B$1:$K$1, 'Data jarak '!$B$2:$K$11))} -> 1362.65 | S12: =P12*R12*$B$4*$B$5 -> 23268662
A13: P5 | B13: 0 | D13: P7 | E13: P8 | F13: 1 | G13: =vlookup(D13,Sheet4!$G$1:$I$11,2,false) -> 75267.84 | H13: =vlookup(D13,Sheet4!$G$1:$I$11,3,false) -> 44041.76 | I13: {=XLOOKUP(D13, 'Data jarak '!$A$2:$A$11, XLOOKUP(E13, 'Data jarak '!$B$1:$K$1, 'Data jarak '!$B$2:$K$11))} -> 186.18 | J13: =I13*$B$5*(G13+H13) -> 3.3319592e+08 | M13: P2 | N13: P6 | O13: P8 | P13: 16491.14 | Q13: 475.5078 | R13: {=XLOOKUP(N13, 'Data jarak '!$A$2:$A$11, XLOOKUP(O13, 'Data jarak '!$B$1:$K$1, 'Data jarak '!$B$2:$K$11))} -> 475.5078 | S13: =P13*R13*$B$4*$B$5 -> 88218739
A14: P6 | B14: 1 | D14: P9 | E14: P8 | F14: 1 | G14: =vlookup(D14,Sheet4!$G$1:$I$11,2,false) -> 13888.29 | H14: =vlookup(D14,Sheet4!$G$1:$I$11,3,false) -> 44428.77 | I14: {=XLOOKUP(D14, 'Data jarak '!$A$2:$A$11, XLOOKUP(E14, 'Data jarak '!$B$1:$K$1, 'Data jarak '!$B$2:$K$11))} -> 403.0102 | J14: =I14*$B$5*(G14+H14) -> 3.5253555e+08 | M14: P2 | N14: P8 | O14: P10 | P14: 4136.76 | Q14: 658.2451 | R14: {=XLOOKUP(N14, 'Data jarak '!$A$2:$A$11, XLOOKUP(O14, 'Data jarak '!$B$1:$K$1, 'Data jarak '!$B$2:$K$11))} -> 658.2451 | S14: =P14*R14*$B$4*$B$5 -> 30633772
A15: P7 | B15: 0 | M15: P3 | N15: P6 | O15: P1 | P15: 881.92 | Q15: 1362.6505 | R15: {=XLOOKUP(N15, 'Data jarak '!$A$2:$A$11, XLOOKUP(O15, 'Data jarak '!$B$1:$K$1, 'Data jarak '!$B$2:$K$11))} -> 1362.65 | S15: =P15*R15*$B$4*$B$5 -> 13519668
A16: P8 | B16: 1 | M16: P3 | N16: P6 | O16: P8 | P16: 18777.63 | Q16: 475.5078 | R16: {=XLOOKUP(N16, 'Data jarak '!$A$2:$A$11, XLOOKUP(O16, 'Data jarak '!$B$1:$K$1, 'Data jarak '!$B$2:$K$11))} -> 475.5078 | S16: =P16*R16*$B$4*$B$5 -> 1.0045023e+08
A17: P9 | B17: 0 | M17: P3 | N17: P8 | O17: P10 | P17: 2415.04 | Q17: 658.2451 | R17: {=XLOOKUP(N17, 'Data jarak '!$A$2:$A$11, XLOOKUP(O17, 'Data jarak '!$B$1:$K$1, 'Data jarak '!$B$2:$K$11))} -> 658.2451 | S17: =P17*R17*$B$4*$B$5 -> 17883993
A18: P10 | B18: 1 | M18: P4 | N18: P6 | O18: P1 | P18: 2877.88 | Q18: 1362.6505 | R18: {=XLOOKUP(N18, 'Data jarak '!$A$2:$A$11, XLOOKUP(O18, 'Data jarak '!$B$1:$K$1, 'Data jarak '!$B$2:$K$11))} -> 1362.65 | S18: =P18*R18*$B$4*$B$5 -> 44117361
M19: P4 | N19: P6 | O19: P8 | P19: 33614.57 | Q19: 475.5078 | R19: {=XLOOKUP(N19, 'Data jarak '!$A$2:$A$11, XLOOKUP(O19, 'Data jarak '!$B$1:$K$1, 'Data jarak '!$B$2:$K$11))} -> 475.5078 | S19: =P19*R19*$B$4*$B$5 -> 1.7981989e+08
A20: Validasi Routing | M20: P4 | N20: P8 | O20: P10 | P20: 12387.4 | Q20: 658.2451 | R20: {=XLOOKUP(N20, 'Data jarak '!$A$2:$A$11, XLOOKUP(O20, 'Data jarak '!$B$1:$K$1, 'Data jarak '!$B$2:$K$11))} -> 658.2451 | S20: =P20*R20*$B$4*$B$5 -> 91731885
A21: Pelabuhan Asal | B21: Pelabuhan Tujuan | C21: Hub Awal | D21: Antar Hub | E21: Hub Akhir | F21: Status | M21: P5 | N21: P6 | O21: P1 | P21: 1916.56 | Q21: 1362.6505 | R21: {=XLOOKUP(N21, 'Data jarak '!$A$2:$A$11, XLOOKUP(O21, 'Data jarak '!$B$1:$K$1, 'Data jarak '!$B$2:$K$11))} -> 1362.65 | S21: =P21*R21*$B$4*$B$5 -> 29380505
A22: P1 | B22: P10 | C22: P4 | D22: Ada | E22: P8 | F22: Valid | M22: P5 | N22: P6 | O22: P8 | P22: 28444.6 | Q22: 475.5078 | R22: {=XLOOKUP(N22, 'Data jarak '!$A$2:$A$11, XLOOKUP(O22, 'Data jarak '!$B$1:$K$1, 'Data jarak '!$B$2:$K$11))} -> 475.5078 | S22: =P22*R22*$B$4*$B$5 -> 1.5216333e+08
A23: P3 | B23: P8 | C23: P6 | D23: Ada | E23: P8 | F23: Valid | M23: P5 | N23: P8 | O23: P10 | P23: 5911.52 | Q23: 658.2451 | R23: {=XLOOKUP(N23, 'Data jarak '!$A$2:$A$11, XLOOKUP(O23, 'Data jarak '!$B$1:$K$1, 'Data jarak '!$B$2:$K$11))} -> 658.2451 | S23: =P23*R23*$B$4*$B$5 -> 43776327
A24: P5 | B24: P6 | C24: P6 | D24: Ada | E24: P6 | F24: Valid | M24: P6 | N24: P6 | O24: P1 | P24: 2334.6 | Q24: 1362.6505 | R24: {=XLOOKUP(N24, 'Data jarak '!$A$2:$A$11, XLOOKUP(O24, 'Data jarak '!$B$1:$K$1, 'Data jarak '!$B$2:$K$11))} -> 1362.65 | S24: =P24*R24*$B$4*$B$5 -> 35788980
A25: P7 | B25: P4 | C25: P8 | D25: Ada | E25: P4 | F25: Valid | M25: P6 | N25: P6 | O25: P8 | P25: 44722.79 | Q25: 475.5078 | R25: {=XLOOKUP(N25, 'Data jarak '!$A$2:$A$11, XLOOKUP(O25, 'Data jarak '!$B$1:$K$1, 'Data jarak '!$B$2:$K$11))} -> 475.5078 | S25: =P25*R25*$B$4*$B$5 -> 2.392429e+08
A26: P9 | B26: P2 | C26: P8 | D26: Ada | E26: P4 | F26: Valid | M26: P6 | N26: P8 | O26: P10 | P26: 6665.76 | Q26: 658.2451 | R26: {=XLOOKUP(N26, 'Data jarak '!$A$2:$A$11, XLOOKUP(O26, 'Data jarak '!$B$1:$K$1, 'Data jarak '!$B$2:$K$11))} -> 658.2451 | S26: =P26*R26*$B$4*$B$5 -> 49361668
M27: P7 | N27: P6 | O27: P1 | P27: 2873.96 | Q27: 1362.6505 | R27: {=XLOOKUP(N27, 'Data jarak '!$A$2:$A$11, XLOOKUP(O27, 'Data jarak '!$B$1:$K$1, 'Data jarak '!$B$2:$K$11))} -> 1362.65 | S27: =P27*R27*$B$4*$B$5 -> 44057268
M28: P7 | N28: P8 | O28: P6 | P28: 48204.01 | Q28: 475.5078 | R28: {=XLOOKUP(N28, 'Data jarak '!$A$2:$A$11, XLOOKUP(O28, 'Data jarak '!$B$1:$K$1, 'Data jarak '!$B$2:$K$11))} -> 475.5078 | S28: =P28*R28*$B$4*$B$5 -> 2.5786556e+08
M29: P7 | N29: P8 | O29: P10 | P29: 8546.4 | Q29: 658.2451 | R29: {=XLOOKUP(N29, 'Data jarak '!$A$2:$A$11, XLOOKUP(O29, 'Data jarak '!$B$1:$K$1, 'Data jarak '!$B$2:$K$11))} -> 658.2451 | S29: =P29*R29*$B$4*$B$5 -> 63288292
M30: P8 | N30: P6 | O30: P1 | P30: 30724.48 | Q30: 1362.6505 | R30: {=XLOOKUP(N30, 'Data jarak '!$A$2:$A$11, XLOOKUP(O30, 'Data jarak '!$B$1:$K$1, 'Data jarak '!$B$2:$K$11))} -> 1362.65 | S30: =P30*R30*$B$4*$B$5 -> 4.7100052e+08
M31: P8 | N31: P8 | O31: P6 | P31: 279223.18 | Q31: 475.5078 | R31: {=XLOOKUP(N31, 'Data jarak '!$A$2:$A$11, XLOOKUP(O31, 'Data jarak '!$B$1:$K$1, 'Data jarak '!$B$2:$K$11))} -> 475.5078 | S31: =P31*R31*$B$4*$B$5 -> 1493694000
M32: P8 | N32: P8 | O32: P10 | P32: 101245.44 | Q32: 658.2451 | R32: {=XLOOKUP(N32, 'Data jarak '!$A$2:$A$11, XLOOKUP(O32, 'Data jarak '!$B$1:$K$1, 'Data jarak '!$B$2:$K$11))} -> 658.2451 | S32: =P32*R32*$B$4*$B$5 -> 7.4974854e+08
M33: P9 | N33: P6 | O33: P1 | P33: 535.69 | Q33: 1362.6505 | R33: {=XLOOKUP(N33, 'Data jarak '!$A$2:$A$11, XLOOKUP(O33, 'Data jarak '!$B$1:$K$1, 'Data jarak '!$B$2:$K$11))} -> 1362.65 | S33: =P33*R33*$B$4*$B$5 -> 8212027.3
M34: P9 | N34: P8 | O34: P6 | P34: 7151.68 | Q34: 475.5078 | R34: {=XLOOKUP(N34, 'Data jarak '!$A$2:$A$11, XLOOKUP(O34, 'Data jarak '!$B$1:$K$1, 'Data jarak '!$B$2:$K$11))} -> 475.5078 | S34: =P34*R34*$B$4*$B$5 -> 38257646
M35: P9 | N35: P8 | O35: P10 | P35: 1785.4 | Q35: 658.2451 | R35: {=XLOOKUP(N35, 'Data jarak '!$A$2:$A$11, XLOOKUP(O35, 'Data jarak '!$B$1:$K$1, 'Data jarak '!$B$2:$K$11))} -> 658.2451 | S35: =P35*R35*$B$4*$B$5 -> 13221347
M36: P10 | N36: P8 | O36: P6 | P36: 65423.14 | Q36: 475.5078 | R36: {=XLOOKUP(N36, 'Data jarak '!$A$2:$A$11, XLOOKUP(O36, 'Data jarak '!$B$1:$K$1, 'Data jarak '!$B$2:$K$11))} -> 475.5078 | S36: =P36*R36*$B$4*$B$5 -> 3.4997865e+08
M37: P10 | N37: P10 | O37: P1 | P37: 29981.56 | Q37: 2382.4112 | R37: {=XLOOKUP(N37, 'Data jarak '!$A$2:$A$11, XLOOKUP(O37, 'Data jarak '!$B$1:$K$1, 'Data jarak '!$B$2:$K$11))} -> 2382.411 | S37: =P37*R37*$B$4*$B$5 -> 8.0356948e+08
M38: P10 | N38: P10 | O38: P8 | P38: 126353.68 | Q38: 658.2451 | R38: {=XLOOKUP(N38, 'Data jarak '!$A$2:$A$11, XLOOKUP(O38, 'Data jarak '!$B$1:$K$1, 'Data jarak '!$B$2:$K$11))} -> 658.2451 | S38: =P38*R38*$B$4*$B$5 -> 9.3568152e+08

Sheet Cycle Hub_MA
D1: Obj 1 | E1: Obj 2 | F1: Obj 3 | I1: Cplex
C2: Objective Function | D2: =sum(H8:H23) -> 1557482849 | E2: =sum(P8:P31) -> 8314943956 | F2: =sum(W8:W97) -> 2441143640 | G2: =sum(D2:F2) -> 12313570446 | I2: 12313570417 | J2: =G2-I2 -> 28.606628
A3: Cs | B3: 15 | G3: valid
A4: Alpha | B4: 0.75
A6: Hub | D6: Assignment | K6: Flow(Xikm) | R6: Flow(Xijm) | Y6: Validasi Routing
A7: Node | B7: is_hub | D7: Origin | E7: Hub | F7: Flow | G7: dist | H7: Cost | K7: Origin_i | L7: Hub_from_k | M7: Hub_to_m | N7: Y_ikm | O7: dist_km | P7: Cost | R7: Origin | S7: Destination | T7: Hub | U7: Flow | V7: dist | W7: Cost | Y7: Pelabuhan Asal | Z7: Pelabuhan Tujuan | AA7: Hub Awal | AB7: Antar Hub | AC7: Hub Akhir | AD7: Status
A8: P1 | B8: 1 | D8: P1 | E8: P1 | F8: 125092.16 | G8: 0 | H8: =$B$3*F8*G8 -> 0 | K8: P1 | L8: P1 | M8: P6 | N8: 10334.68 | O8: 1362.6505 | P8: =$B$3*$B$4*N8*O8 -> 1.5842876e+08 | R8: P1 | S8: P2 | T8: P1 | U8: 1460.8 | V8: 404.8972 | W8: =$B$3*U8*V8 -> 8872107.4 | Y8: P1 | Z8: P10 | AA8: P4 | AB8: Ada | AC8: P10 | AD8: Valid
A9: P2 | B9: 0 | D9: P2 | E9: P1 | F9: 5761.96 | G9: 404.8972 | H9: =$B$3*F9*G9 -> 34995022 | K9: P1 | L9: P1 | M9: P8 | N9: 26992.84 | O9: 1810.4951 | P9: =$B$3*$B$4*N9*O9 -> 5.4979205e+08 | R9: P1 | S9: P3 | T9: P1 | U9: 1864.4 | V9: 1061.8687 | W9: =$B$3*U9*V9 -> 29696220 | Y9: P3 | Z9: P8 | AA9: P8 | AB9: Tidak | AC9: P8 | AD9: Valid
A10: P3 | B10: 0 | D10: P2 | E10: P6 | F10: 25230.78 | G10: 966.6815 | H10: =$B$3*F10*G10 -> 3.6585192e+08 | K10: P1 | L10: P1 | M10: P10 | N10: 70439.32 | O10: 2382.4112 | P10: =$B$3*$B$4*N10*O10 -> 1887923530 | R10: P1 | S10: P4 | T10: P1 | U10: 11535.68 | V10: 909.2041 | W10: =$B$3*U10*V10 -> 1.5732431e+08 | Y10: P5 | Z10: P6 | AA10: P6 | AB10: Tidak | AC10: P6 | AD10: Valid
A11: P4 | B11: 0 | D11: P3 | E11: P1 | F11: 881.92 | G11: 1061.8687 | H11: =$B$3*F11*G11 -> 14047249 | K11: P2 | L11: P6 | M11: P8 | N11: 9718.65 | O11: 475.5078 | P11: =$B$3*$B$4*N11*O11 -> 51989556 | R11: P1 | S11: P5 | T11: P1 | U11: 2464.44 | V11: 1187.8262 | W11: =$B$3*U11*V11 -> 43909896 | Y11: P7 | Z11: P4 | AA11: P4 | AB11: Tidak | AC11: P4 | AD11: Valid
A12: P5 | B12: 0 | D12: P3 | E12: P6 | F12: 26483.44 | G12: 397.4792 | H12: =$B$3*F12*G12 -> 1.5789925e+08 | K12: P2 | L12: P6 | M12: P10 | N12: 4136.76 | O12: 1024.7901 | P12: =$B$3*$B$4*N12*O12 -> 47692245 | R12: P1 | S12: P6 | T12: P6 | U12: 7952 | V12: 0 | W12: =$B$3*U12*V12 -> 0 | Y12: P9 | Z12: P2 | AA12: P8 | AB12: Ada | AC12: P4 | AD12: Valid
A13: P6 | B13: 1 | D13: P4 | E13: P1 | F13: 5715.23 | G13: 909.2041 | H13: =$B$3*F13*G13 -> 77944658 | K13: P3 | L13: P6 | M13: P8 | N13: 5883.31 | O13: 475.5078 | P13: =$B$3*$B$4*N13*O13 -> 31472548 | R13: P1 | S13: P7 | T13: P6 | U13: 2382.68 | V13: 356.1662 | W13: =$B$3*U13*V13 -> 12729451
A14: P7 | B14: 0 | D14: P4 | E14: P6 | F14: 45199.73 | G14: 525.4495 | H14: =$B$3*F14*G14 -> 3.5625263e+08 | K14: P3 | L14: P6 | M14: P10 | N14: 2415.04 | O14: 1024.7901 | P14: =$B$3*$B$4*N14*O14 -> 27842727 | R14: P1 | S14: P8 | T14: P8 | U14: 24726.24 | V14: 0 | W14: =$B$3*U14*V14 -> 0
A15: P8 | B15: 1 | D15: P5 | E15: P1 | F15: 1916.56 | G15: 1187.8262 | H15: =$B$3*F15*G15 -> 34148103 | K15: P4 | L15: P6 | M15: P8 | N15: 18203.37 | O15: 475.5078 | P15: =$B$3*$B$4*N15*O15 -> 97378250 | R15: P1 | S15: P9 | T15: P8 | U15: 2266.6 | V15: 403.0102 | W15: =$B$3*U15*V15 -> 13701944
A16: P9 | B16: 0 | D16: P5 | E16: P6 | F16: 38989.52 | G16: 176.4669 | H16: =$B$3*F16*G16 -> 1.032054e+08 | K16: P4 | L16: P6 | M16: P10 | N16: 12387.4 | O16: 1024.7901 | P16: =$B$3*$B$4*N16*O16 -> 142812955 | R16: P1 | S16: P10 | T16: P10 | U16: 70439.32 | V16: 0 | W16: =$B$3*U16*V16 -> 0
A17: P10 | B17: 1 | D17: P6 | E17: P6 | F17: 64470.2 | G17: 0 | H17: =$B$3*F17*G17 -> 0 | K17: P5 | L17: P6 | M17: P8 | N17: 21555.56 | O17: 475.5078 | P17: =$B$3*$B$4*N17*O17 -> 1.1531067e+08 | R17: P2 | S17: P1 | T17: P1 | U17: 1517.87 | V17: 0 | W17: =$B$3*U17*V17 -> 0
D18: P7 | E18: P6 | F18: 48204.01 | G18: 356.1662 | H18: =$B$3*F18*G18 -> 257529586 | K18: P5 | L18: P6 | M18: P10 | N18: 5911.52 | O18: 1024.7901 | P18: =$B$3*$B$4*N18*O18 -> 68153256 | R18: P2 | S18: P3 | T18: P6 | U18: 1940.46 | V18: 397.4792 | W18: =$B$3*U18*V18 -> 11569387
D19: P7 | E19: P8 | F19: 27063.83 | G19: 186.18 | H19: =$B$3*F19*G19 -> 75581158 | K19: P6 | L19: P6 | M19: P1 | N19: 2334.6 | O19: 1362.6505 | P19: =$B$3*$B$4*N19*O19 -> 35788993 | R19: P2 | S19: P4 | T19: P1 | U19: 4244.09 | V19: 909.2041 | W19: =$B$3*U19*V19 -> 57881160
D20: P8 | E20: P8 | F20: 420950.08 | G20: 0 | H20: =$B$3*F20*G20 -> 0 | K20: P6 | L20: P6 | M20: P8 | N20: 35521.71 | O20: 475.5078 | P20: =$B$3*$B$4*N20*O20 -> 1.9002206e+08 | R20: P2 | S20: P5 | T20: P6 | U20: 547.44 | V20: 176.4669 | W20: =$B$3*U20*V20 -> 1449075.6
D21: P9 | E21: P8 | F21: 12102.89 | G21: 403.0102 | H21: =$B$3*F21*G21 -> 73163822 | K21: P6 | L21: P6 | M21: P10 | N21: 6665.76 | O21: 1024.7901 | P21: =$B$3*$B$4*N21*O21 -> 76848805 | R21: P2 | S21: P6 | T21: P6 | U21: 6251.74 | V21: 0 | W21: =$B$3*U21*V21 -> 0
D22: P9 | E22: P10 | F22: 1785.4 | G22: 256.303 | H22: =$B$3*F22*G22 -> 6864050.6 | K22: P7 | L22: P6 | M22: P1 | N22: 2873.96 | O22: 1362.6505 | P22: =$B$3*$B$4*N22*O22 -> 44057284 | R22: P2 | S22: P7 | T22: P6 | U22: 2635.73 | V22: 356.1662 | W22: =$B$3*U22*V22 -> 14081369
D23: P10 | E23: P10 | F23: 156335.24 | G23: 0 | H23: =$B$3*F23*G23 -> 0 | K23: P7 | L23: P8 | M23: P10 | N23: 8546.4 | O23: 658.2451 | P23: =$B$3*$B$4*N23*O23 -> 63288292 | R23: P2 | S23: P8 | T23: P8 | U23: 6039.82 | V23: 0 | W23: =$B$3*U23*V23 -> 0
K24: P8 | L24: P8 | M24: P1 | N24: 30724.48 | O24: 1810.4951 | P24: =$B$3*$B$4*N24*O24 -> 6.2579836e+08 | R24: P2 | S24: P9 | T24: P8 | U24: 3678.83 | V24: 403.0102 | W24: =$B$3*U24*V24 -> 22239090
K25: P8 | L25: P8 | M25: P6 | N25: 248498.7 | O25: 475.5078 | P25: =$B$3*$B$4*N25*O25 -> 1329334539 | R25: P2 | S25: P10 | T25: P10 | U25: 4136.76 | V25: 0 | W25: =$B$3*U25*V25 -> 0
K26: P8 | L26: P8 | M26: P10 | N26: 101245.44 | O26: 658.2451 | P26: =$B$3*$B$4*N26*O26 -> 7.4974854e+08 | R26: P3 | S26: P1 | T26: P1 | U26: 881.92 | V26: 0 | W26: =$B$3*U26*V26 -> 0
K27: P9 | L27: P8 | M27: P1 | N27: 535.69 | O27: 1810.4951 | P27: =$B$3*$B$4*N27*O27 -> 10910971 | R27: P3 | S27: P2 | T27: P6 | U27: 768.89 | V27: 966.6815 | W27: =$B$3*U27*V27 -> 11149076
K28: P9 | L28: P8 | M28: P6 | N28: 6615.99 | O28: 475.5078 | P28: =$B$3*$B$4*N28*O28 -> 35391992 | R28: P3 | S28: P4 | T28: P6 | U28: 2095.4 | V28: 525.4495 | W28: =$B$3*U28*V28 -> 16515403
K29: P10 | L29: P10 | M29: P1 | N29: 29981.56 | O29: 2382.4112 | P29: =$B$3*$B$4*N29*O29 -> 8.0356955e+08 | R29: P3 | S29: P5 | T29: P6 | U29: 575.8 | V29: 176.4669 | W29: =$B$3*U29*V29 -> 1524144.6
K30: P10 | L30: P10 | M30: P6 | N30: 65423.14 | O30: 1024.7901 | P30: =$B$3*$B$4*N30*O30 -> 7.5425609e+08 | R30: P3 | S30: P6 | T30: P6 | U30: 4265.72 | V30: 0 | W30: =$B$3*U30*V30 -> 0
K31: P10 | L31: P10 | M31: P8 | N31: 56329.16 | O31: 658.2451 | P31: =$B$3*$B$4*N31*O31 -> 4.1713193e+08 | R31: P3 | S31: P7 | T31: P6 | U31: 10479.28 | V31: 356.1662 | W31: =$B$3*U31*V31 -> 55985480
R32: P3 | S32: P8 | T32: P8 | U32: 5041.36 | V32: 0 | W32: =$B$3*U32*V32 -> 0
R33: P3 | S33: P9 | T33: P8 | U33: 841.95 | V33: 403.0102 | W33: =$B$3*U33*V33 -> 5089716.6
R34: P3 | S34: P10 | T34: P10 | U34: 2415.04 | V34: 0 | W34: =$B$3*U34*V34 -> 0
R35: P4 | S35: P1 | T35: P1 | U35: 2877.88 | V35: 0 | W35: =$B$3*U35*V35 -> 0
R36: P4 | S36: P2 | T36: P1 | U36: 2837.35 | V36: 404.8972 | W36: =$B$3*U36*V36 -> 17232526
R37: P4 | S37: P3 | T37: P6 | U37: 2340.64 | V37: 397.4792 | W37: =$B$3*U37*V37 -> 13955336
R38: P4 | S38: P5 | T38: P6 | U38: 1346.84 | V38: 176.4669 | W38: =$B$3*U38*V38 -> 3565090.2
R39: P4 | S39: P6 | T39: P6 | U39: 7897.68 | V39: 0 | W39: =$B$3*U39*V39 -> 0
R40: P4 | S40: P7 | T40: P6 | U40: 3023.8 | V40: 356.1662 | W40: =$B$3*U40*V40 -> 16154630
R41: P4 | S41: P8 | T41: P8 | U41: 15699.2 | V41: 0 | W41: =$B$3*U41*V41 -> 0
R42: P4 | S42: P9 | T42: P8 | U42: 2504.17 | V42: 403.0102 | W42: =$B$3*U42*V42 -> 15138091
R43: P4 | S43: P10 | T43: P10 | U43: 12387.4 | V43: 0 | W43: =$B$3*U43*V43 -> 0
... R97: P10 | S97: P9 | T97: P10 | U97: 4601.38 | V97: 256.303 | W97: =$B$3*U97*V97 -> 17690212

Sheet Copy of Cycle Hub_MA
E1: Obj 1 | F1: Obj 2 | G1: Obj 3 | J1: Cplex
D2: Objective Function | E2: =sum(I9:I37) -> 9313978460420 | F2: =sum(Q9:Q131) -> 5179905733031 | G2: =sum(X9:X561) -> 8660391495484 | H2: =sum(E2:G2)+sum(E4:F4) -> 27249275688935 | J2: 4.7000625e+16 | K2: =H2-J2 -> -4.69734e+16
A3: H | B3: 500000000000
A4: S | B4: 55000000000 | E4: =sum(C9:C32) -> 2500000000000 | F4: =sum(D9:D32)+sum(D41:D316) -> 1595000000000 | H4: valid
A5: Alpha | B5: 0.2
A7: Hub | E7: Assignment | L7: Flow(Xikm) | S7: Flow(Xijm) | Z7: Validasi Routing
A8: Node | B8: is_hub | C8: cost | D8: cost spoke edge | E8: Origin | F8: Hub | G8: Flow | H8: dist | I8: cost | L8: Origin_i | M8: Hub_from_k | N8: Hub_to_m | O8: Y_ikm | P8: dist_km | Q8: cost | S8: Origin | T8: Destination | U8: Hub | V8: Flow | W8: dist | X8: cost | Z8: Pelabuhan Asal | AA8: Pelabuhan Tujuan | AB8: Hub Awal | AC8: Antar Hub | AD8: Hub Akhir | AE8: Status
A9: P1 | B9: 0 | C9: =B9*$B$3 -> 0 | D9: =$B$4 -> 55000000000 | E9: P1 | F9: P6 | G9: 219823.16 | H9: 1362.6505 | I9: 1274510000000 | L9: P1 | M9: P6 | N9: P8 | O9: 99814.84 | P9: 475.5078 | Q9: 40389360452 | S9: P1 | T9: P2 | U9: P6 | V9: 1460.8 | W9: 966.6815 | X9: 6008393992 | Z9: P1 | AA9: P10 | AB9: P4 | AC9: Ada | AD9: P10 | AE9: Valid
A10: P2 | B10: 0 | C10: =B10*$B$3 -> 0 | D10: =$B$4 -> 55000000000 | E10: P2 | F10: P6 | G10: 113722.62 | H10: 966.6815 | I10: 467751000000 | L10: P1 | M10: P6 | N10: P12 | O10: 89668.72 | P10: 894.5228 | Q10: 68256908217 | S10: P1 | T10: P3 | U10: P6 | V10: 1864.4 | W10: 397.4792 | X10: 3153099705 | Z10: P3 | AA10: P8 | AB10: P8 | AC10: Tidak | AD10: P8 | AE10: Valid
A11: P3 | B11: 0 | C11: =B11*$B$3 -> 0 | D11: =$B$4 -> 55000000000 | E11: P3 | F11: P6 | G11: 127542.2 | H11: 397.4792 | I11: 215701000000 | L11: P1 | M11: P12 | N11: P13 | O11: 89668.72 | P11: 197.4577 | Q11: 17598160367 | S11: P1 | T11: P4 | U11: P6 | V11: 11535.68 | W11: 525.4495 | X11: 25790422438 | Z11: P5 | AA11: P6 | AB11: P6 | AC11: Tidak | AD11: P6 | AE11: Valid
A12: P4 | B12: 0 | C12: =B12*$B$3 -> 0 | D12: =$B$4 -> 55000000000 | E12: P4 | F12: P6 | G12: 149109.44 | H12: 525.4495 | I12: 333365000000 | L12: P1 | M12: P13 | N12: P15 | O12: 21022.32 | P12: 424.516 | Q12: 5948302863 | S12: P1 | T12: P5 | U12: P6 | V12: 2464.44 | W12: 176.4669 | X12: 1850400765 | Z12: P7 | AA12: P4 | AB12: P4 | AC12: Tidak | AD12: P4 | AE12: Valid
A13: P5 | B13: 0 | C13: =B13*$B$3 -> 0 | D13: =$B$4 -> 55000000000 | E13: P5 | F13: P6 | G13: 92596.28 | H13: 176.4669 | I13: 69525014752 | L13: P1 | M13: P13 | N13: P21 | O13: 14268.56 | P13: 1497.2162 | Q13: 14239117068 | S13: P1 | T13: P6 | U13: P6 | V13: 7952 | W13: 0 | X13: 0 | Z13: P9 | AA13: P2 | AB13: P8 | AC13: Ada | AD13: P4 | AE13: Valid
A14: P6 | B14: 1 | C14: =B14*$B$3 -> 500000000000 | D14: =$B$4 -> 55000000000 | E14: P6 | F14: P6 | G14: 356464.08 | H14: 0 | I14: 0 | L14: P2 | M14: P6 | N14: P8 | O14: 16491.14 | P14: 475.5078 | Q14: 6673021744 | S14: P1 | T14: P7 | U14: P8 | V14: 2382.68 | W14: 186.18 | X14: 1887482629
A15: P7 | B15: 0 | C15: =B15*$B$3 -> 0 | D15: =$B$4 -> 55000000000 | E15: P7 | F15: P8 | G15: 314649.32 | H15: 186.18 | I15: 249255000000 | L15: P2 | M15: P6 | N15: P12 | O15: 79640.84 | P15: 894.5228 | Q15: 60623565344 | S15: P1 | T15: P8 | U15: P8 | V15: 24726.24 | W15: 0 | X15: 0
A16: P8 | B16: 1 | C16: =B16*$B$3 -> 500000000000 | D16: =$B$4 -> 55000000000 | E16: P8 | F16: P8 | G16: 1366604.9 | H16: 0 | I16: 0 | L16: P2 | M16: P12 | N16: P13 | O16: 79640.84 | P16: 197.4577 | Q16: 15630113535 | S16: P1 | T16: P9 | U16: P8 | V16: 2266.6 | W16: 403.0102 | X16: 3886647833
A17: P9 | B17: 0 | C17: =B17*$B$3 -> 0 | D17: =$B$4 -> 55000000000 | E17: P9 | F17: P8 | G17: 42730.01 | H17: 403.0102 | I17: 73271199487 | L17: P2 | M17: P13 | N17: P15 | O17: 24288.99 | P17: 424.516 | Q17: 6872612954 | S17: P1 | T17: P10 | U17: P8 | V17: 70439.32 | W17: 658.2451 | X17: 197282000000
A18: P10 | B18: 0 | C18: =B18*$B$3 -> 0 | D18: =$B$4 -> 55000000000 | E18: P10 | F18: P8 | G18: 171260.44 | H18: 658.2451 | I18: 479655000000 | L18: P2 | M18: P13 | N18: P21 | O18: 12204.63 | P18: 1497.2162 | Q18: 12179445953 | S18: P1 | T18: P11 | U18: P6 | V18: 5062.28 | W18: 541.8429 | X18: 11670886339
A19: P11 | B19: 0 | C19: =B19*$B$3 -> 0 | D19: =$B$4 -> 55000000000 | E19: P10 | F19: P13 | G19: 190604.6 | H19: 478.0437 | I19: 452818000000 | L19: P3 | M19: P6 | N19: P8 | O19: 18777.63 | P19: 475.5078 | Q19: 7598233554 | S19: P1 | T19: P12 | U19: P13 | V19: 17666.92 | W19: 197.4577 | X19: 17336329288
A20: P12 | B20: 0 | C20: =B20*$B$3 -> 0 | D20: =$B$4 -> 55000000000 | E20: P11 | F20: P6 | G20: 52154.96 | H20: 541.8429 | I20: 120241000000 | L20: P3 | M20: P6 | N20: P12 | O20: 96781.92 | P20: 894.5228 | Q20: 73671561616 | S20: P1 | T20: P13 | U20: P13 | V20: 26383 | W20: 0 | X20: 0
A21: P13 | B21: 1 | C21: =B21*$B$3 -> 500000000000 | D21: =$B$4 -> 55000000000 | E21: P12 | F21: P13 | G21: 995865.48 | H21: 197.4577 | I21: 977230000000 | L21: P3 | M21: P12 | N21: P13 | O21: 96781.92 | P21: 197.4577 | Q21: 18994179339 | S21: P1 | T21: P14 | U21: P15 | V21: 1764.88 | W21: 79.8162 | X21: 469455920
A22: P14 | B22: 0 | C22: =B22*$B$3 -> 0 | D22: =$B$4 -> 55000000000 | E22: P13 | F22: P13 | G22: 1029824.1 | H22: 0 | I22: 0 | L22: P3 | M22: P13 | N22: P15 | O22: 48637.72 | P22: 424.516 | Q22: 13762129447 | S22: P1 | T22: P15 | U22: P15 | V22: 17456.68 | W22: 0 | X22: 0
A23: P15 | B23: 1 | C23: =B23*$B$3 -> 500000000000 | D23: =$B$4 -> 55000000000 | E23: P14 | F23: P15 | G23: 62587.04 | H23: 79.8162 | I23: 16648076042 | L23: P3 | M23: P13 | N23: P21 | O23: 7862.68 | P23: 1497.2162 | Q23: 7846455493 | S23: P1 | T23: P16 | U23: P15 | V23: 1290.08 | W23: 294.9322 | X23: 1268023210
A24: P16 | B24: 0 | C24: =B24*$B$3 -> 0 | D24: =$B$4 -> 55000000000 | E24: P15 | F24: P15 | G24: 1162580.2 | H24: 0 | I24: 0 | L24: P4 | M24: P6 | N24: P8 | O24: 33614.57 | P24: 475.5078 | Q24: 13601895111 | S24: P1 | T24: P17 | U24: P13 | V24: 5868.64 | W24: 573.6388 | X24: 11219265055
A25: P17 | B25: 0 | C25: =B25*$B$3 -> 0 | D25: =$B$4 -> 55000000000 | E25: P16 | F25: P15 | G25: 134893.6 | H25: 294.9322 | I25: 132587000000 | L25: P4 | M25: P6 | N25: P12 | O25: 93108.8 | P25: 894.5228 | Q25: 70875538491 | S25: P1 | T25: P18 | U25: P15 | V25: 510.68 | W25: 706.8772 | X25: 1203043226
... A32: P24 | B32: 0 | C32: =B32*$B$3 -> 0 | D32: =$B$4 -> 55000000000 | E32: P20 | F32: P15 | G32: 81896 | H32: 1278.2377 | I32: 348869000000 | L32: P5 | M32: P13 | N32: P15 | O32: 9874.32 | P32: 424.516 | Q32: 2793956420 | S32: P2 | T32: P1 | U32: P6 | V32: 1517.87 | W32: 1362.6505 | X32: 8800418025
E33: P20 | F33: P21 | G33: 44084.08 | H33: 1293.3731 | I33: 190018000000 | L33: P5 | M33: P13 | N33: P21 | O33: 8031.8 | P33: 1497.2162 | Q33: 8015226517 | S33: P2 | T33: P3 | U33: P6 | V33: 1940.46 | W33: 397.4792 | X33: 3281733455
E34: P21 | F34: P21 | G34: 190537.16 | H34: 0 | I34: 0 | L34: P6 | M34: P6 | N34: P8 | O34: 44722.79 | P34: 475.5078 | Q34: 18096756812 | S34: P2 | T34: P4 | U34: P6 | V34: 4244.09 | W34: 525.4495 | X34: 9488549783
E35: P22 | F35: P21 | G35: 221085.64 | H35: 505.2914 | I35: 372298000000 | L35: P6 | M35: P6 | N35: P12 | O35: 227959.72 | P35: 894.5228 | Q35: 173526000000 | S35: P2 | T35: P5 | U35: P6 | V35: 547.44 | W35: 176.4669 | X35: 4.1103999e+08
E36: P23 | F36: P21 | G36: 38461.84 | H36: 467.0651 | I36: 59868154933 | L36: P6 | M36: P12 | N36: P13 | O36: 227959.72 | P36: 197.4577 | Q36: 44738808693 | S36: P2 | T36: P6 | U36: P6 | V36: 6251.74 | W36: 0 | X36: 0
E37: P24 | F37: P21 | G37: 151429.12 | H37: 1526.6262 | I37: 770425000000 | L37: P6 | M37: P13 | N37: P15 | O37: 31482.84 | P37: 424.516 | Q37: 8908125616 | S37: P2 | T37: P7 | U37: P8 | V37: 2635.73 | W37: 186.18 | X37: 2087940718
L38: P6 | M38: P13 | N38: P21 | O38: 14448.88 | P38: 1497.2162 | Q38: 14419064981 | S38: P2 | T38: P8 | U38: P8 | V38: 6039.82 | W38: 0 | X38: 0
L39: P7 | M39: P8 | N39: P6 | O39: 56505.61 | P39: 475.5078 | Q39: 22864590574 | S39: P2 | T39: P9 | U39: P8 | V39: 3678.83 | W39: 403.0102 | X39: 6308266411
A40: Hub_from | B40: Hub_to | C40: y_km | D40: Cost | L40: P7 | M40: P8 | N40: P12 | O40: 231079.88 | P40: 781.4544 | Q40: 153667000000 | S40: P2 | T40: P10 | U40: P8 | V40: 4136.76 | W40: 658.2451 | X40: 11585965336
A41: P1 | B41: P2 | C41: 0 | D41: =C41*$B$4 -> 0 | L41: P7 | M41: P12 | N41: P13 | O41: 231079.88 | P41: 197.4577 | Q41: 45351163548 | S41: P2 | T41: P11 | U41: P6 | V41: 3089.04 | W41: 541.8429 | X41: 7121659556
A42: P1 | B42: P3 | C42: 0 | D42: =C42*$B$4 -> 0 | L42: P7 | M42: P13 | N42: P15 | O42: 85023 | P42: 424.516 | Q42: 24057409187 | S42: P2 | T42: P12 | U42: P13 | V42: 11953.54 | W42: 197.4577 | X42: 11729860417
A43: P1 | B43: P4 | C43: 0 | D43: =C43*$B$4 -> 0 | L43: P7 | M43: P13 | N43: P21 | O43: 32512.96 | P43: 1497.2162 | Q43: 32445870058 | S43: P2 | T43: P13 | U43: P13 | V43: 14690.17 | W43: 0 | X43: 0
A44: P1 | B44: P5 | C44: 0 | D44: =C44*$B$4 -> 0 | L44: P8 | M44: P8 | N44: P6 | O44: 353267.82 | P44: 475.5078 | Q44: 142947000000 | S44: P2 | T44: P14 | U44: P15 | V44: 1300.47 | W44: 79.8162 | X44: 3.4592343e+08
A45: P1 | B45: P6 | C45: 0 | D45: =C45*$B$4 -> 0 | L45: P8 | M45: P8 | N45: P12 | O45: 871610.2 | P45: 781.4544 | Q45: 579616000000 | S45: P2 | T45: P15 | U45: P15 | V45: 15587.76 | W45: 0 | X45: 0
A46: P1 | B46: P7 | C46: 0 | D46: =C46*$B$4 -> 0 | L46: P8 | M46: P12 | N46: P13 | O46: 871610.2 | P46: 197.4577 | Q46: 171060000000 | S46: P2 | T46: P16 | U46: P15 | V46: 3045.25 | W46: 294.9322 | X46: 2993184672
A47: P1 | B47: P8 | C47: 0 | D47: =C47*$B$4 -> 0 | L47: P8 | M47: P13 | N47: P15 | O47: 173501.72 | P47: 424.516 | Q47: 49092620499 | S47: P2 | T47: P17 | U47: P13 | V47: 12342.59 | W47: 573.6388 | X47: 23595720417
A48: P1 | B48: P9 | C48: 0 | D48: =C48*$B$4 -> 0 | L48: P8 | M48: P13 | N48: P21 | O48: 114359.04 | P48: 1497.2162 | Q48: 114123000000 | S48: P2 | T48: P18 | U48: P15 | V48: 4355.51 | W48: 706.8772 | X48: 10260567875
A49: P1 | B49: P10 | C49: 0 | D49: =C49*$B$4 -> 0 | L49: P9 | M49: P8 | N49: P6 | O49: 9521.72 | P49: 475.5078 | Q49: 3852895834 | S49: P2 | T49: P19 | U49: P21 | V49: 2628.72 | W49: 255.0633 | X49: 2234501638
A50: P1 | B50: P11 | C50: 0 | D50: =C50*$B$4 -> 0 | L50: P9 | M50: P8 | N50: P12 | O50: 26471.68 | P50: 781.4544 | Q50: 17603515917 | S50: P2 | T50: P20 | U50: P13 | V50: 4160.92 | W50: 1250.3899 | X50: 17338967055
A51: P1 | B51: P12 | C51: 0 | D51: =C51*$B$4 -> 0 | L51: P9 | M51: P12 | N51: P13 | O51: 26471.68 | P51: 197.4577 | Q51: 5195266196 | S51: P2 | T51: P21 | U51: P21 | V51: 2389.24 | W51: 0 | X51: 0
A52: P1 | B52: P13 | C52: 0 | D52: =C52*$B$4 -> 0 | L52: P9 | M52: P13 | N52: P15 | O52: 6725.09 | P52: 424.516 | Q52: 1902876186 | S52: P2 | T52: P22 | U52: P21 | V52: 4073.07 | W52: 505.2914 | X52: 6858864350
... A122: P4 | B122: P20 | C122: 0 | D122: =C122*$B$4 -> 0 | L122: P24 | M122: P21 | N122: P15 | O122: 48250.2 | P122: 1142.0988 | Q122: 36730021953 | S122: P5 | T122: P23 | U122: P21 | V122: 107.04 | W122: 467.0651 | X122: 1.6661416e+08
A123: P4 | B123: P21 | C123: 0 | D123: =C123*$B$4 -> 0 | S123: P5 | T123: P24 | U123: P21 | V123: 987.12 | W123: 1526.6262 | X123: 5022166062
A124: P4 | B124: P22 | C124: 0 | D124: =C124*$B$4 -> 0 | S124: P6 | T124: P1 | U124: P6 | V124: 2334.6 | W124: 1362.6505 | X124: 13535715128
A125: P4 | B125: P23 | C125: 0 | D125: =C125*$B$4 -> 0 | S125: P6 | T125: P2 | U125: P6 | V125: 2285.37 | W125: 966.6815 | X125: 9399920165
A126: P4 | B126: P24 | C126: 0 | D126: =C126*$B$4 -> 0 | S126: P6 | T126: P3 | U126: P6 | V126: 2193.32 | W126: 397.4792 | X126: 3709373871
A127: P5 | B127: P6 | C127: 0 | D127: =C127*$B$4 -> 0 | S127: P6 | T127: P4 | U127: P6 | V127: 10240.56 | W127: 525.4495 | X127: 22894911128
A128: P5 | B128: P7 | C128: 0 | D128: =C128*$B$4 -> 0 | S128: P6 | T128: P5 | U128: P6 | V128: 2693.56 | W128: 176.4669 | X128: 2022433285
A129: P5 | B129: P8 | C129: 0 | D129: =C129*$B$4 -> 0 | S129: P6 | T129: P7 | U129: P8 | V129: 2535.32 | W129: 186.18 | X129: 2008399139
A130: P5 | B130: P9 | C130: 0 | D130: =C130*$B$4 -> 0 | S130: P6 | T130: P8 | U130: P8 | V130: 33272.84 | W130: 0 | X130: 0
A131: P5 | B131: P10 | C131: 0 | D131: =C131*$B$4 -> 0 | S131: P6 | T131: P9 | U131: P8 | V131: 2248.87 | W131: 403.0102 | X131: 3856245351
A132: P5 | B132: P11 | C132: 0 | D132: =C132*$B$4 -> 0 | S132: P6 | T132: P10 | U132: P8 | V132: 6665.76 | W132: 658.2451 | X132: 18669022206
A133: P5 | B133: P12 | C133: 0 | D133: =C133*$B$4 -> 0 | S133: P6 | T133: P11 | U133: P6 | V133: 64034.16 | W133: 541.8429 | X133: 147628000000
A134: P5 | B134: P13 | C134: 0 | D134: =C134*$B$4 -> 0 | S134: P6 | T134: P12 | U134: P13 | V134: 31156.2 | W134: 197.4577 | X134: 30573192304
... A316: P23 | B316: P24 | C316: 0 | D316: =C316*$B$4 -> 0 | S316: P14 | T316: P9 | U316: P8 | V316: 205.75 | W316: 403.0102 | X316: 3.528094e+08
S317: P14 | T317: P10 | U317: P13 | V317: 524.32 | W317: 478.0437 | X317: 1245622174
S318: P14 | T318: P11 | U318: P6 | V318: 3957.64 | W318: 541.8429 | X318: 9124182505
S319: P14 | T319: P12 | U319: P13 | V319: 19282.36 | W319: 197.4577 | X319: 18921540507
S320: P14 | T320: P13 | U320: P13 | V320: 11990.2 | W320: 0 | X320: 0
S321: P14 | T321: P15 | U321: P15 | V321: 16447.84 | W321: 0 | X321: 0
S322: P14 | T322: P16 | U322: P15 | V322: 122.76 | W322: 294.9322 | X322: 1.2066114e+08
S323: P14 | T323: P17 | U323: P15 | V323: 580.12 | W323: 561.9698 | X323: 1086473697
S324: P14 | T324: P18 | U324: P15 | V324: 37.76 | W324: 706.8772 | X324: 88953772
S325: P14 | T325: P19 | U325: P21 | V325: 844.28 | W325: 255.0633 | X325: 7.1766679e+08
S326: P14 | T326: P20 | U326: P15 | V326: 532.76 | W326: 1278.2377 | X326: 2269507519
S327: P14 | T327: P21 | U327: P21 | V327: 342.88 | W327: 0 | X327: 0
S328: P14 | T328: P22 | U328: P21 | V328: 322.04 | W328: 505.2914 | X328: 542300691
... S560: P24 | T560: P23 | U560: P21 | V560: 682.6 | W560: 467.0651 | X560: 1062507736

Sheet Hubline_SA
E1: Origin | F1: InterHUb | G1: Destination | Q1: Validasi Routing
D2: OF | E2: =SUM(N12:N111) -> 1416293523 | F2: =sum(Y12:Y95) -> 9379598635 | G2: =SUM(O12:O111) -> 2284505770 | H2: =SUM(E2:G2) -> 13080397928 | J2: 13080397914 | L2: =H2-J2 -> 13.506325 | Q2: Pelabuhan Asal | R2: Pelabuhan Tujuan | S2: Hub Awal | T2: Antar Hub | U2: Hub Akhir | V2: Status
A3: C | B3: 15 | J3: Valid | Q3: P1 | R3: P10 | S3: P1 | T3: P1-P6-P8-P10 | U3: P8 | V3: Valid
A4: ALPHA | B4: 0.75 | Q4: P3 | R4: P8 | S4: P6 | T4: P6-P8 | U4: P8 | V4: Valid
Q5: P5 | R5: P6 | S5: P6 | T5: Tidak | U5: P6 | V5: Valid
Q6: P7 | R6: P4 | S6: P8 | T6: P8-P6 | U6: P6 | V6: Valid
Q7: P9 | R7: P2 | S7: P8 | T7: P8-P6 | U7: P6 | V7: Valid
A10: HUB | D10: ARCH-HUB | H10: ASSIGNMENT | Q10: FLOW
A11: Node | B11: is_hub | D11: Hub_from | E11: Hub_to | F11: y_km | H11: Node | I11: Hub | J11: Value | K11: Dist | L11: Origin | M11: Destination | N11: Cost origin | O11: Cost Destination | Q11: Origin_i | R11: Destination_j | S11: Hub_from_k | T11: Hub_to_m | U11: x2_ijkm | V11: dist_km | W11: flow_ij | X11: cost | Y11: VALIDATE
A12: P1 | B12: 1 | D12: P1 | E12: P2 | F12: 0 | H12: P1 | I12: P1 | J12: 1 | K12: {=XLOOKUP(H12, 'Data jarak '!$A$2:$A$11, XLOOKUP(I12, 'Data jarak '!$B$1:$K$1, 'Data jarak '!$B$2:$K$11))} -> 0 | L12: =vlookup(H12,Sheet4!$G$1:$I$11,2,false) -> 125092.16 | M12: =vlookup(H12,Sheet4!$G$1:$I$11,3,false) -> 73644.52 | N12: =$B$3*K12*L12*J12 -> 0 | O12: =$B$3*K12*M12*J12 -> 0 | Q12: P1 | R12: P2 | S12: P1 | T12: P6 | U12: 1 | V12: 1362.6505 | W12: 1460.8 | X12: 22393798 | Y12: =$B$3*$B$4*V12*W12 -> 22393798 | Z12: =Y12-X12 -> 0.0039799996
A13: P2 | B13: 0 | D13: P1 | E13: P3 | F13: 0 | H13: P1 | I13: P2 | J13: 0 | K13: {=XLOOKUP(H13, 'Data jarak '!$A$2:$A$11, XLOOKUP(I13, 'Data jarak '!$B$1:$K$1, 'Data jarak '!$B$2:$K$11))} -> 404.8972 | L13: =vlookup(H13,Sheet4!$G$1:$I$11,2,false) -> 125092.16 | M13: =vlookup(H13,Sheet4!$G$1:$I$11,3,false) -> 73644.52 | N13: =$B$3*K13*L13*J13 -> 0 | O13: =$B$3*K13*M13*J13 -> 0 | Q13: P1 | R13: P3 | S13: P1 | T13: P6 | U13: 1 | V13: 1362.6505 | W13: 1864.4 | X13: 28580912 | Y13: =$B$3*$B$4*V13*W13 -> 28580912 | Z13: =Y13-X13 -> 0.0030150004
A14: P3 | B14: 0 | D14: P1 | E14: P4 | F14: 0 | H14: P1 | I14: P3 | J14: 0 | K14: {=XLOOKUP(H14, 'Data jarak '!$A$2:$A$11, XLOOKUP(I14, 'Data jarak '!$B$1:$K$1, 'Data jarak '!$B$2:$K$11))} -> 1061.869 | L14: =vlookup(H14,Sheet4!$G$1:$I$11,2,false) -> 125092.16 | M14: =vlookup(H14,Sheet4!$G$1:$I$11,3,false) -> 73644.52 | N14: =$B$3*K14*L14*J14 -> 0 | O14: =$B$3*K14*M14*J14 -> 0 | Q14: P1 | R14: P4 | S14: P1 | T14: P6 | U14: 1 | V14: 1362.6505 | W14: 11535.68 | X14: 1.7683987e+08 | Y14: =$B$3*$B$4*V14*W14 -> 1.7683987e+08 | Z14: =Y14-X14 -> 0.054908007
A15: P4 | B15: 0 | D15: P1 | E15: P5 | F15: 0 | H15: P1 | I15: P4 | J15: 0 | K15: {=XLOOKUP(H15, 'Data jarak '!$A$2:$A$11, XLOOKUP(I15, 'Data jarak '!$B$1:$K$1, 'Data jarak '!$B$2:$K$11))} -> 909.2041 | L15: =vlookup(H15,Sheet4!$G$1:$I$11,2,false) -> 125092.16 | M15: =vlookup(H15,Sheet4!$G$1:$I$11,3,false) -> 73644.52 | N15: =$B$3*K15*L15*J15 -> 0 | O15: =$B$3*K15*M15*J15 -> 0 | Q15: P1 | R15: P5 | S15: P1 | T15: P6 | U15: 1 | V15: 1362.6505 | W15: 2464.44 | X15: 37779416 | Y15: =$B$3*$B$4*V15*W15 -> 37779416 | Z15: =Y15-X15 -> -0.001773499
A16: P5 | B16: 0 | D16: P1 | E16: P6 | F16: 1 | H16: P1 | I16: P5 | J16: 0 | K16: {=XLOOKUP(H16, 'Data jarak '!$A$2:$A$11, XLOOKUP(I16, 'Data jarak '!$B$1:$K$1, 'Data jarak '!$B$2:$K$11))} -> 1187.826 | L16: =vlookup(H16,Sheet4!$G$1:$I$11,2,false) -> 125092.16 | M16: =vlookup(H16,Sheet4!$G$1:$I$11,3,false) -> 73644.52 | N16: =$B$3*K16*L16*J16 -> 0 | O16: =$B$3*K16*M16*J16 -> 0 | Q16: P1 | R16: P6 | S16: P1 | T16: P6 | U16: 1 | V16: 1362.6505 | W16: 7952 | X16: 121902711 | Y16: =$B$3*$B$4*V16*W16 -> 121902711 | Z16: =Y16-X16 -> 0.046200007
A17: P6 | B17: 1 | D17: P1 | E17: P7 | F17: 0 | H17: P1 | I17: P6 | J17: 0 | K17: {=XLOOKUP(H17, 'Data jarak '!$A$2:$A$11, XLOOKUP(I17, 'Data jarak '!$B$1:$K$1, 'Data jarak '!$B$2:$K$11))} -> 1362.65 | L17: =vlookup(H17,Sheet4!$G$1:$I$11,2,false) -> 125092.16 | M17: =vlookup(H17,Sheet4!$G$1:$I$11,3,false) -> 73644.52 | N17: =$B$3*K17*L17*J17 -> 0 | O17: =$B$3*K17*M17*J17 -> 0 | Q17: P1 | R17: P7 | S17: P1 | T17: P6 | U17: 1 | V17: 1362.6505 | W17: 2382.68 | X17: 36526050 | Y17: =$B$3*$B$4*V17*W17 -> 36526050 | Z17: =Y17-X17 -> 0.0059204921
A18: P7 | B18: 0 | D18: P1 | E18: P8 | F18: 0 | H18: P1 | I18: P7 | J18: 0 | K18: {=XLOOKUP(H18, 'Data jarak '!$A$2:$A$11, XLOOKUP(I18, 'Data jarak '!$B$1:$K$1, 'Data jarak '!$B$2:$K$11))} -> 1641.94 | L18: =vlookup(H18,Sheet4!$G$1:$I$11,2,false) -> 125092.16 | M18: =vlookup(H18,Sheet4!$G$1:$I$11,3,false) -> 73644.52 | N18: =$B$3*K18*L18*J18 -> 0 | O18: =$B$3*K18*M18*J18 -> 0 | Q18: P1 | R18: P7 | S18: P6 | T18: P8 | U18: 1 | V18: 475.50776 | W18: 2382.68 | X18: 12746057 | Y18: =$B$3*$B$4*V18*W18 -> 12746057 | Z18: =Y18-X18 -> -0.0039400347
A19: P8 | B19: 1 | D19: P1 | E19: P9 | F19: 0 | H19: P1 | I19: P8 | J19: 0 | K19: {=XLOOKUP(H19, 'Data jarak '!$A$2:$A$11, XLOOKUP(I19, 'Data jarak '!$B$1:$K$1, 'Data jarak '!$B$2:$K$11))} -> 1810.495 | L19: =vlookup(H19,Sheet4!$G$1:$I$11,2,false) -> 125092.16 | M19: =vlookup(H19,Sheet4!$G$1:$I$11,3,false) -> 73644.52 | N19: =$B$3*K19*L19*J19 -> 0 | O19: =$B$3*K19*M19*J19 -> 0 | Q19: P1 | R19: P8 | S19: P1 | T19: P6 | U19: 1 | V19: 1362.6505 | W19: 24726.24 | X19: 3.7904875e+08 | Y19: =$B$3*$B$4*V19*W19 -> 3.7904875e+08 | Z19: =Y19-X19 -> -0.030005991
A20: P9 | B20: 0 | D20: P1 | E20: P10 | F20: 0 | H20: P1 | I20: P9 | J20: 0 | K20: {=XLOOKUP(H20, 'Data jarak '!$A$2:$A$11, XLOOKUP(I20, 'Data jarak '!$B$1:$K$1, 'Data jarak '!$B$2:$K$11))} -> 2163.425 | L20: =vlookup(H20,Sheet4!$G$1:$I$11,2,false) -> 125092.16 | M20: =vlookup(H20,Sheet4!$G$1:$I$11,3,false) -> 73644.52 | N20: =$B$3*K20*L20*J20 -> 0 | O20: =$B$3*K20*M20*J20 -> 0 | Q20: P1 | R20: P8 | S20: P6 | T20: P8 | U20: 1 | V20: 475.50776 | W20: 24726.24 | X20: 1.3227209e+08 | Y20: =$B$3*$B$4*V20*W20 -> 1.3227209e+08 | Z20: =Y20-X20 -> -0.036920369
A21: P10 | B21: 1 | D21: P2 | E21: P3 | F21: 0 | H21: P1 | I21: P10 | J21: 0 | K21: {=XLOOKUP(H21, 'Data jarak '!$A$2:$A$11, XLOOKUP(I21, 'Data jarak '!$B$1:$K$1, 'Data jarak '!$B$2:$K$11))} -> 2382.411 | L21: =vlookup(H21,Sheet4!$G$1:$I$11,2,false) -> 125092.16 | M21: =vlookup(H21,Sheet4!$G$1:$I$11,3,false) -> 73644.52 | N21: =$B$3*K21*L21*J21 -> 0 | O21: =$B$3*K21*M21*J21 -> 0 | Q21: P1 | R21: P9 | S21: P1 | T21: P6 | U21: 1 | V21: 1362.6505 | W21: 2266.6 | X21: 34746565 | Y21: =$B$3*$B$4*V21*W21 -> 34746565 | Z21: =Y21-X21 -> -0.0028524995
D22: P2 | E22: P4 | F22: 0 | H22: P2 | I22: P1 | J22: 0 | K22: {=XLOOKUP(H22, 'Data jarak '!$A$2:$A$11, XLOOKUP(I22, 'Data jarak '!$B$1:$K$1, 'Data jarak '!$B$2:$K$11))} -> 404.8972 | L22: =vlookup(H22,Sheet4!$G$1:$I$11,2,false) -> 30992.74 | M22: =vlookup(H22,Sheet4!$G$1:$I$11,3,false) -> 21308.78 | N22: =$B$3*K22*L22*J22 -> 0 | O22: =$B$3*K22*M22*J22 -> 0 | Q22: P1 | R22: P9 | S22: P6 | T22: P8 | U22: 1 | V22: 475.50776 | W22: 2266.6 | X22: 12125091 | Y22: =$B$3*$B$4*V22*W22 -> 12125091 | Z22: =Y22-X22 -> -0.0017723255
D23: P2 | E23: P5 | F23: 0 | H23: P2 | I23: P2 | J23: 0 | K23: {=XLOOKUP(H23, 'Data jarak '!$A$2:$A$11, XLOOKUP(I23, 'Data jarak '!$B$1:$K$1, 'Data jarak '!$B$2:$K$11))} -> 0 | L23: =vlookup(H23,Sheet4!$G$1:$I$11,2,false) -> 30992.74 | M23: =vlookup(H23,Sheet4!$G$1:$I$11,3,false) -> 21308.78 | N23: =$B$3*K23*L23*J23 -> 0 | O23: =$B$3*K23*M23*J23 -> 0 | Q23: P1 | R23: P10 | S23: P1 | T23: P6 | U23: 1 | V23: 1362.6505 | W23: 70439.32 | X23: 1079821941 | Y23: =$B$3*$B$4*V23*W23 -> 1079821941 | Z23: =Y23-X23 -> -0.32459545
D24: P2 | E24: P6 | F24: 0 | H24: P2 | I24: P3 | J24: 0 | K24: {=XLOOKUP(H24, 'Data jarak '!$A$2:$A$11, XLOOKUP(I24, 'Data jarak '!$B$1:$K$1, 'Data jarak '!$B$2:$K$11))} -> 657.5094 | L24: =vlookup(H24,Sheet4!$G$1:$I$11,2,false) -> 30992.74 | M24: =vlookup(H24,Sheet4!$G$1:$I$11,3,false) -> 21308.78 | N24: =$B$3*K24*L24*J24 -> 0 | O24: =$B$3*K24*M24*J24 -> 0 | Q24: P1 | R24: P10 | S24: P6 | T24: P8 | U24: 1 | V24: 475.50776 | W24: 70439.32 | X24: 3.7681249e+08 | Y24: =$B$3*$B$4*V24*W24 -> 3.7681249e+08 | Z24: =Y24-X24 -> -0.06579268
D25: P2 | E25: P7 | F25: 0 | H25: P2 | I25: P4 | J25: 0 | K25: {=XLOOKUP(H25, 'Data jarak '!$A$2:$A$11, XLOOKUP(I25, 'Data jarak '!$B$1:$K$1, 'Data jarak '!$B$2:$K$11))} -> 563.3406 | L25: =vlookup(H25,Sheet4!$G$1:$I$11,2,false) -> 30992.74 | M25: =vlookup(H25,Sheet4!$G$1:$I$11,3,false) -> 21308.78 | N25: =$B$3*K25*L25*J25 -> 0 | O25: =$B$3*K25*M25*J25 -> 0 | Q25: P1 | R25: P10 | S25: P8 | T25: P10 | U25: 1 | V25: 658.24512 | W25: 70439.32 | X25: 5.2162131e+08 | Y25: =$B$3*$B$4*V25*W25 -> 5.2162131e+08 | Z25: =Y25-X25 -> -0.038669944
D26: P2 | E26: P8 | F26: 0 | H26: P2 | I26: P5 | J26: 0 | K26: {=XLOOKUP(H26, 'Data jarak '!$A$2:$A$11, XLOOKUP(I26, 'Data jarak '!$B$1:$K$1, 'Data jarak '!$B$2:$K$11))} -> 790.5225 | L26: =vlookup(H26,Sheet4!$G$1:$I$11,2,false) -> 30992.74 | M26: =vlookup(H26,Sheet4!$G$1:$I$11,3,false) -> 21308.78 | N26: =$B$3*K26*L26*J26 -> 0 | O26: =$B$3*K26*M26*J26 -> 0 | Q26: P2 | R26: P1 | S26: P6 | T26: P1 | U26: 1 | V26: 1362.6505 | W26: 1517.87 | X26: 23268671 | Y26: =$B$3*$B$4*V26*W26 -> 23268671 | Z26: =Y26-X26 -> 0.0051126257
D27: P2 | E27: P9 | F27: 0 | H27: P2 | I27: P6 | J27: 1 | K27: {=XLOOKUP(H27, 'Data jarak '!$A$2:$A$11, XLOOKUP(I27, 'Data jarak '!$B$1:$K$1, 'Data jarak '!$B$2:$K$11))} -> 966.6815 | L27: =vlookup(H27,Sheet4!$G$1:$I$11,2,false) -> 30992.74 | M27: =vlookup(H27,Sheet4!$G$1:$I$11,3,false) -> 21308.78 | N27: =$B$3*K27*L27*J27 -> 4.4940163e+08 | O27: =$B$3*K27*M27*J27 -> 3.0898205e+08 | Q27: P2 | R27: P7 | S27: P6 | T27: P8 | U27: 1 | V27: 475.50776 | W27: 2635.73 | X27: 14099738 | Y27: =$B$3*$B$4*V27*W27 -> 14099738 | Z27: =Y27-X27 -> -9.9916011e-05
D28: P2 | E28: P10 | F28: 0 | H28: P2 | I28: P7 | J28: 0 | K28: {=XLOOKUP(H28, 'Data jarak '!$A$2:$A$11, XLOOKUP(I28, 'Data jarak '!$B$1:$K$1, 'Data jarak '!$B$2:$K$11))} -> 1264.945 | L28: =vlookup(H28,Sheet4!$G$1:$I$11,2,false) -> 30992.74 | M28: =vlookup(H28,Sheet4!$G$1:$I$11,3,false) -> 21308.78 | N28: =$B$3*K28*L28*J28 -> 0 | O28: =$B$3*K28*M28*J28 -> 0 | Q28: P2 | R28: P8 | S28: P6 | T28: P8 | U28: 1 | V28: 475.50776 | W28: 6039.82 | X28: 32309790 | Y28: =$B$3*$B$4*V28*W28 -> 32309790 | Z28: =Y28-X28 -> -0.00057527795
D29: P3 | E29: P4 | F29: 0 | H29: P2 | I29: P8 | J29: 0 | K29: {=XLOOKUP(H29, 'Data jarak '!$A$2:$A$11, XLOOKUP(I29, 'Data jarak '!$B$1:$K$1, 'Data jarak '!$B$2:$K$11))} -> 1425.636 | L29: =vlookup(H29,Sheet4!$G$1:$I$11,2,false) -> 30992.74 | M29: =vlookup(H29,Sheet4!$G$1:$I$11,3,false) -> 21308.78 | N29: =$B$3*K29*L29*J29 -> 0 | O29: =$B$3*K29*M29*J29 -> 0 | Q29: P2 | R29: P9 | S29: P6 | T29: P8 | U29: 1 | V29: 475.50776 | W29: 3678.83 | X29: 19679763 | Y29: =$B$3*$B$4*V29*W29 -> 19679763 | Z29: =Y29-X29 -> 0.001408197
D30: P3 | E30: P5 | F30: 0 | H30: P2 | I30: P9 | J30: 0 | K30: {=XLOOKUP(H30, 'Data jarak '!$A$2:$A$11, XLOOKUP(I30, 'Data jarak '!$B$1:$K$1, 'Data jarak '!$B$2:$K$11))} -> 1766.499 | L30: =vlookup(H30,Sheet4!$G$1:$I$11,2,false) -> 30992.74 | M30: =vlookup(H30,Sheet4!$G$1:$I$11,3,false) -> 21308.78 | N30: =$B$3*K30*L30*J30 -> 0 | O30: =$B$3*K30*M30*J30 -> 0 | Q30: P2 | R30: P10 | S30: P6 | T30: P8 | U30: 1 | V30: 475.50776 | W30: 4136.76 | X30: 22129442 | Y30: =$B$3*$B$4*V30*W30 -> 22129442 | Z30: =Y30-X30 -> -0.0015824921
D31: P3 | E31: P6 | F31: 0 | H31: P2 | I31: P10 | J31: 0 | K31: {=XLOOKUP(H31, 'Data jarak '!$A$2:$A$11, XLOOKUP(I31, 'Data jarak '!$B$1:$K$1, 'Data jarak '!$B$2:$K$11))} -> 1980.994 | L31: =vlookup(H31,Sheet4!$G$1:$I$11,2,false) -> 30992.74 | M31: =vlookup(H31,Sheet4!$G$1:$I$11,3,false) -> 21308.78 | N31: =$B$3*K31*L31*J31 -> 0 | O31: =$B$3*K31*M31*J31 -> 0 | Q31: P2 | R31: P10 | S31: P8 | T31: P10 | U31: 1 | V31: 658.24512 | W31: 4136.76 | X31: 30633773 | Y31: =$B$3*$B$4*V31*W31 -> 30633773 | Z31: =Y31-X31 -> -0.0007397607
D32: P3 | E32: P7 | F32: 0 | H32: P3 | I32: P1 | J32: 0 | K32: {=XLOOKUP(H32, 'Data jarak '!$A$2:$A$11, XLOOKUP(I32, 'Data jarak '!$B$1:$K$1, 'Data jarak '!$B$2:$K$11))} -> 1061.869 | L32: =vlookup(H32,Sheet4!$G$1:$I$11,2,false) -> 27365.36 | M32: =vlookup(H32,Sheet4!$G$1:$I$11,3,false) -> 48760.24 | N32: =$B$3*K32*L32*J32 -> 0 | O32: =$B$3*K32*M32*J32 -> 0 | Q32: P3 | R32: P1 | S32: P6 | T32: P1 | U32: 1 | V32: 1362.6505 | W32: 881.92 | X32: 13519673 | Y32: =$B$3*$B$4*V32*W32 -> 13519673 | Z32: =Y32-X32 -> 0.0031519998
D33: P3 | E33: P8 | F33: 0 | H33: P3 | I33: P2 | J33: 0 | K33: {=XLOOKUP(H33, 'Data jarak '!$A$2:$A$11, XLOOKUP(I33, 'Data jarak '!$B$1:$K$1, 'Data jarak '!$B$2:$K$11))} -> 657.5094 | L33: =vlookup(H33,Sheet4!$G$1:$I$11,2,false) -> 27365.36 | M33: =vlookup(H33,Sheet4!$G$1:$I$11,3,false) -> 48760.24 | N33: =$B$3*K33*L33*J33 -> 0 | O33: =$B$3*K33*M33*J33 -> 0 | Q33: P3 | R33: P7 | S33: P6 | T33: P8 | U33: 1 | V33: 475.50776 | W33: 10479.28 | X33: 56058514 | Y33: =$B$3*$B$4*V33*W33 -> 56058514 | Z33: =Y33-X33 -> -0.003391102
... D56: P9 | E56: P10 | F56: 0 | H56: P5 | I56: P5 | J56: 0 | K56: {=XLOOKUP(H56, 'Data jarak '!$A$2:$A$11, XLOOKUP(I56, 'Data jarak '!$B$1:$K$1, 'Data jarak '!$B$2:$K$11))} -> 0 | L56: =vlookup(H56,Sheet4!$G$1:$I$11,2,false) -> 40906.08 | M56: =vlookup(H56,Sheet4!$G$1:$I$11,3,false) -> 49314.56 | N56: =$B$3*K56*L56*J56 -> 0 | O56: =$B$3*K56*M56*J56 -> 0 | Q56: P7 | R56: P1 | S56: P6 | T56: P1 | U56: 1 | V56: 1362.6505 | W56: 2873.96 | X56: 44057283 | Y56: =$B$3*$B$4*V56*W56 -> 44057283 | Z56: =Y56-X56 -> -0.0014365017
H57: P5 | I57: P6 | J57: 1 | K57: {=XLOOKUP(H57, 'Data jarak '!$A$2:$A$11, XLOOKUP(I57, 'Data jarak '!$B$1:$K$1, 'Data jarak '!$B$2:$K$11))} -> 176.4669 | L57: =vlookup(H57,Sheet4!$G$1:$I$11,2,false) -> 40906.08 | M57: =vlookup(H57,Sheet4!$G$1:$I$11,3,false) -> 49314.56 | N57: =$B$3*K57*L57*J57 -> 1.0827854e+08 | O57: =$B$3*K57*M57*J57 -> 1.3053581e+08 | Q57: P7 | R57: P1 | S57: P8 | T57: P6 | U57: 1 | V57: 475.50776 | W57: 2873.96 | X57: 15374141 | Y57: =$B$3*$B$4*V57*W57 -> 15374141 | Z57: =Y57-X57 -> 0.0019373558
H58: P5 | I58: P7 | J58: 0 | K58: {=XLOOKUP(H58, 'Data jarak '!$A$2:$A$11, XLOOKUP(I58, 'Data jarak '!$B$1:$K$1, 'Data jarak '!$B$2:$K$11))} -> 510.3344 | L58: =vlookup(H58,Sheet4!$G$1:$I$11,2,false) -> 40906.08 | M58: =vlookup(H58,Sheet4!$G$1:$I$11,3,false) -> 49314.56 | N58: =$B$3*K58*L58*J58 -> 0 | O58: =$B$3*K58*M58*J58 -> 0 | Q58: P7 | R58: P2 | S58: P8 | T58: P6 | U58: 1 | V58: 475.50776 | W58: 3207.09 | X58: 17156207 | Y58: =$B$3*$B$4*V58*W58 -> 17156207 | Z58: =Y58-X58 -> -0.00044573471
H59: P5 | I59: P8 | J59: 0 | K59: {=XLOOKUP(H59, 'Data jarak '!$A$2:$A$11, XLOOKUP(I59, 'Data jarak '!$B$1:$K$1, 'Data jarak '!$B$2:$K$11))} -> 647.3369 | L59: =vlookup(H59,Sheet4!$G$1:$I$11,2,false) -> 40906.08 | M59: =vlookup(H59,Sheet4!$G$1:$I$11,3,false) -> 49314.56 | N59: =$B$3*K59*L59*J59 -> 0 | O59: =$B$3*K59*M59*J59 -> 0 | Q59: P7 | R59: P3 | S59: P8 | T59: P6 | U59: 1 | V59: 475.50776 | W59: 22608.32 | X59: 1.2094236e+08 | Y59: =$B$3*$B$4*V59*W59 -> 1.2094236e+08 | Z59: =Y59-X59 -> -0.0051988363
H60: P5 | I60: P9 | J60: 0 | K60: {=XLOOKUP(H60, 'Data jarak '!$A$2:$A$11, XLOOKUP(I60, 'Data jarak '!$B$1:$K$1, 'Data jarak '!$B$2:$K$11))} -> 976.2167 | L60: =vlookup(H60,Sheet4!$G$1:$I$11,2,false) -> 40906.08 | M60: =vlookup(H60,Sheet4!$G$1:$I$11,3,false) -> 49314.56 | N60: =$B$3*K60*L60*J60 -> 0 | O60: =$B$3*K60*M60*J60 -> 0 | Q60: P7 | R60: P4 | S60: P8 | T60: P6 | U60: 1 | V60: 475.50776 | W60: 6602.08 | X60: 35317578 | Y60: =$B$3*$B$4*V60*W60 -> 35317578 | Z60: =Y60-X60 -> -0.0081684589
H61: P5 | I61: P10 | J61: 0 | K61: {=XLOOKUP(H61, 'Data jarak '!$A$2:$A$11, XLOOKUP(I61, 'Data jarak '!$B$1:$K$1, 'Data jarak '!$B$2:$K$11))} -> 1196.258 | L61: =vlookup(H61,Sheet4!$G$1:$I$11,2,false) -> 40906.08 | M61: =vlookup(H61,Sheet4!$G$1:$I$11,3,false) -> 49314.56 | N61: =$B$3*K61*L61*J61 -> 0 | O61: =$B$3*K61*M61*J61 -> 0 | Q61: P7 | R61: P5 | S61: P8 | T61: P6 | U61: 1 | V61: 475.50776 | W61: 1576.64 | X61: 8434176.3 | Y61: =$B$3*$B$4*V61*W61 -> 8434176.3 | Z61: =Y61-X61 -> -0.00034268014
H62: P6 | I62: P1 | J62: 0 | K62: {=XLOOKUP(H62, 'Data jarak '!$A$2:$A$11, XLOOKUP(I62, 'Data jarak '!$B$1:$K$1, 'Data jarak '!$B$2:$K$11))} -> 1362.65 | L62: =vlookup(H62,Sheet4!$G$1:$I$11,2,false) -> 64470.2 | M62: =vlookup(H62,Sheet4!$G$1:$I$11,3,false) -> 187313.74 | N62: =$B$3*K62*L62*J62 -> 0 | O62: =$B$3*K62*M62*J62 -> 0 | Q62: P7 | R62: P6 | S62: P8 | T62: P6 | U62: 1 | V62: 475.50776 | W62: 11335.92 | X62: 60641077 | Y62: =$B$3*$B$4*V62*W62 -> 60641077 | Z62: =Y62-X62 -> -0.008843787
H63: P6 | I63: P2 | J63: 0 | K63: {=XLOOKUP(H63, 'Data jarak '!$A$2:$A$11, XLOOKUP(I63, 'Data jarak '!$B$1:$K$1, 'Data jarak '!$B$2:$K$11))} -> 966.6815 | L63: =vlookup(H63,Sheet4!$G$1:$I$11,2,false) -> 64470.2 | M63: =vlookup(H63,Sheet4!$G$1:$I$11,3,false) -> 187313.74 | N63: =$B$3*K63*L63*J63 -> 0 | O63: =$B$3*K63*M63*J63 -> 0 | Q63: P7 | R63: P10 | S63: P8 | T63: P10 | U63: 1 | V63: 658.24512 | W63: 8546.4 | X63: 63288293 | Y63: =$B$3*$B$4*V63*W63 -> 63288293 | Z63: =Y63-X63 -> -0.00079209357
H64: P6 | I64: P3 | J64: 0 | K64: {=XLOOKUP(H64, 'Data jarak '!$A$2:$A$11, XLOOKUP(I64, 'Data jarak '!$B$1:$K$1, 'Data jarak '!$B$2:$K$11))} -> 397.4792 | L64: =vlookup(H64,Sheet4!$G$1:$I$11,2,false) -> 64470.2 | M64: =vlookup(H64,Sheet4!$G$1:$I$11,3,false) -> 187313.74 | N64: =$B$3*K64*L64*J64 -> 0 | O64: =$B$3*K64*M64*J64 -> 0 | Q64: P8 | R64: P1 | S64: P6 | T64: P1 | U64: 1 | V64: 1362.6505 | W64: 30724.48 | X64: 471000680 | Y64: =$B$3*$B$4*V64*W64 -> 471000680 | Z64: =Y64-X64 -> 0.015688002
H65: P6 | I65: P4 | J65: 0 | K65: {=XLOOKUP(H65, 'Data jarak '!$A$2:$A$11, XLOOKUP(I65, 'Data jarak '!$B$1:$K$1, 'Data jarak '!$B$2:$K$11))} -> 525.4495 | L65: =vlookup(H65,Sheet4!$G$1:$I$11,2,false) -> 64470.2 | M65: =vlookup(H65,Sheet4!$G$1:$I$11,3,false) -> 187313.74 | N65: =$B$3*K65*L65*J65 -> 0 | O65: =$B$3*K65*M65*J65 -> 0 | Q65: P8 | R65: P1 | S65: P8 | T65: P6 | U65: 1 | V65: 475.50776 | W65: 30724.48 | X65: 1.6435945e+08 | Y65: =$B$3*$B$4*V65*W65 -> 1.6435945e+08 | Z65: =Y65-X65 -> 0.018620253
H66: P6 | I66: P5 | J66: 0 | K66: {=XLOOKUP(H66, 'Data jarak '!$A$2:$A$11, XLOOKUP(I66, 'Data jarak '!$B$1:$K$1, 'Data jarak '!$B$2:$K$11))} -> 176.4669 | L66: =vlookup(H66,Sheet4!$G$1:$I$11,2,false) -> 64470.2 | M66: =vlookup(H66,Sheet4!$G$1:$I$11,3,false) -> 187313.74 | N66: =$B$3*K66*L66*J66 -> 0 | O66: =$B$3*K66*M66*J66 -> 0 | Q66: P8 | R66: P2 | S66: P8 | T66: P6 | U66: 1 | V66: 475.50776 | W66: 6826.26 | X66: 36516821 | Y66: =$B$3*$B$4*V66*W66 -> 36516821 | Z66: =Y66-X66 -> -0.0019361749
H67: P6 | I67: P6 | J67: 1 | K67: {=XLOOKUP(H67, 'Data jarak '!$A$2:$A$11, XLOOKUP(I67, 'Data jarak '!$B$1:$K$1, 'Data jarak '!$B$2:$K$11))} -> 0 | L67: =vlookup(H67,Sheet4!$G$1:$I$11,2,false) -> 64470.2 | M67: =vlookup(H67,Sheet4!$G$1:$I$11,3,false) -> 187313.74 | N67: =$B$3*K67*L67*J67 -> 0 | O67: =$B$3*K67*M67*J67 -> 0 | Q67: P8 | R67: P3 | S67: P8 | T67: P6 | U67: 1 | V67: 475.50776 | W67: 12802.76 | X67: 68487882 | Y67: =$B$3*$B$4*V67*W67 -> 68487882 | Z67: =Y67-X67 -> -0.0075557381
H68: P6 | I68: P7 | J68: 0 | K68: {=XLOOKUP(H68, 'Data jarak '!$A$2:$A$11, XLOOKUP(I68, 'Data jarak '!$B$1:$K$1, 'Data jarak '!$B$2:$K$11))} -> 356.1662 | L68: =vlookup(H68,Sheet4!$G$1:$I$11,2,false) -> 64470.2 | M68: =vlookup(H68,Sheet4!$G$1:$I$11,3,false) -> 187313.74 | N68: =$B$3*K68*L68*J68 -> 0 | O68: =$B$3*K68*M68*J68 -> 0 | Q68: P8 | R68: P4 | S68: P8 | T68: P6 | U68: 1 | V68: 475.50776 | W68: 72304 | X68: 3.8678752e+08 | Y68: =$B$3*$B$4*V68*W68 -> 3.8678752e+08 | Z68: =Y68-X68 -> -0.039197981
... H95: P9 | I95: P4 | J95: 0 | K95: {=XLOOKUP(H95, 'Data jarak '!$A$2:$A$11, XLOOKUP(I95, 'Data jarak '!$B$1:$K$1, 'Data jarak '!$B$2:$K$11))} -> 1296.792 | L95: =vlookup(H95,Sheet4!$G$1:$I$11,2,false) -> 13888.29 | M95: =vlookup(H95,Sheet4!$G$1:$I$11,3,false) -> 44428.77 | N95: =$B$3*K95*L95*J95 -> 0 | O95: =$B$3*K95*M95*J95 -> 0 | Q95: P10 | R95: P9 | S95: P10 | T95: P8 | U95: 1 | V95: 658.24512 | W95: 4601.38 | X95: 34074404 | Y95: =$B$3*$B$4*V95*W95 -> 34074404 | Z95: =Y95-X95 -> -0.0071037561
H96: P9 | I96: P5 | J96: 0 | K96: {=XLOOKUP(H96, 'Data jarak '!$A$2:$A$11, XLOOKUP(I96, 'Data jarak '!$B$1:$K$1, 'Data jarak '!$B$2:$K$11))} -> 976.2167 | L96: =vlookup(H96,Sheet4!$G$1:$I$11,2,false) -> 13888.29 | M96: =vlookup(H96,Sheet4!$G$1:$I$11,3,false) -> 44428.77 | N96: =$B$3*K96*L96*J96 -> 0 | O96: =$B$3*K96*M96*J96 -> 0
H97: P9 | I97: P6 | J97: 0 | K97: {=XLOOKUP(H97, 'Data jarak '!$A$2:$A$11, XLOOKUP(I97, 'Data jarak '!$B$1:$K$1, 'Data jarak '!$B$2:$K$11))} -> 800.7896 | L97: =vlookup(H97,Sheet4!$G$1:$I$11,2,false) -> 13888.29 | M97: =vlookup(H97,Sheet4!$G$1:$I$11,3,false) -> 44428.77 | N97: =$B$3*K97*L97*J97 -> 0 | O97: =$B$3*K97*M97*J97 -> 0
H98: P9 | I98: P7 | J98: 0 | K98: {=XLOOKUP(H98, 'Data jarak '!$A$2:$A$11, XLOOKUP(I98, 'Data jarak '!$B$1:$K$1, 'Data jarak '!$B$2:$K$11))} -> 587.9985 | L98: =vlookup(H98,Sheet4!$G$1:$I$11,2,false) -> 13888.29 | M98: =vlookup(H98,Sheet4!$G$1:$I$11,3,false) -> 44428.77 | N98: =$B$3*K98*L98*J98 -> 0 | O98: =$B$3*K98*M98*J98 -> 0
H99: P9 | I99: P8 | J99: 1 | K99: {=XLOOKUP(H99, 'Data jarak '!$A$2:$A$11, XLOOKUP(I99, 'Data jarak '!$B$1:$K$1, 'Data jarak '!$B$2:$K$11))} -> 403.0102 | L99: =vlookup(H99,Sheet4!$G$1:$I$11,2,false) -> 13888.29 | M99: =vlookup(H99,Sheet4!$G$1:$I$11,3,false) -> 44428.77 | N99: =$B$3*K99*L99*J99 -> 83956838 | O99: =$B$3*K99*M99*J99 -> 2.6857871e+08
H100: P9 | I100: P9 | J100: 0 | K100: {=XLOOKUP(H100, 'Data jarak '!$A$2:$A$11, XLOOKUP(I100, 'Data jarak '!$B$1:$K$1, 'Data jarak '!$B$2:$K$11))} -> 0 | L100: =vlookup(H100,Sheet4!$G$1:$I$11,2,false) -> 13888.29 | M100: =vlookup(H100,Sheet4!$G$1:$I$11,3,false) -> 44428.77 | N100: =$B$3*K100*L100*J100 -> 0 | O100: =$B$3*K100*M100*J100 -> 0
H101: P9 | I101: P10 | J101: 0 | K101: {=XLOOKUP(H101, 'Data jarak '!$A$2:$A$11, XLOOKUP(I101, 'Data jarak '!$B$1:$K$1, 'Data jarak '!$B$2:$K$11))} -> 256.303 | L101: =vlookup(H101,Sheet4!$G$1:$I$11,2,false) -> 13888.29 | M101: =vlookup(H101,Sheet4!$G$1:$I$11,3,false) -> 44428.77 | N101: =$B$3*K101*L101*J101 -> 0 | O101: =$B$3*K101*M101*J101 -> 0
H102: P10 | I102: P1 | J102: 0 | K102: {=XLOOKUP(H102, 'Data jarak '!$A$2:$A$11, XLOOKUP(I102, 'Data jarak '!$B$1:$K$1, 'Data jarak '!$B$2:$K$11))} -> 2382.411 | L102: =vlookup(H102,Sheet4!$G$1:$I$11,2,false) -> 156335.24 | M102: =vlookup(H102,Sheet4!$G$1:$I$11,3,false) -> 213533 | N102: =$B$3*K102*L102*J102 -> 0 | O102: =$B$3*K102*M102*J102 -> 0
H103: P10 | I103: P2 | J103: 0 | K103: {=XLOOKUP(H103, 'Data jarak '!$A$2:$A$11, XLOOKUP(I103, 'Data jarak '!$B$1:$K$1, 'Data jarak '!$B$2:$K$11))} -> 1980.994 | L103: =vlookup(H103,Sheet4!$G$1:$I$11,2,false) -> 156335.24 | M103: =vlookup(H103,Sheet4!$G$1:$I$11,3,false) -> 213533 | N103: =$B$3*K103*L103*J103 -> 0 | O103: =$B$3*K103*M103*J103 -> 0
H104: P10 | I104: P3 | J104: 0 | K104: {=XLOOKUP(H104, 'Data jarak '!$A$2:$A$11, XLOOKUP(I104, 'Data jarak '!$B$1:$K$1, 'Data jarak '!$B$2:$K$11))} -> 1344.494 | L104: =vlookup(H104,Sheet4!$G$1:$I$11,2,false) -> 156335.24 | M104: =vlookup(H104,Sheet4!$G$1:$I$11,3,false) -> 213533 | N104: =$B$3*K104*L104*J104 -> 0 | O104: =$B$3*K104*M104*J104 -> 0
H105: P10 | I105: P4 | J105: 0 | K105: {=XLOOKUP(H105, 'Data jarak '!$A$2:$A$11, XLOOKUP(I105, 'Data jarak '!$B$1:$K$1, 'Data jarak '!$B$2:$K$11))} -> 1535.299 | L105: =vlookup(H105,Sheet4!$G$1:$I$11,2,false) -> 156335.24 | M105: =vlookup(H105,Sheet4!$G$1:$I$11,3,false) -> 213533 | N105: =$B$3*K105*L105*J105 -> 0 | O105: =$B$3*K105*M105*J105 -> 0
H106: P10 | I106: P5 | J106: 0 | K106: {=XLOOKUP(H106, 'Data jarak '!$A$2:$A$11, XLOOKUP(I106, 'Data jarak '!$B$1:$K$1, 'Data jarak '!$B$2:$K$11))} -> 1196.258 | L106: =vlookup(H106,Sheet4!$G$1:$I$11,2,false) -> 156335.24 | M106: =vlookup(H106,Sheet4!$G$1:$I$11,3,false) -> 213533 | N106: =$B$3*K106*L106*J106 -> 0 | O106: =$B$3*K106*M106*J106 -> 0
H107: P10 | I107: P6 | J107: 0 | K107: {=XLOOKUP(H107, 'Data jarak '!$A$2:$A$11, XLOOKUP(I107, 'Data jarak '!$B$1:$K$1, 'Data jarak '!$B$2:$K$11))} -> 1024.79 | L107: =vlookup(H107,Sheet4!$G$1:$I$11,2,false) -> 156335.24 | M107: =vlookup(H107,Sheet4!$G$1:$I$11,3,false) -> 213533 | N107: =$B$3*K107*L107*J107 -> 0 | O107: =$B$3*K107*M107*J107 -> 0
... H111: P10 | I111: P10 | J111: 1 | K111: {=XLOOKUP(H111, 'Data jarak '!$A$2:$A$11, XLOOKUP(I111, 'Data jarak '!$B$1:$K$1, 'Data jarak '!$B$2:$K$11))} -> 0 | L111: =vlookup(H111,Sheet4!$G$1:$I$11,2,false) -> 156335.24 | M111: =vlookup(H111,Sheet4!$G$1:$I$11,3,false) -> 213533 | N111: =$B$3*K111*L111*J111 -> 0 | O111: =$B$3*K111*M111*J111 -> 0

Sheet Hubline_MA
F1: Obj 1 | G1: Obj2 | H1: Obj3 | R1: Validasi Routing
A2: Alpha | B2: 0.75 | D2: Objective Function | F2: =sum(P12:P111) -> 1557482871 | G2: =sum(Z12:Z73) -> 8580685297 | H2: =sum(AK12:AK111) -> 2441143677 | I2: =SUM(F2:H2) -> 12579311845 | K2: 12579311845 | N2: =I2-K2 -> -0.042409897 | R2: Pelabuhan Asal | S2: Pelabuhan Tujuan | T2: Hub Awal | U2: Antar Hub | V2: Hub Akhir | W2: Status
A3: C | B3: 15 | R3: P1 | S3: P10 | T3: P1 | U3: P1-P6-P8-P10 | V3: P8 | W3: Valid
R4: P3 | S4: P8 | T4: P6 | U4: P6-P8 | V4: P8 | W4: Valid
R5: P5 | S5: P6 | T5: P6 | U5: Tidak | V5: P6 | W5: Valid
R6: P7 | S6: P4 | T6: P6 | U6: Tidak | V6: P6 | W6: Valid
R7: P9 | S7: P2 | T7: P8 | U7: P8-P6 | V7: P6 | W7: Valid
H9: Origin-Hub | S9: Inter-Hub | AD9: Hub-Destination
D10: Wij
A11: Node | B11: is_hub | D11: Pelabuhan A | E11: Pelabuhan T | F11: Flow Teus | H11: Origin_i | I11: Destination_j | J11: Hub_k | K11: u_ijk | L11: dist_ik | M11: flow_ij | N11: cost | O11: Validate | P11: VAlidate cost | S11: Origin_i | T11: Destination_j | U11: Hub_from_k | V11: Hub_to_m | W11: x2_ijkm | X11: dist_km | Y11: flow_ij | Z11: cost | AA11: Validate | AD11: Origin_i | AE11: Destination_j | AF11: Hub_m | AG11: x_ijm | AH11: dist_mj | AI11: flow_ij | AJ11: cost | AK11: Validate | AM11: Hub_from | AN11: Hub_to | AO11: y_km
A12: P1 | B12: 1 | D12: P1 | E12: P1 | F12: 0 | H12: P1 | I12: P1 | J12: P1 | K12: 1 | L12: 0 | M12: 0 | N12: 0 | O12: =IFERROR(__xludf.DUMMYFUNCTION("FILTER($F$11:$F$110, TRIM($D$11:$D$110) = TRIM(H12), TRIM($E$11:$E$110) = TRIM(I12))"),0.0) -> 0 | P12: =$B$3*L12*M12 -> 0 | S12: P1 | T12: P6 | U12: P1 | V12: P6 | W12: 1 | X12: 1362.6505 | Y12: 7952 | Z12: 121902711 | AA12: =$B$2*$B$3*X12*Y12 -> 121902711 | AB12: =AA12-Z12 -> 0.046200007 | AD12: P1 | AE12: P1 | AF12: P1 | AG12: 1 | AH12: 0 | AI12: 0 | AJ12: 0 | AK12: =$B$3*AH12*AI12 -> 0 | AM12: P1 | AN12: P2 | AO12: 0
A13: P2 | B13: 0 | D13: P1 | E13: P2 | F13: 1460.8 | H13: P1 | I13: P2 | J13: P1 | K13: 1 | L13: 0 | M13: 1460.8 | N13: 0 | O13: =IFERROR(__xludf.DUMMYFUNCTION("FILTER($F$11:$F$110, TRIM($D$11:$D$110) = TRIM(H13), TRIM($E$11:$E$110) = TRIM(I13))"),1460.8) -> 1460.8 | P13: =$B$3*L13*M13 -> 0 | Q13: =P13-N13 -> 0 | S13: P1 | T13: P7 | U13: P1 | V13: P6 | W13: 1 | X13: 1362.6505 | Y13: 2382.68 | Z13: 36526050 | AA13: =$B$2*$B$3*X13*Y13 -> 36526050 | AB13: =AA13-Z13 -> 0.0059204921 | AD13: P1 | AE13: P2 | AF13: P1 | AG13: 1 | AH13: 404.89717 | AI13: 1460.8 | AJ13: 8872106.9 | AK13: =$B$3*AH13*AI13 -> 8872106.9 | AL13: =AK13-AJ13 -> 0.00064400025 | AM13: P1 | AN13: P3 | AO13: 0
A14: P3 | B14: 0 | D14: P1 | E14: P3 | F14: 1864.4 | H14: P1 | I14: P3 | J14: P1 | K14: 1 | L14: 0 | M14: 1864.4 | N14: 0 | O14: =IFERROR(__xludf.DUMMYFUNCTION("FILTER($F$11:$F$110, TRIM($D$11:$D$110) = TRIM(H14), TRIM($E$11:$E$110) = TRIM(I14))"),1864.4) -> 1864.4 | P14: =$B$3*L14*M14 -> 0 | Q14: =P14-N14 -> 0 | S14: P1 | T14: P8 | U14: P1 | V14: P6 | W14: 1 | X14: 1362.6505 | Y14: 24726.24 | Z14: 3.7904875e+08 | AA14: =$B$2*$B$3*X14*Y14 -> 3.7904875e+08 | AB14: =AA14-Z14 -> -0.030005991 | AD14: P1 | AE14: P3 | AF14: P1 | AG14: 1 | AH14: 1061.8687 | AI14: 1864.4 | AJ14: 29696221 | AK14: =$B$3*AH14*AI14 -> 29696221 | AL14: =AK14-AJ14 -> 0.0069079995 | AM14: P1 | AN14: P4 | AO14: 0
A15: P4 | B15: 0 | D15: P1 | E15: P4 | F15: 11535.68 | H15: P1 | I15: P4 | J15: P1 | K15: 1 | L15: 0 | M15: 11535.68 | N15: 0 | O15: =IFERROR(__xludf.DUMMYFUNCTION("FILTER($F$11:$F$110, TRIM($D$11:$D$110) = TRIM(H15), TRIM($E$11:$E$110) = TRIM(I15))"),11535.68) -> 11535.68 | P15: =$B$3*L15*M15 -> 0 | Q15: =P15-N15 -> 0 | S15: P1 | T15: P8 | U15: P6 | V15: P8 | W15: 1 | X15: 475.50776 | Y15: 24726.24 | Z15: 1.3227209e+08 | AA15: =$B$2*$B$3*X15*Y15 -> 1.3227209e+08 | AB15: =AA15-Z15 -> -0.036920369 | AD15: P1 | AE15: P4 | AF15: P1 | AG15: 1 | AH15: 909.20412 | AI15: 11535.68 | AJ15: 1.5732432e+08 | AK15: =$B$3*AH15*AI15 -> 1.5732432e+08 | AL15: =AK15-AJ15 -> 0.037381738 | AM15: P1 | AN15: P5 | AO15: 0
A16: P5 | B16: 0 | D16: P1 | E16: P5 | F16: 2464.44 | H16: P1 | I16: P5 | J16: P1 | K16: 1 | L16: 0 | M16: 2464.44 | N16: 0 | O16: =IFERROR(__xludf.DUMMYFUNCTION("FILTER($F$11:$F$110, TRIM($D$11:$D$110) = TRIM(H16), TRIM($E$11:$E$110) = TRIM(I16))"),2464.44) -> 2464.44 | P16: =$B$3*L16*M16 -> 0 | Q16: =P16-N16 -> 0 | S16: P1 | T16: P9 | U16: P1 | V16: P6 | W16: 1 | X16: 1362.6505 | Y16: 2266.6 | Z16: 34746565 | AA16: =$B$2*$B$3*X16*Y16 -> 34746565 | AB16: =AA16-Z16 -> -0.0028524995 | AD16: P1 | AE16: P5 | AF16: P1 | AG16: 1 | AH16: 1187.8262 | AI16: 2464.44 | AJ16: 43909896 | AK16: =$B$3*AH16*AI16 -> 43909896 | AL16: =AK16-AJ16 -> -0.010812797 | AM16: P1 | AN16: P6 | AO16: 1
A17: P6 | B17: 1 | D17: P1 | E17: P6 | F17: 7952 | H17: P1 | I17: P6 | J17: P1 | K17: 1 | L17: 0 | M17: 7952 | N17: 0 | O17: =IFERROR(__xludf.DUMMYFUNCTION("FILTER($F$11:$F$110, TRIM($D$11:$D$110) = TRIM(H17), TRIM($E$11:$E$110) = TRIM(I17))"),7952.0) -> 7952 | P17: =$B$3*L17*M17 -> 0 | Q17: =P17-N17 -> 0 | S17: P1 | T17: P9 | U17: P6 | V17: P8 | W17: 1 | X17: 475.50776 | Y17: 2266.6 | Z17: 12125091 | AA17: =$B$2*$B$3*X17*Y17 -> 12125091 | AB17: =AA17-Z17 -> -0.0017723255 | AD17: P1 | AE17: P6 | AF17: P6 | AG17: 1 | AH17: 0 | AI17: 7952 | AJ17: 0 | AK17: =$B$3*AH17*AI17 -> 0 | AL17: =AK17-AJ17 -> 0 | AM17: P1 | AN17: P7 | AO17: 0
A18: P7 | B18: 0 | D18: P1 | E18: P7 | F18: 2382.68 | H18: P1 | I18: P7 | J18: P1 | K18: 1 | L18: 0 | M18: 2382.68 | N18: 0 | O18: =IFERROR(__xludf.DUMMYFUNCTION("FILTER($F$11:$F$110, TRIM($D$11:$D$110) = TRIM(H18), TRIM($E$11:$E$110) = TRIM(I18))"),2382.68) -> 2382.68 | P18: =$B$3*L18*M18 -> 0 | Q18: =P18-N18 -> 0 | S18: P1 | T18: P10 | U18: P1 | V18: P6 | W18: 1 | X18: 1362.6505 | Y18: 70439.32 | Z18: 1079821941 | AA18: =$B$2*$B$3*X18*Y18 -> 1079821941 | AB18: =AA18-Z18 -> -0.32459545 | AD18: P1 | AE18: P7 | AF18: P6 | AG18: 1 | AH18: 356.16625 | AI18: 2382.68 | AJ18: 12729453 | AK18: =$B$3*AH18*AI18 -> 12729453 | AL18: =AK18-AJ18 -> 0.001787737 | AM18: P1 | AN18: P8 | AO18: 0
A19: P8 | B19: 1 | D19: P1 | E19: P8 | F19: 24726.24 | H19: P1 | I19: P8 | J19: P1 | K19: 1 | L19: 0 | M19: 24726.24 | N19: 0 | O19: =IFERROR(__xludf.DUMMYFUNCTION("FILTER($F$11:$F$110, TRIM($D$11:$D$110) = TRIM(H19), TRIM($E$11:$E$110) = TRIM(I19))"),24726.24) -> 24726.24 | P19: =$B$3*L19*M19 -> 0 | Q19: =P19-N19 -> 0 | S19: P1 | T19: P10 | U19: P6 | V19: P8 | W19: 1 | X19: 475.50776 | Y19: 70439.32 | Z19: 3.7681249e+08 | AA19: =$B$2*$B$3*X19*Y19 -> 3.7681249e+08 | AB19: =AA19-Z19 -> -0.06579268 | AD19: P1 | AE19: P8 | AF19: P8 | AG19: 1 | AH19: 0 | AI19: 24726.24 | AJ19: 0 | AK19: =$B$3*AH19*AI19 -> 0 | AL19: =AK19-AJ19 -> 0 | AM19: P1 | AN19: P9 | AO19: 0
A20: P9 | B20: 0 | D20: P1 | E20: P9 | F20: 2266.6 | H20: P1 | I20: P9 | J20: P1 | K20: 1 | L20: 0 | M20: 2266.6 | N20: 0 | O20: =IFERROR(__xludf.DUMMYFUNCTION("FILTER($F$11:$F$110, TRIM($D$11:$D$110) = TRIM(H20), TRIM($E$11:$E$110) = TRIM(I20))"),2266.6) -> 2266.6 | P20: =$B$3*L20*M20 -> 0 | Q20: =P20-N20 -> 0 | S20: P1 | T20: P10 | U20: P8 | V20: P10 | W20: 1 | X20: 658.24512 | Y20: 70439.32 | Z20: 5.2162131e+08 | AA20: =$B$2*$B$3*X20*Y20 -> 5.2162131e+08 | AB20: =AA20-Z20 -> -0.038669944 | AD20: P1 | AE20: P9 | AF20: P8 | AG20: 1 | AH20: 403.01021 | AI20: 2266.6 | AJ20: 13701944 | AK20: =$B$3*AH20*AI20 -> 13701944 | AL20: =AK20-AJ20 -> -0.0012134984 | AM20: P1 | AN20: P10 | AO20: 0
A21: P10 | B21: 1 | D21: P1 | E21: P10 | F21: 70439.32 | H21: P1 | I21: P10 | J21: P1 | K21: 1 | L21: 0 | M21: 70439.32 | N21: 0 | O21: =IFERROR(__xludf.DUMMYFUNCTION("FILTER($F$11:$F$110, TRIM($D$11:$D$110) = TRIM(H21), TRIM($E$11:$E$110) = TRIM(I21))"),70439.32) -> 70439.32 | P21: =$B$3*L21*M21 -> 0 | Q21: =P21-N21 -> 0 | S21: P2 | T21: P8 | U21: P6 | V21: P8 | W21: 1 | X21: 475.50776 | Y21: 6039.82 | Z21: 32309790 | AA21: =$B$2*$B$3*X21*Y21 -> 32309790 | AB21: =AA21-Z21 -> -0.00057527795 | AD21: P1 | AE21: P10 | AF21: P10 | AG21: 1 | AH21: 0 | AI21: 70439.32 | AJ21: 0 | AK21: =$B$3*AH21*AI21 -> 0 | AL21: =AK21-AJ21 -> 0 | AM21: P2 | AN21: P3 | AO21: 0
D22: P2 | E22: P1 | F22: 1517.87 | H22: P2 | I22: P1 | J22: P1 | K22: 1 | L22: 404.89717 | M22: 1517.87 | N22: 9218719.1 | O22: =IFERROR(__xludf.DUMMYFUNCTION("FILTER($F$11:$F$110, TRIM($D$11:$D$110) = TRIM(H22), TRIM($E$11:$E$110) = TRIM(I22))"),1517.87) -> 1517.87 | P22: =$B$3*L22*M22 -> 9218719.1 | Q22: =P22-N22 -> 0.00087472424 | S22: P2 | T22: P9 | U22: P6 | V22: P8 | W22: 1 | X22: 475.50776 | Y22: 3678.83 | Z22: 19679763 | AA22: =$B$2*$B$3*X22*Y22 -> 19679763 | AB22: =AA22-Z22 -> 0.001408197 | AD22: P2 | AE22: P1 | AF22: P1 | AG22: 1 | AH22: 0 | AI22: 1517.87 | AJ22: 0 | AK22: =$B$3*AH22*AI22 -> 0 | AL22: =AK22-AJ22 -> 0 | AM22: P2 | AN22: P4 | AO22: 0
D23: P2 | E23: P2 | F23: 0 | H23: P2 | I23: P2 | J23: P1 | K23: 1 | L23: 404.89717 | M23: 0 | N23: 0 | O23: =IFERROR(__xludf.DUMMYFUNCTION("FILTER($F$11:$F$110, TRIM($D$11:$D$110) = TRIM(H23), TRIM($E$11:$E$110) = TRIM(I23))"),0.0) -> 0 | P23: =$B$3*L23*M23 -> 0 | Q23: =P23-N23 -> 0 | S23: P2 | T23: P10 | U23: P6 | V23: P8 | W23: 1 | X23: 475.50776 | Y23: 4136.76 | Z23: 22129442 | AA23: =$B$2*$B$3*X23*Y23 -> 22129442 | AB23: =AA23-Z23 -> -0.0015824921 | AD23: P2 | AE23: P2 | AF23: P1 | AG23: 1 | AH23: 404.89717 | AI23: 0 | AJ23: 0 | AK23: =$B$3*AH23*AI23 -> 0 | AL23: =AK23-AJ23 -> 0 | AM23: P2 | AN23: P5 | AO23: 0
D24: P2 | E24: P3 | F24: 1940.46 | H24: P2 | I24: P3 | J24: P6 | K24: 1 | L24: 966.68146 | M24: 1940.46 | N24: 28137101 | O24: =IFERROR(__xludf.DUMMYFUNCTION("FILTER($F$11:$F$110, TRIM($D$11:$D$110) = TRIM(H24), TRIM($E$11:$E$110) = TRIM(I24))"),1940.46) -> 1940.46 | P24: =$B$3*L24*M24 -> 28137101 | Q24: =P24-N24 -> -0.0039435886 | S24: P2 | T24: P10 | U24: P8 | V24: P10 | W24: 1 | X24: 658.24512 | Y24: 4136.76 | Z24: 30633773 | AA24: =$B$2*$B$3*X24*Y24 -> 30633773 | AB24: =AA24-Z24 -> -0.0007397607 | AD24: P2 | AE24: P3 | AF24: P6 | AG24: 1 | AH24: 397.47915 | AI24: 1940.46 | AJ24: 11569386 | AK24: =$B$3*AH24*AI24 -> 11569386 | AL24: =AK24-AJ24 -> 0.0026343223 | AM24: P2 | AN24: P6 | AO24: 0
D25: P2 | E25: P4 | F25: 4244.09 | H25: P2 | I25: P4 | J25: P1 | K25: 1 | L25: 404.89717 | M25: 4244.09 | N25: 25776301 | O25: =IFERROR(__xludf.DUMMYFUNCTION("FILTER($F$11:$F$110, TRIM($D$11:$D$110) = TRIM(H25), TRIM($E$11:$E$110) = TRIM(I25))"),4244.09) -> 4244.09 | P25: =$B$3*L25*M25 -> 25776301 | Q25: =P25-N25 -> -0.00014442205 | S25: P3 | T25: P8 | U25: P6 | V25: P8 | W25: 1 | X25: 475.50776 | Y25: 5041.36 | Z25: 26968565 | AA25: =$B$2*$B$3*X25*Y25 -> 26968565 | AB25: =AA25-Z25 -> -0.0034545735 | AD25: P2 | AE25: P4 | AF25: P1 | AG25: 1 | AH25: 909.20412 | AI25: 4244.09 | AJ25: 57881162 | AK25: =$B$3*AH25*AI25 -> 57881162 | AL25: =AK25-AJ25 -> -0.001631625 | AM25: P2 | AN25: P7 | AO25: 0
D26: P2 | E26: P5 | F26: 547.44 | H26: P2 | I26: P5 | J26: P6 | K26: 1 | L26: 966.68146 | M26: 547.44 | N26: 7938001.5 | O26: =IFERROR(__xludf.DUMMYFUNCTION("FILTER($F$11:$F$110, TRIM($D$11:$D$110) = TRIM(H26), TRIM($E$11:$E$110) = TRIM(I26))"),547.44) -> 547.44 | P26: =$B$3*L26*M26 -> 7938001.5 | Q26: =P26-N26 -> -9.6759759e-05 | S26: P3 | T26: P9 | U26: P6 | V26: P8 | W26: 1 | X26: 475.50776 | Y26: 841.95 | Z26: 4503979.8 | AA26: =$B$2*$B$3*X26*Y26 -> 4503979.8 | AB26: =AA26-Z26 -> -0.00015199371 | AD26: P2 | AE26: P5 | AF26: P6 | AG26: 1 | AH26: 176.46692 | AI26: 547.44 | AJ26: 1449075.7 | AK26: =$B$3*AH26*AI26 -> 1449075.7 | AL26: =AK26-AJ26 -> 0.0002467602 | AM26: P2 | AN26: P8 | AO26: 0
D27: P2 | E27: P6 | F27: 6251.74 | H27: P2 | I27: P6 | J27: P6 | K27: 1 | L27: 966.68146 | M27: 6251.74 | N27: 90651617 | O27: =IFERROR(__xludf.DUMMYFUNCTION("FILTER($F$11:$F$110, TRIM($D$11:$D$110) = TRIM(H27), TRIM($E$11:$E$110) = TRIM(I27))"),6251.74) -> 6251.74 | P27: =$B$3*L27*M27 -> 90651617 | Q27: =P27-N27 -> -0.0020477027 | S27: P3 | T27: P10 | U27: P6 | V27: P8 | W27: 1 | X27: 475.50776 | Y27: 2415.04 | Z27: 12919166 | AA27: =$B$2*$B$3*X27*Y27 -> 12919166 | AB27: =AA27-Z27 -> -0.0027834792 | AD27: P2 | AE27: P6 | AF27: P6 | AG27: 1 | AH27: 0 | AI27: 6251.74 | AJ27: 0 | AK27: =$B$3*AH27*AI27 -> 0 | AL27: =AK27-AJ27 -> 0 | AM27: P2 | AN27: P9 | AO27: 0
D28: P2 | E28: P7 | F28: 2635.73 | H28: P2 | I28: P7 | J28: P6 | K28: 1 | L28: 966.68146 | M28: 2635.73 | N28: 38218670 | O28: =IFERROR(__xludf.DUMMYFUNCTION("FILTER($F$11:$F$110, TRIM($D$11:$D$110) = TRIM(H28), TRIM($E$11:$E$110) = TRIM(I28))"),2635.73) -> 2635.73 | P28: =$B$3*L28*M28 -> 38218670 | Q28: =P28-N28 -> -0.0050025433 | S28: P3 | T28: P10 | U28: P8 | V28: P10 | W28: 1 | X28: 658.24512 | Y28: 2415.04 | Z28: 17883993 | AA28: =$B$2*$B$3*X28*Y28 -> 17883993 | AB28: =AA28-Z28 -> -0.0025235564 | AD28: P2 | AE28: P7 | AF28: P6 | AG28: 1 | AH28: 356.16625 | AI28: 2635.73 | AJ28: 14081371 | AK28: =$B$3*AH28*AI28 -> 14081371 | AL28: =AK28-AJ28 -> 0.00029076263 | AM28: P2 | AN28: P10 | AO28: 0
D29: P2 | E29: P8 | F29: 6039.82 | H29: P2 | I29: P8 | J29: P6 | K29: 1 | L29: 966.68146 | M29: 6039.82 | N29: 87578730 | O29: =IFERROR(__xludf.DUMMYFUNCTION("FILTER($F$11:$F$110, TRIM($D$11:$D$110) = TRIM(H29), TRIM($E$11:$E$110) = TRIM(I29))"),6039.82) -> 6039.82 | P29: =$B$3*L29*M29 -> 87578730 | Q29: =P29-N29 -> -0.0035990328 | S29: P4 | T29: P8 | U29: P6 | V29: P8 | W29: 1 | X29: 475.50776 | Y29: 15699.2 | Z29: 83982279 | AA29: =$B$2*$B$3*X29*Y29 -> 83982279 | AB29: =AA29-Z29 -> -0.012330383 | AD29: P2 | AE29: P8 | AF29: P8 | AG29: 1 | AH29: 0 | AI29: 6039.82 | AJ29: 0 | AK29: =$B$3*AH29*AI29 -> 0 | AL29: =AK29-AJ29 -> 0 | AM29: P3 | AN29: P4 | AO29: 0
D30: P2 | E30: P9 | F30: 3678.83 | H30: P2 | I30: P9 | J30: P6 | K30: 1 | L30: 966.68146 | M30: 3678.83 | N30: 53343851 | O30: =IFERROR(__xludf.DUMMYFUNCTION("FILTER($F$11:$F$110, TRIM($D$11:$D$110) = TRIM(H30), TRIM($E$11:$E$110) = TRIM(I30))"),3678.83) -> 3678.83 | P30: =$B$3*L30*M30 -> 53343851 | Q30: =P30-N30 -> 0.0016762987 | S30: P4 | T30: P9 | U30: P6 | V30: P8 | W30: 1 | X30: 475.50776 | Y30: 2504.17 | Z30: 13395963 | AA30: =$B$2*$B$3*X30*Y30 -> 13395963 | AB30: =AA30-Z30 -> -0.0048760697 | AD30: P2 | AE30: P9 | AF30: P8 | AG30: 1 | AH30: 403.01021 | AI30: 3678.83 | AJ30: 22239091 | AK30: =$B$3*AH30*AI30 -> 22239091 | AL30: =AK30-AJ30 -> -0.0040469244 | AM30: P3 | AN30: P5 | AO30: 0
D31: P2 | E31: P10 | F31: 4136.76 | H31: P2 | I31: P10 | J31: P6 | K31: 1 | L31: 966.68146 | M31: 4136.76 | N31: 59983938 | O31: =IFERROR(__xludf.DUMMYFUNCTION("FILTER($F$11:$F$110, TRIM($D$11:$D$110) = TRIM(H31), TRIM($E$11:$E$110) = TRIM(I31))"),4136.76) -> 4136.76 | P31: =$B$3*L31*M31 -> 59983938 | Q31: =P31-N31 -> -0.0012125373 | S31: P4 | T31: P10 | U31: P6 | V31: P8 | W31: 1 | X31: 475.50776 | Y31: 12387.4 | Z31: 66265930 | AA31: =$B$2*$B$3*X31*Y31 -> 66265930 | AB31: =AA31-Z31 -> -0.0029694214 | AD31: P2 | AE31: P10 | AF31: P10 | AG31: 1 | AH31: 0 | AI31: 4136.76 | AJ31: 0 | AK31: =$B$3*AH31*AI31 -> 0 | AL31: =AK31-AJ31 -> 0 | AM31: P3 | AN31: P6 | AO31: 0
D32: P3 | E32: P1 | F32: 881.92 | H32: P3 | I32: P1 | J32: P1 | K32: 1 | L32: 1061.8687 | M32: 881.92 | N32: 14047249 | O32: =IFERROR(__xludf.DUMMYFUNCTION("FILTER($F$11:$F$110, TRIM($D$11:$D$110) = TRIM(H32), TRIM($E$11:$E$110) = TRIM(I32))"),881.92) -> 881.92 | P32: =$B$3*L32*M32 -> 14047249 | Q32: =P32-N32 -> 0.0012543984 | S32: P4 | T32: P10 | U32: P8 | V32: P10 | W32: 1 | X32: 658.24512 | Y32: 12387.4 | Z32: 91731887 | AA32: =$B$2*$B$3*X32*Y32 -> 91731887 | AB32: =AA32-Z32 -> -0.0050004721 | AD32: P3 | AE32: P1 | AF32: P1 | AG32: 1 | AH32: 0 | AI32: 881.92 | AJ32: 0 | AK32: =$B$3*AH32*AI32 -> 0 | AL32: =AK32-AJ32 -> 0 | AM32: P3 | AN32: P7 | AO32: 0
D33: P3 | E33: P2 | F33: 768.89 | H33: P3 | I33: P2 | J33: P6 | K33: 1 | L33: 397.47915 | M33: 768.89 | N33: 4584266.2 | O33: =IFERROR(__xludf.DUMMYFUNCTION("FILTER($F$11:$F$110, TRIM($D$11:$D$110) = TRIM(H33), TRIM($E$11:$E$110) = TRIM(I33))"),768.89) -> 768.89 | P33: =$B$3*L33*M33 -> 4584266.2 | Q33: =P33-N33 -> -5.4119155e-05 | S33: P5 | T33: P8 | U33: P6 | V33: P8 | W33: 1 | X33: 475.50776 | Y33: 20364.36 | Z33: 1.0893838e+08 | AA33: =$B$2*$B$3*X33*Y33 -> 1.0893838e+08 | AB33: =AA33-Z33 -> -0.0061649382 | AD33: P3 | AE33: P2 | AF33: P6 | AG33: 1 | AH33: 966.68146 | AI33: 768.89 | AJ33: 11149076 | AK33: =$B$3*AH33*AI33 -> 11149076 | AL33: =AK33-AJ33 -> 0.0040043145 | AM33: P3 | AN33: P8 | AO33: 0
D34: P3 | E34: P3 | F34: 0 | H34: P3 | I34: P3 | J34: P1 | K34: 1 | L34: 1061.8687 | M34: 0 | N34: 0 | O34: =IFERROR(__xludf.DUMMYFUNCTION("FILTER($F$11:$F$110, TRIM($D$11:$D$110) = TRIM(H34), TRIM($E$11:$E$110) = TRIM(I34))"),0.0) -> 0 | P34: =$B$3*L34*M34 -> 0 | Q34: =P34-N34 -> 0 | S34: P5 | T34: P9 | U34: P6 | V34: P8 | W34: 1 | X34: 475.50776 | Y34: 1191.2 | Z34: 6372279.5 | AA34: =$B$2*$B$3*X34*Y34 -> 6372279.5 | AB34: =AA34-Z34 -> -0.00069689937 | AD34: P3 | AE34: P3 | AF34: P1 | AG34: 1 | AH34: 1061.8687 | AI34: 0 | AJ34: 0 | AK34: =$B$3*AH34*AI34 -> 0 | AL34: =AK34-AJ34 -> 0 | AM34: P3 | AN34: P9 | AO34: 0
D35: P3 | E35: P4 | F35: 2095.4 | H35: P3 | I35: P4 | J35: P6 | K35: 1 | L35: 397.47915 | M35: 2095.4 | N35: 12493167 | O35: =IFERROR(__xludf.DUMMYFUNCTION("FILTER($F$11:$F$110, TRIM($D$11:$D$110) = TRIM(H35), TRIM($E$11:$E$110) = TRIM(I35))"),2095.4) -> 2095.4 | P35: =$B$3*L35*M35 -> 12493167 | Q35: =P35-N35 -> 0.0016568024 | S35: P5 | T35: P10 | U35: P6 | V35: P8 | W35: 1 | X35: 475.50776 | Y35: 5911.52 | Z35: 31623454 | AA35: =$B$2*$B$3*X35*Y35 -> 31623454 | AB35: =AA35-Z35 -> 0.0018602647 | AD35: P3 | AE35: P4 | AF35: P6 | AG35: 1 | AH35: 525.44952 | AI35: 2095.4 | AJ35: 16515404 | AK35: =$B$3*AH35*AI35 -> 16515404 | AL35: =AK35-AJ35 -> 0.0022682007 | AM35: P3 | AN35: P10 | AO35: 0
D36: P3 | E36: P5 | F36: 575.8 | H36: P3 | I36: P5 | J36: P6 | K36: 1 | L36: 397.47915 | M36: 575.8 | N36: 3433027.4 | O36: =IFERROR(__xludf.DUMMYFUNCTION("FILTER($F$11:$F$110, TRIM($D$11:$D$110) = TRIM(H36), TRIM($E$11:$E$110) = TRIM(I36))"),575.8) -> 575.8 | P36: =$B$3*L36*M36 -> 3433027.4 | Q36: =P36-N36 -> -0.00026640017 | S36: P5 | T36: P10 | U36: P8 | V36: P10 | W36: 1 | X36: 658.24512 | Y36: 5911.52 | Z36: 43776328 | AA36: =$B$2*$B$3*X36*Y36 -> 43776328 | AB36: =AA36-Z36 -> 0.0015822276 | AD36: P3 | AE36: P5 | AF36: P6 | AG36: 1 | AH36: 176.46692 | AI36: 575.8 | AJ36: 1524144.8 | AK36: =$B$3*AH36*AI36 -> 1524144.8 | AL36: =AK36-AJ36 -> 0.0003556998 | AM36: P4 | AN36: P5 | AO36: 0
D37: P3 | E37: P6 | F37: 4265.72 | H37: P3 | I37: P6 | J37: P6 | K37: 1 | L37: 397.47915 | M37: 4265.72 | N37: 25433022 | O37: =IFERROR(__xludf.DUMMYFUNCTION("FILTER($F$11:$F$110, TRIM($D$11:$D$110) = TRIM(H37), TRIM($E$11:$E$110) = TRIM(I37))"),4265.72) -> 4265.72 | P37: =$B$3*L37*M37 -> 25433022 | Q37: =P37-N37 -> -0.0047697537 | S37: P6 | T37: P1 | U37: P6 | V37: P1 | W37: 1 | X37: 1362.6505 | Y37: 2334.6 | Z37: 35788993 | AA37: =$B$2*$B$3*X37*Y37 -> 35788993 | AB37: =AA37-Z37 -> -0.0033024997 | AD37: P3 | AE37: P6 | AF37: P6 | AG37: 1 | AH37: 0 | AI37: 4265.72 | AJ37: 0 | AK37: =$B$3*AH37*AI37 -> 0 | AL37: =AK37-AJ37 -> 0 | AM37: P4 | AN37: P6 | AO37: 0
D38: P3 | E38: P7 | F38: 10479.28 | H38: P3 | I38: P7 | J38: P6 | K38: 1 | L38: 397.47915 | M38: 10479.28 | N38: 62479430 | O38: =IFERROR(__xludf.DUMMYFUNCTION("FILTER($F$11:$F$110, TRIM($D$11:$D$110) = TRIM(H38), TRIM($E$11:$E$110) = TRIM(I38))"),10479.28) -> 10479.28 | P38: =$B$3*L38*M38 -> 62479430 | Q38: =P38-N38 -> -0.0046902299 | S38: P6 | T38: P8 | U38: P6 | V38: P8 | W38: 1 | X38: 475.50776 | Y38: 33272.84 | Z38: 1.779918e+08 | AA38: =$B$2*$B$3*X38*Y38 -> 1.779918e+08 | AB38: =AA38-Z38 -> -0.045677721 | AD38: P3 | AE38: P7 | AF38: P6 | AG38: 1 | AH38: 356.16625 | AI38: 10479.28 | AJ38: 55985488 | AK38: =$B$3*AH38*AI38 -> 55985488 | AL38: =AK38-AJ38 -> -0.0098459646 | AM38: P4 | AN38: P7 | AO38: 0
D39: P3 | E39: P8 | F39: 5041.36 | H39: P3 | I39: P8 | J39: P6 | K39: 1 | L39: 397.47915 | M39: 5041.36 | N39: 30057533 | O39: =IFERROR(__xludf.DUMMYFUNCTION("FILTER($F$11:$F$110, TRIM($D$11:$D$110) = TRIM(H39), TRIM($E$11:$E$110) = TRIM(I39))"),5041.36) -> 5041.36 | P39: =$B$3*L39*M39 -> 30057533 | Q39: =P39-N39 -> -0.003602881 | S39: P6 | T39: P9 | U39: P6 | V39: P8 | W39: 1 | X39: 475.50776 | Y39: 2248.87 | Z39: 12030245 | AA39: =$B$2*$B$3*X39*Y39 -> 12030245 | AB39: =AA39-Z39 -> 0.0010303408 | AD39: P3 | AE39: P8 | AF39: P8 | AG39: 1 | AH39: 0 | AI39: 5041.36 | AJ39: 0 | AK39: =$B$3*AH39*AI39 -> 0 | AL39: =AK39-AJ39 -> 0 | AM39: P4 | AN39: P8 | AO39: 0
D40: P3 | E40: P9 | F40: 841.95 | H40: P3 | I40: P9 | J40: P6 | K40: 1 | L40: 397.47915 | M40: 841.95 | N40: 5019863.6 | O40: =IFERROR(__xludf.DUMMYFUNCTION("FILTER($F$11:$F$110, TRIM($D$11:$D$110) = TRIM(H40), TRIM($E$11:$E$110) = TRIM(I40))"),841.95) -> 841.95 | P40: =$B$3*L40*M40 -> 5019863.6 | Q40: =P40-N40 -> -0.00050059892 | S40: P6 | T40: P10 | U40: P6 | V40: P8 | W40: 1 | X40: 475.50776 | Y40: 6665.76 | Z40: 35658232 | AA40: =$B$2*$B$3*X40*Y40 -> 35658232 | AB40: =AA40-Z40 -> -0.0066836178 | AD40: P3 | AE40: P9 | AF40: P8 | AG40: 1 | AH40: 403.01021 | AI40: 841.95 | AJ40: 5089716.7 | AK40: =$B$3*AH40*AI40 -> 5089716.7 | AL40: =AK40-AJ40 -> -0.00015512388 | AM40: P4 | AN40: P9 | AO40: 0
D41: P3 | E41: P10 | F41: 2415.04 | H41: P3 | I41: P10 | J41: P6 | K41: 1 | L41: 397.47915 | M41: 2415.04 | N41: 14398921 | O41: =IFERROR(__xludf.DUMMYFUNCTION("FILTER($F$11:$F$110, TRIM($D$11:$D$110) = TRIM(H41), TRIM($E$11:$E$110) = TRIM(I41))"),2415.04) -> 2415.04 | P41: =$B$3*L41*M41 -> 14398921 | Q41: =P41-N41 -> -0.0023283195 | S41: P6 | T41: P10 | U41: P8 | V41: P10 | W41: 1 | X41: 658.24512 | Y41: 6665.76 | Z41: 49361670 | AA41: =$B$2*$B$3*X41*Y41 -> 49361670 | AB41: =AA41-Z41 -> -0.0026801303 | AD41: P3 | AE41: P10 | AF41: P10 | AG41: 1 | AH41: 0 | AI41: 2415.04 | AJ41: 0 | AK41: =$B$3*AH41*AI41 -> 0 | AL41: =AK41-AJ41 -> 0 | AM41: P4 | AN41: P10 | AO41: 0
D42: P4 | E42: P1 | F42: 2877.88 | H42: P4 | I42: P1 | J42: P1 | K42: 1 | L42: 909.20412 | M42: 2877.88 | N42: 39248705 | O42: =IFERROR(__xludf.DUMMYFUNCTION("FILTER($F$11:$F$110, TRIM($D$11:$D$110) = TRIM(H42), TRIM($E$11:$E$110) = TRIM(I42))"),2877.88) -> 2877.88 | P42: =$B$3*L42*M42 -> 39248705 | Q42: =P42-N42 -> 0.0011821538 | S42: P7 | T42: P1 | U42: P6 | V42: P1 | W42: 1 | X42: 1362.6505 | Y42: 2873.96 | Z42: 44057283 | AA42: =$B$2*$B$3*X42*Y42 -> 44057283 | AB42: =AA42-Z42 -> -0.0014365017 | AD42: P4 | AE42: P1 | AF42: P1 | AG42: 1 | AH42: 0 | AI42: 2877.88 | AJ42: 0 | AK42: =$B$3*AH42*AI42 -> 0 | AL42: =AK42-AJ42 -> 0 | AM42: P5 | AN42: P6 | AO42: 0
D43: P4 | E43: P2 | F43: 2837.35 | H43: P4 | I43: P2 | J43: P1 | K43: 1 | L43: 909.20412 | M43: 2837.35 | N43: 38695955 | O43: =IFERROR(__xludf.DUMMYFUNCTION("FILTER($F$11:$F$110, TRIM($D$11:$D$110) = TRIM(H43), TRIM($E$11:$E$110) = TRIM(I43))"),2837.35) -> 2837.35 | P43: =$B$3*L43*M43 -> 38695955 | Q43: =P43-N43 -> -0.0028423071 | S43: P7 | T43: P10 | U43: P8 | V43: P10 | W43: 1 | X43: 658.24512 | Y43: 8546.4 | Z43: 63288293 | AA43: =$B$2*$B$3*X43*Y43 -> 63288293 | AB43: =AA43-Z43 -> -0.00079209357 | AD43: P4 | AE43: P2 | AF43: P1 | AG43: 1 | AH43: 404.89717 | AI43: 2837.35 | AJ43: 17232525 | AK43: =$B$3*AH43*AI43 -> 17232525 | AL43: =AK43-AJ43 -> 0.0010136254 | AM43: P5 | AN43: P7 | AO43: 0
D44: P4 | E44: P3 | F44: 2340.64 | H44: P4 | I44: P3 | J44: P6 | K44: 1 | L44: 525.44952 | M44: 2340.64 | N44: 18448323 | O44: =IFERROR(__xludf.DUMMYFUNCTION("FILTER($F$11:$F$110, TRIM($D$11:$D$110) = TRIM(H44), TRIM($E$11:$E$110) = TRIM(I44))"),2340.64) -> 2340.64 | P44: =$B$3*L44*M44 -> 18448323 | Q44: =P44-N44 -> 0.0046331212 | S44: P8 | T44: P1 | U44: P6 | V44: P1 | W44: 1 | X44: 1362.6505 | Y44: 30724.48 | Z44: 471000680 | AA44: =$B$2*$B$3*X44*Y44 -> 471000680 | AB44: =AA44-Z44 -> 0.015688002 | AD44: P4 | AE44: P3 | AF44: P6 | AG44: 1 | AH44: 397.47915 | AI44: 2340.64 | AJ44: 13955334 | AK44: =$B$3*AH44*AI44 -> 13955334 | AL44: =AK44-AJ44 -> 0.0031468794 | AM44: P5 | AN44: P8 | AO44: 0
D45: P4 | E45: P4 | F45: 0 | H45: P4 | I45: P4 | J45: P1 | K45: 1 | L45: 909.20412 | M45: 0 | N45: 0 | O45: =IFERROR(__xludf.DUMMYFUNCTION("FILTER($F$11:$F$110, TRIM($D$11:$D$110) = TRIM(H45), TRIM($E$11:$E$110) = TRIM(I45))"),0.0) -> 0 | P45: =$B$3*L45*M45 -> 0 | Q45: =P45-N45 -> 0 | S45: P8 | T45: P1 | U45: P8 | V45: P6 | W45: 1 | X45: 475.50776 | Y45: 30724.48 | Z45: 1.6435945e+08 | AA45: =$B$2*$B$3*X45*Y45 -> 1.6435945e+08 | AB45: =AA45-Z45 -> 0.018620253 | AD45: P4 | AE45: P4 | AF45: P1 | AG45: 1 | AH45: 909.20412 | AI45: 0 | AJ45: 0 | AK45: =$B$3*AH45*AI45 -> 0 | AL45: =AK45-AJ45 -> 0 | AM45: P5 | AN45: P9 | AO45: 0
D46: P4 | E46: P5 | F46: 1346.84 | H46: P4 | I46: P5 | J46: P6 | K46: 1 | L46: 525.44952 | M46: 1346.84 | N46: 10615447 | O46: =IFERROR(__xludf.DUMMYFUNCTION("FILTER($F$11:$F$110, TRIM($D$11:$D$110) = TRIM(H46), TRIM($E$11:$E$110) = TRIM(I46))"),1346.84) -> 1346.84 | P46: =$B$3*L46*M46 -> 10615447 | Q46: =P46-N46 -> -0.0028022807 | S46: P8 | T46: P2 | U46: P8 | V46: P6 | W46: 1 | X46: 475.50776 | Y46: 6826.26 | Z46: 36516821 | AA46: =$B$2*$B$3*X46*Y46 -> 36516821 | AB46: =AA46-Z46 -> -0.0019361749 | AD46: P4 | AE46: P5 | AF46: P6 | AG46: 1 | AH46: 176.46692 | AI46: 1346.84 | AJ46: 3565090.5 | AK46: =$B$3*AH46*AI46 -> 3565090.5 | AL46: =AK46-AJ46 -> 0.00020185951 | AM46: P5 | AN46: P10 | AO46: 0
D47: P4 | E47: P6 | F47: 7897.68 | H47: P4 | I47: P6 | J47: P6 | K47: 1 | L47: 525.44952 | M47: 7897.68 | N47: 62247483 | O47: =IFERROR(__xludf.DUMMYFUNCTION("FILTER($F$11:$F$110, TRIM($D$11:$D$110) = TRIM(H47), TRIM($E$11:$E$110) = TRIM(I47))"),7897.68) -> 7897.68 | P47: =$B$3*L47*M47 -> 62247483 | Q47: =P47-N47 -> -0.0026725605 | S47: P8 | T47: P3 | U47: P8 | V47: P6 | W47: 1 | X47: 475.50776 | Y47: 12802.76 | Z47: 68487882 | AA47: =$B$2*$B$3*X47*Y47 -> 68487882 | AB47: =AA47-Z47 -> -0.0075557381 | AD47: P4 | AE47: P6 | AF47: P6 | AG47: 1 | AH47: 0 | AI47: 7897.68 | AJ47: 0 | AK47: =$B$3*AH47*AI47 -> 0 | AL47: =AK47-AJ47 -> 0 | AM47: P6 | AN47: P7 | AO47: 0
D48: P4 | E48: P7 | F48: 3023.8 | H48: P4 | I48: P7 | J48: P6 | K48: 1 | L48: 525.44952 | M48: 3023.8 | N48: 23832814 | O48: =IFERROR(__xludf.DUMMYFUNCTION("FILTER($F$11:$F$110, TRIM($D$11:$D$110) = TRIM(H48), TRIM($E$11:$E$110) = TRIM(I48))"),3023.8) -> 3023.8 | P48: =$B$3*L48*M48 -> 23832814 | Q48: =P48-N48 -> -0.0015745983 | S48: P8 | T48: P4 | U48: P8 | V48: P6 | W48: 1 | X48: 475.50776 | Y48: 72304 | Z48: 3.8678752e+08 | AA48: =$B$2*$B$3*X48*Y48 -> 3.8678752e+08 | AB48: =AA48-Z48 -> -0.039197981 | AD48: P4 | AE48: P7 | AF48: P6 | AG48: 1 | AH48: 356.16625 | AI48: 3023.8 | AJ48: 16154633 | AK48: =$B$3*AH48*AI48 -> 16154633 | AL48: =AK48-AJ48 -> 0.0022858996 | AM48: P6 | AN48: P8 | AO48: 1
D49: P4 | E49: P8 | F49: 15699.2 | H49: P4 | I49: P8 | J49: P6 | K49: 1 | L49: 525.44952 | M49: 15699.2 | N49: 1.2373706e+08 | O49: =IFERROR(__xludf.DUMMYFUNCTION("FILTER($F$11:$F$110, TRIM($D$11:$D$110) = TRIM(H49), TRIM($E$11:$E$110) = TRIM(I49))"),15699.2) -> 15699.2 | P49: =$B$3*L49*M49 -> 1.2373706e+08 | Q49: =P49-N49 -> -0.016166389 | S49: P8 | T49: P5 | U49: P8 | V49: P6 | W49: 1 | X49: 475.50776 | Y49: 34996.76 | Z49: 1.8721385e+08 | AA49: =$B$2*$B$3*X49*Y49 -> 1.8721385e+08 | AB49: =AA49-Z49 -> -0.037339985 | AD49: P4 | AE49: P8 | AF49: P8 | AG49: 1 | AH49: 0 | AI49: 15699.2 | AJ49: 0 | AK49: =$B$3*AH49*AI49 -> 0 | AL49: =AK49-AJ49 -> 0 | AM49: P6 | AN49: P9 | AO49: 0
D50: P4 | E50: P9 | F50: 2504.17 | H50: P4 | I50: P9 | J50: P6 | K50: 1 | L50: 525.44952 | M50: 2504.17 | N50: 19737224 | O50: =IFERROR(__xludf.DUMMYFUNCTION("FILTER($F$11:$F$110, TRIM($D$11:$D$110) = TRIM(H50), TRIM($E$11:$E$110) = TRIM(I50))"),2504.17) -> 2504.17 | P50: =$B$3*L50*M50 -> 19737224 | Q50: =P50-N50 -> 0.00011361018 | S50: P8 | T50: P6 | U50: P8 | V50: P6 | W50: 1 | X50: 475.50776 | Y50: 121568.92 | Z50: 6.5032836e+08 | AA50: =$B$2*$B$3*X50*Y50 -> 6.5032836e+08 | AB50: =AA50-Z50 -> -0.068567991 | AD50: P4 | AE50: P9 | AF50: P8 | AG50: 1 | AH50: 403.01021 | AI50: 2504.17 | AJ50: 15138091 | AK50: =$B$3*AH50*AI50 -> 15138091 | AL50: =AK50-AJ50 -> -0.0048955735 | AM50: P6 | AN50: P10 | AO50: 0
D51: P4 | E51: P10 | F51: 12387.4 | H51: P4 | I51: P10 | J51: P6 | K51: 1 | L51: 525.44952 | M51: 12387.4 | N51: 97634301 | O51: =IFERROR(__xludf.DUMMYFUNCTION("FILTER($F$11:$F$110, TRIM($D$11:$D$110) = TRIM(H51), TRIM($E$11:$E$110) = TRIM(I51))"),12387.4) -> 12387.4 | P51: =$B$3*L51*M51 -> 97634301 | Q51: =P51-N51 -> -0.00049580634 | S51: P8 | T51: P10 | U51: P8 | V51: P10 | W51: 1 | X51: 658.24512 | Y51: 101245.44 | Z51: 7.4974856e+08 | AA51: =$B$2*$B$3*X51*Y51 -> 7.4974856e+08 | AB51: =AA51-Z51 -> -0.072404146 | AD51: P4 | AE51: P10 | AF51: P10 | AG51: 1 | AH51: 0 | AI51: 12387.4 | AJ51: 0 | AK51: =$B$3*AH51*AI51 -> 0 | AL51: =AK51-AJ51 -> 0 | AM51: P7 | AN51: P8 | AO51: 0
D52: P5 | E52: P1 | F52: 1916.56 | H52: P5 | I52: P1 | J52: P1 | K52: 1 | L52: 1187.8262 | M52: 1916.56 | N52: 34148103 | O52: =IFERROR(__xludf.DUMMYFUNCTION("FILTER($F$11:$F$110, TRIM($D$11:$D$110) = TRIM(H52), TRIM($E$11:$E$110) = TRIM(I52))"),1916.56) -> 1916.56 | P52: =$B$3*L52*M52 -> 34148102 | Q52: =P52-N52 -> -0.011907198 | S52: P9 | T52: P1 | U52: P6 | V52: P1 | W52: 1 | X52: 1362.6505 | Y52: 535.69 | Z52: 8212030.1 | AA52: =$B$2*$B$3*X52*Y52 -> 8212030.1 | AB52: =AA52-Z52 -> 0.00058587641 | AD52: P5 | AE52: P1 | AF52: P1 | AG52: 1 | AH52: 0 | AI52: 1916.56 | AJ52: 0 | AK52: =$B$3*AH52*AI52 -> 0 | AL52: =AK52-AJ52 -> 0 | AM52: P7 | AN52: P9 | AO52: 0
D53: P5 | E53: P2 | F53: 453.68 | H53: P5 | I53: P2 | J53: P6 | K53: 1 | L53: 176.46692 | M53: 453.68 | N53: 1200892.7 | O53: =IFERROR(__xludf.DUMMYFUNCTION("FILTER($F$11:$F$110, TRIM($D$11:$D$110) = TRIM(H53), TRIM($E$11:$E$110) = TRIM(I53))"),453.68) -> 453.68 | P53: =$B$3*L53*M53 -> 1200892.7 | Q53: =P53-N53 -> 0.00044372003 | S53: P9 | T53: P1 | U53: P8 | V53: P6 | W53: 1 | X53: 475.50776 | Y53: 535.69 | Z53: 2865653.5 | AA53: =$B$2*$B$3*X53*Y53 -> 2865653.5 | AB53: =AA53-Z53 -> 0.00016918918 | AD53: P5 | AE53: P2 | AF53: P6 | AG53: 1 | AH53: 966.68146 | AI53: 453.68 | AJ53: 6578460.7 | AK53: =$B$3*AH53*AI53 -> 6578460.7 | AL53: =AK53-AJ53 -> 0.00010628067 | AM53: P7 | AN53: P10 | AO53: 0
D54: P5 | E54: P3 | F54: 821.08 | H54: P5 | I54: P3 | J54: P6 | K54: 1 | L54: 176.46692 | M54: 821.08 | N54: 2173401.8 | O54: =IFERROR(__xludf.DUMMYFUNCTION("FILTER($F$11:$F$110, TRIM($D$11:$D$110) = TRIM(H54), TRIM($E$11:$E$110) = TRIM(I54))"),821.08) -> 821.08 | P54: =$B$3*L54*M54 -> 2173401.8 | Q54: =P54-N54 -> 7.0820097e-05 | S54: P9 | T54: P2 | U54: P8 | V54: P6 | W54: 1 | X54: 475.50776 | Y54: 1238.12 | Z54: 6623276.3 | AA54: =$B$2*$B$3*X54*Y54 -> 6623276.3 | AB54: =AA54-Z54 -> -0.00094456505 | AD54: P5 | AE54: P3 | AF54: P6 | AG54: 1 | AH54: 397.47915 | AI54: 821.08 | AJ54: 4895432.7 | AK54: =$B$3*AH54*AI54 -> 4895432.7 | AL54: =AK54-AJ54 -> -0.00028463919 | AM54: P8 | AN54: P9 | AO54: 0
D55: P5 | E55: P4 | F55: 3869.6 | H55: P5 | I55: P4 | J55: P6 | K55: 1 | L55: 176.46692 | M55: 3869.6 | N55: 10242846 | O55: =IFERROR(__xludf.DUMMYFUNCTION("FILTER($F$11:$F$110, TRIM($D$11:$D$110) = TRIM(H55), TRIM($E$11:$E$110) = TRIM(I55))"),3869.6) -> 3869.6 | P55: =$B$3*L55*M55 -> 10242846 | Q55: =P55-N55 -> -0.0018916018 | S55: P9 | T55: P3 | U55: P8 | V55: P6 | W55: 1 | X55: 475.50776 | Y55: 540.3 | Z55: 2890314.5 | AA55: =$B$2*$B$3*X55*Y55 -> 2890314.5 | AB55: =AA55-Z55 -> -0.00046703778 | AD55: P5 | AE55: P4 | AF55: P6 | AG55: 1 | AH55: 525.44952 | AI55: 3869.6 | AJ55: 30499192 | AK55: =$B$3*AH55*AI55 -> 30499192 | AL55: =AK55-AJ55 -> -0.0034231991 | AM55: P8 | AN55: P10 | AO55: 1
D56: P5 | E56: P5 | F56: 0 | H56: P5 | I56: P5 | J56: P1 | K56: 1 | L56: 1187.8262 | M56: 0 | N56: 0 | O56: =IFERROR(__xludf.DUMMYFUNCTION("FILTER($F$11:$F$110, TRIM($D$11:$D$110) = TRIM(H56), TRIM($E$11:$E$110) = TRIM(I56))"),0.0) -> 0 | P56: =$B$3*L56*M56 -> 0 | Q56: =P56-N56 -> 0 | S56: P9 | T56: P4 | U56: P8 | V56: P6 | W56: 1 | X56: 475.50776 | Y56: 1578.11 | Z56: 8442040 | AA56: =$B$2*$B$3*X56*Y56 -> 8442040 | AB56: =AA56-Z56 -> -0.00071041286 | AD56: P5 | AE56: P5 | AF56: P1 | AG56: 1 | AH56: 1187.8262 | AI56: 0 | AJ56: 0 | AK56: =$B$3*AH56*AI56 -> 0 | AL56: =AK56-AJ56 -> 0 | AM56: P9 | AN56: P10 | AO56: 0
D57: P5 | E57: P6 | F57: 5400.56 | H57: P5 | I57: P6 | J57: P6 | K57: 1 | L57: 176.46692 | M57: 5400.56 | N57: 14295303 | O57: =IFERROR(__xludf.DUMMYFUNCTION("FILTER($F$11:$F$110, TRIM($D$11:$D$110) = TRIM(H57), TRIM($E$11:$E$110) = TRIM(I57))"),5400.56) -> 5400.56 | P57: =$B$3*L57*M57 -> 14295303 | Q57: =P57-N57 -> 0.0061952397 | S57: P9 | T57: P5 | U57: P8 | V57: P6 | W57: 1 | X57: 475.50776 | Y57: 310.92 | Z57: 1663254.8 | AA57: =$B$2*$B$3*X57*Y57 -> 1663254.8 | AB57: =AA57-Z57 -> 0.00015933532 | AD57: P5 | AE57: P6 | AF57: P6 | AG57: 1 | AH57: 0 | AI57: 5400.56 | AJ57: 0 | AK57: =$B$3*AH57*AI57 -> 0 | AL57: =AK57-AJ57 -> 0
D58: P5 | E58: P7 | F58: 977.52 | H58: P5 | I58: P7 | J58: P6 | K58: 1 | L58: 176.46692 | M58: 977.52 | N58: 2587499.1 | O58: =IFERROR(__xludf.DUMMYFUNCTION("FILTER($F$11:$F$110, TRIM($D$11:$D$110) = TRIM(H58), TRIM($E$11:$E$110) = TRIM(I58))"),977.52) -> 977.52 | P58: =$B$3*L58*M58 -> 2587499.1 | Q58: =P58-N58 -> 0.00039107958 | S58: P9 | T58: P6 | U58: P8 | V58: P6 | W58: 1 | X58: 475.50776 | Y58: 2948.54 | Z58: 15773104 | AA58: =$B$2*$B$3*X58*Y58 -> 15773104 | AB58: =AA58-Z58 -> 0.0028723329 | AD58: P5 | AE58: P7 | AF58: P6 | AG58: 1 | AH58: 356.16625 | AI58: 977.52 | AJ58: 5222394.5 | AK58: =$B$3*AH58*AI58 -> 5222394.5 | AL58: =AK58-AJ58 -> -0.0005616406
D59: P5 | E59: P8 | F59: 20364.36 | H59: P5 | I59: P8 | J59: P6 | K59: 1 | L59: 176.46692 | M59: 20364.36 | N59: 53904537 | O59: =IFERROR(__xludf.DUMMYFUNCTION("FILTER($F$11:$F$110, TRIM($D$11:$D$110) = TRIM(H59), TRIM($E$11:$E$110) = TRIM(I59))"),20364.36) -> 20364.36 | P59: =$B$3*L59*M59 -> 53904537 | Q59: =P59-N59 -> 0.0032529384 | S59: P10 | T59: P1 | U59: P6 | V59: P1 | W59: 1 | X59: 1362.6505 | Y59: 29981.56 | Z59: 4.5961185e+08 | AA59: =$B$2*$B$3*X59*Y59 -> 4.5961185e+08 | AB59: =AA59-Z59 -> -0.015001476 | AD59: P5 | AE59: P8 | AF59: P8 | AG59: 1 | AH59: 0 | AI59: 20364.36 | AJ59: 0 | AK59: =$B$3*AH59*AI59 -> 0 | AL59: =AK59-AJ59 -> 0
D60: P5 | E60: P9 | F60: 1191.2 | H60: P5 | I60: P9 | J60: P6 | K60: 1 | L60: 176.46692 | M60: 1191.2 | N60: 3153110.9 | O60: =IFERROR(__xludf.DUMMYFUNCTION("FILTER($F$11:$F$110, TRIM($D$11:$D$110) = TRIM(H60), TRIM($E$11:$E$110) = TRIM(I60))"),1191.2) -> 1191.2 | P60: =$B$3*L60*M60 -> 3153110.9 | Q60: =P60-N60 -> 0.00087479968 | S60: P10 | T60: P1 | U60: P8 | V60: P6 | W60: 1 | X60: 475.50776 | Y60: 29981.56 | Z60: 160385226 | AA60: =$B$2*$B$3*X60*Y60 -> 160385226 | AB60: =AA60-Z60 -> -0.039205074 | AD60: P5 | AE60: P9 | AF60: P8 | AG60: 1 | AH60: 403.01021 | AI60: 1191.2 | AJ60: 7200986.5 | AK60: =$B$3*AH60*AI60 -> 7200986.5 | AL60: =AK60-AJ60 -> -0.00018199906
D61: P5 | E61: P10 | F61: 5911.52 | H61: P5 | I61: P10 | J61: P6 | K61: 1 | L61: 176.46692 | M61: 5911.52 | N61: 15647816 | O61: =IFERROR(__xludf.DUMMYFUNCTION("FILTER($F$11:$F$110, TRIM($D$11:$D$110) = TRIM(H61), TRIM($E$11:$E$110) = TRIM(I61))"),5911.52) -> 5911.52 | P61: =$B$3*L61*M61 -> 15647816 | Q61: =P61-N61 -> -0.0020479206 | S61: P10 | T61: P1 | U61: P10 | V61: P8 | W61: 1 | X61: 658.24512 | Y61: 29981.56 | Z61: 2.2202117e+08 | AA61: =$B$2*$B$3*X61*Y61 -> 2.2202117e+08 | AB61: =AA61-Z61 -> -0.00050193071 | AD61: P5 | AE61: P10 | AF61: P10 | AG61: 1 | AH61: 0 | AI61: 5911.52 | AJ61: 0 | AK61: =$B$3*AH61*AI61 -> 0 | AL61: =AK61-AJ61 -> 0
D62: P6 | E62: P1 | F62: 2334.6 | H62: P6 | I62: P1 | J62: P6 | K62: 1 | L62: 0 | M62: 2334.6 | N62: 0 | O62: =IFERROR(__xludf.DUMMYFUNCTION("FILTER($F$11:$F$110, TRIM($D$11:$D$110) = TRIM(H62), TRIM($E$11:$E$110) = TRIM(I62))"),2334.6) -> 2334.6 | P62: =$B$3*L62*M62 -> 0 | Q62: =P62-N62 -> 0 | S62: P10 | T62: P2 | U62: P8 | V62: P6 | W62: 1 | X62: 475.50776 | Y62: 2231.22 | Z62: 11935827 | AA62: =$B$2*$B$3*X62*Y62 -> 11935827 | AB62: =AA62-Z62 -> 0.0008197967 | AD62: P6 | AE62: P1 | AF62: P1 | AG62: 1 | AH62: 0 | AI62: 2334.6 | AJ62: 0 | AK62: =$B$3*AH62*AI62 -> 0 | AL62: =AK62-AJ62 -> 0
D63: P6 | E63: P2 | F63: 2285.37 | H63: P6 | I63: P2 | J63: P6 | K63: 1 | L63: 0 | M63: 2285.37 | N63: 0 | O63: =IFERROR(__xludf.DUMMYFUNCTION("FILTER($F$11:$F$110, TRIM($D$11:$D$110) = TRIM(H63), TRIM($E$11:$E$110) = TRIM(I63))"),2285.37) -> 2285.37 | P63: =$B$3*L63*M63 -> 0 | Q63: =P63-N63 -> 0 | S63: P10 | T63: P2 | U63: P10 | V63: P8 | W63: 1 | X63: 658.24512 | Y63: 2231.22 | Z63: 16522759 | AA63: =$B$2*$B$3*X63*Y63 -> 16522759 | AB63: =AA63-Z63 -> -0.0056632664 | AD63: P6 | AE63: P2 | AF63: P6 | AG63: 1 | AH63: 966.68146 | AI63: 2285.37 | AJ63: 33138372 | AK63: =$B$3*AH63*AI63 -> 33138372 | AL63: =AK63-AJ63 -> -0.0041056052
D64: P6 | E64: P3 | F64: 2193.32 | H64: P6 | I64: P3 | J64: P6 | K64: 1 | L64: 0 | M64: 2193.32 | N64: 0 | O64: =IFERROR(__xludf.DUMMYFUNCTION("FILTER($F$11:$F$110, TRIM($D$11:$D$110) = TRIM(H64), TRIM($E$11:$E$110) = TRIM(I64))"),2193.32) -> 2193.32 | P64: =$B$3*L64*M64 -> 0 | Q64: =P64-N64 -> 0 | S64: P10 | T64: P3 | U64: P8 | V64: P6 | W64: 1 | X64: 475.50776 | Y64: 3648.96 | Z64: 19519974 | AA64: =$B$2*$B$3*X64*Y64 -> 19519974 | AB64: =AA64-Z64 -> 0.0014654808 | AD64: P6 | AE64: P3 | AF64: P6 | AG64: 1 | AH64: 397.47915 | AI64: 2193.32 | AJ64: 13076985 | AK64: =$B$3*AH64*AI64 -> 13076985 | AL64: =AK64-AJ64 -> 0.0012894422
D65: P6 | E65: P4 | F65: 10240.56 | H65: P6 | I65: P4 | J65: P6 | K65: 1 | L65: 0 | M65: 10240.56 | N65: 0 | O65: =IFERROR(__xludf.DUMMYFUNCTION("FILTER($F$11:$F$110, TRIM($D$11:$D$110) = TRIM(H65), TRIM($E$11:$E$110) = TRIM(I65))"),10240.56) -> 10240.56 | P65: =$B$3*L65*M65 -> 0 | Q65: =P65-N65 -> 0 | S65: P10 | T65: P3 | U65: P10 | V65: P8 | W65: 1 | X65: 658.24512 | Y65: 3648.96 | Z65: 27021489 | AA65: =$B$2*$B$3*X65*Y65 -> 27021489 | AB65: =AA65-Z65 -> -0.0044224374 | AD65: P6 | AE65: P4 | AF65: P6 | AG65: 1 | AH65: 525.44952 | AI65: 10240.56 | AJ65: 80713460 | AK65: =$B$3*AH65*AI65 -> 80713460 | AL65: =AK65-AJ65 -> -0.0040935278
